https://app.neptune.ai/Zhengwei-Lab/NIPSTransferReID/e/NIPS-520
=> merge config from ./configs/clipreid_cvae_kl.yaml
Use only x as input for flow model
Use original kl loss for cvae model
Use centroid as domain embedding
/home/zhengwei/Desktop/Zhengwei/Projects/CVAE/main.py:94: NeptuneUnsupportedType: You're attempting to log a type that is not directly supported by Neptune (<class 'list'>).
        Convert the value to a supported type, such as a string or float, or use stringify_unsupported(obj)
        for dictionaries or collections that contain unsupported values.
        For more, see https://docs.neptune.ai/help/value_of_unsupported_type
  run["parameters"] = param
=> Configurations:
-------------------------
AMP: True
AUG:
  RC_PROB: 0.5
  RE_PROB: 0.5
DATA:
  CUHK03_CLASSIC_SPLIT: False
  CUHK03_LABELED: False
  DATASET: duke
  FORMAT_TAG: tensor
  HEIGHT: 256
  NUM_INSTANCES: 4
  NUM_WORKERS: 4
  ROOT: /home/zhengwei/Desktop/Zhengwei/Projects/datasets
  SPLIT_ID: 0
  TEST_BATCH: 512
  TRAIN_BATCH: 64
  TRAIN_FORMAT: base
  WIDTH: 128
EVAL_MODE: False
GPU: 0
LOSS:
  CLA_LOSS: crossentropylabelsmooth
  CLA_M: 0.0
  CLA_S: 16.0
  PAIR_LOSS: triplet
  PAIR_M: 0.3
  PAIR_S: 16.0
  RECON_LOSS: mse
MODEL:
  CONDITIONAL: False
  FEATURE_DIM: 1280
  FEAT_FUSION: True
  FLOW_TYPE: yuke_mlpflow
  GAUSSIAN: MultivariateNormal
  LATENT_SIZE: 64
  NAME: CVAE
  ONLY_CVAE_KL: True
  ONLY_X_INPUT: True
  PRETRAIN: CLIPreid
  RES4_STRIDE: 1
  RESUME: 
  TRAIN_STAGE: klstage
  USE_CENTROID: True
  VAE_TYPE: cvae
OUTPUT: ./outputs/duke/clipreid_cvae_baseline/2024-04-04/baseline_fp32_l4vaeleakRelu-lre4_64z_yuke_mlpflow_mse
SAVED_NAME: baseline_fp32_l4vaeleakRelu-lre4_64z
SEED: 0
TAG: clipreid_cvae_baseline
TEST:
  DISTANCE: cosine
  EVAL_STEP: 5
  START_EVAL: -1
TRAIN:
  AMP: False
  LR_SCHEDULER:
    DECAY_RATE: 0.1
    NAME: MultiStepLR
    STEPSIZE: [20, 40]
  MAX_EPOCH: 60
  OPTIMIZER:
    LR: 0.0001
    NAME: adam
    WEIGHT_DECAY: 0.0001
  START_EPOCH: 0Warning: string series 'monitoring/48e47e31/stdout' value was longer than 1000 characters and was truncated. This warning is printed only once per series.

----------------------
Initializing dataset duke
Loading cluster results from '/home/zhengwei/Desktop/Zhengwei/Projects/datasets/DukeMTMC-reID/kmeans_results/CLIPreid/train_all_129k_euclidean.pt'
Clustering stastistics: [(0, 73), (1, 78), (2, 121), (3, 100), (4, 100), (5, 145), (6, 187), (7, 146), (8, 152), (9, 133), (10, 210), (11, 84), (12, 88), (13, 77), (14, 141), (15, 124), (16, 148), (17, 42), (18, 100), (19, 157), (20, 71), (21, 120), (22, 162), (23, 57), (24, 87), (25, 106), (26, 99), (27, 55), (28, 93), (29, 114), (30, 209), (31, 190), (32, 122), (33, 95), (34, 56), (35, 103), (36, 96), (37, 173), (38, 289), (39, 174), (40, 221), (41, 93), (42, 32), (43, 143), (44, 44), (45, 83), (46, 150), (47, 59), (48, 121), (49, 232), (50, 109), (51, 112), (52, 73), (53, 29), (54, 71), (55, 109), (56, 74), (57, 56), (58, 424), (59, 89), (60, 70), (61, 228), (62, 151), (63, 187), (64, 192), (65, 134), (66, 130), (67, 163), (68, 146), (69, 206), (70, 231), (71, 194), (72, 173), (73, 189), (74, 157), (75, 158), (76, 49), (77, 75), (78, 74), (79, 62), (80, 90), (81, 137), (82, 79), (83, 92), (84, 100), (85, 140), (86, 122), (87, 123), (88, 160), (89, 194), (90, 140), (91, 107), (92, 259), (93, 98), (94, 129), (95, 239), (96, 125), (97, 63), (98, 124), (99, 90), (100, 129), (101, 46), (102, 116), (103, 86), (104, 341), (105, 110), (106, 99), (107, 102), (108, 154), (109, 100), (110, 231), (111, 175), (112, 53), (113, 177), (114, 195), (115, 137), (116, 59), (117, 183), (118, 174), (119, 84), (120, 83), (121, 111), (122, 93), (123, 210), (124, 171), (125, 40), (126, 87), (127, 86), (128, 109)]
Loading cluster results from '/home/zhengwei/Desktop/Zhengwei/Projects/datasets/DukeMTMC-reID/kmeans_results/CLIPreid/query_129k_euclidean.pt'
Clustering stastistics: [(0, 10), (1, 26), (2, 12), (3, 15), (4, 23), (5, 17), (6, 11), (7, 9), (8, 20), (9, 8), (10, 19), (11, 20), (12, 10), (13, 19), (14, 13), (15, 26), (16, 29), (17, 17), (18, 20), (19, 10), (20, 25), (21, 8), (22, 17), (23, 24), (24, 17), (25, 14), (26, 4), (27, 22), (28, 9), (29, 16), (30, 7), (31, 32), (32, 17), (33, 6), (34, 21), (35, 11), (36, 13), (37, 10), (38, 29), (39, 21), (40, 36), (41, 22), (42, 12), (43, 9), (44, 9), (45, 19), (46, 14), (47, 18), (48, 25), (49, 36), (50, 10), (51, 17), (52, 16), (53, 11), (54, 11), (55, 8), (56, 14), (57, 13), (58, 4), (59, 8), (60, 9), (61, 19), (62, 22), (63, 16), (64, 17), (65, 6), (66, 22), (67, 11), (68, 33), (69, 13), (70, 16), (71, 10), (72, 14), (73, 6), (74, 22), (75, 52), (76, 30), (77, 50), (78, 18), (79, 15), (80, 10), (81, 18), (82, 17), (83, 29), (84, 10), (85, 20), (86, 20), (87, 22), (88, 9), (89, 19), (90, 15), (91, 4), (92, 18), (93, 25), (94, 18), (95, 30), (96, 22), (97, 21), (98, 18), (99, 25), (100, 14), (101, 16), (102, 16), (103, 40), (104, 8), (105, 16), (106, 11), (107, 4), (108, 25), (109, 16), (110, 24), (111, 21), (112, 16), (113, 24), (114, 15), (115, 8), (116, 26), (117, 29), (118, 16), (119, 17), (120, 17), (121, 12), (122, 8), (123, 25), (124, 18), (125, 9), (126, 10), (127, 14), (128, 13)]
Loading cluster results from '/home/zhengwei/Desktop/Zhengwei/Projects/datasets/DukeMTMC-reID/kmeans_results/CLIPreid/gallery_129k_euclidean.pt'
Clustering stastistics: [(0, 182), (1, 102), (2, 138), (3, 100), (4, 241), (5, 140), (6, 101), (7, 152), (8, 101), (9, 147), (10, 53), (11, 131), (12, 59), (13, 124), (14, 200), (15, 154), (16, 72), (17, 110), (18, 167), (19, 60), (20, 63), (21, 113), (22, 177), (23, 99), (24, 113), (25, 189), (26, 201), (27, 138), (28, 224), (29, 88), (30, 194), (31, 50), (32, 131), (33, 186), (34, 130), (35, 206), (36, 63), (37, 110), (38, 99), (39, 225), (40, 226), (41, 167), (42, 239), (43, 142), (44, 104), (45, 191), (46, 98), (47, 114), (48, 192), (49, 89), (50, 111), (51, 192), (52, 87), (53, 150), (54, 111), (55, 126), (56, 319), (57, 82), (58, 299), (59, 80), (60, 72), (61, 100), (62, 109), (63, 124), (64, 76), (65, 166), (66, 113), (67, 145), (68, 147), (69, 24), (70, 116), (71, 160), (72, 77), (73, 112), (74, 88), (75, 128), (76, 63), (77, 76), (78, 234), (79, 135), (80, 138), (81, 125), (82, 175), (83, 168), (84, 185), (85, 153), (86, 164), (87, 43), (88, 68), (89, 84), (90, 121), (91, 63), (92, 95), (93, 206), (94, 163), (95, 151), (96, 117), (97, 61), (98, 253), (99, 121), (100, 222), (101, 183), (102, 175), (103, 239), (104, 85), (105, 25), (106, 256), (107, 138), (108, 78), (109, 55), (110, 239), (111, 106), (112, 225), (113, 148), (114, 142), (115, 273), (116, 105), (117, 94), (118, 99), (119, 234), (120, 223), (121, 200), (122, 161), (123, 113), (124, 112), (125, 154), (126, 76), (127, 83), (128, 47)]
=> DukeMTMC-reID tensor loaded
Dataset statistics:
  ------------------------------
  subset   | # ids | # images
  ------------------------------
  train    |   702 |    16522
  query    |   702 |     2228
  gallery  |  1110 |    17661
  ------------------------------
  total    |  1404 |    36411
  ------------------------------
Initializing Flow model: yuke_mlpflow
Initializing vae model: cvae
Model size: 2.42483M
Using MLPClassBlock with hiidem_dim_list: [64, 128, 256, 512]
Classifier size: 0.53555M
=> Start training
=> centroids.dtype: torch.float32
=> Only CVAE KL
=> Use Multivariate Gaussian As the Prior
image_tensor: tensor([-0.0219, -0.0346,  0.0277,  ...,  0.0021,  0.0164,  0.0044],
       device='cuda:0')
x_proj_norm.shape:torch.Size([64, 64]), tensor([-0.0190, -0.0009,  0.3149, -0.0155,  0.1004, -0.0103, -0.0033, -0.0034,
        -0.0262,  0.0483,  0.2054, -0.0044, -0.0263,  0.2300,  0.0096,  0.0066,
        -0.0245, -0.0030,  0.2964, -0.0304, -0.0028, -0.0151, -0.0411, -0.0036,
         0.1089, -0.0043, -0.0143, -0.0063,  0.1517, -0.0025,  0.0903, -0.0007,
         0.3065,  0.2367, -0.0042,  0.2401, -0.0101,  0.2112, -0.0066,  0.3036,
         0.2019,  0.1208, -0.0399,  0.1390, -0.0227,  0.3244,  0.0752,  0.2056,
         0.1627, -0.0061, -0.0090,  0.0230,  0.2010,  0.0259,  0.0694, -0.0048,
        -0.0087, -0.0133, -0.0342, -0.0192, -0.0021, -0.0006, -0.0043,  0.0842],
       device='cuda:0', grad_fn=<SliceBackward0>)
domian_feature+Z: tensor([[ 0.1935,  0.1221, -0.0438,  0.0710,  0.0404, -0.1261, -0.0587,  0.1469,
          0.1322, -0.0190],
        [ 0.1935,  0.1221, -0.0438,  0.0710,  0.0404, -0.1261, -0.0587,  0.1469,
          0.1322, -0.0009]], device='cuda:0', grad_fn=<SliceBackward0>)
Epoch:1 Time:126.3 Data:0.0 Loss:0.0004 Cls Loss:6.5539 Cls Loss Theta:6.5540 Pair Loss:0.2998 KL Loss:61.2316 KLD Theta:61.2316 Recon Loss:0.0004 Acc:0.0010 Theta Acc:0.0013 
=> centroids.dtype: torch.float32
=> Only CVAE KL
=> Use Multivariate Gaussian As the Prior
image_tensor: tensor([-0.0260, -0.0231,  0.0260,  ...,  0.0219,  0.0047,  0.0010],
       device='cuda:0')
x_proj_norm.shape:torch.Size([64, 64]), tensor([ 1.2952e-02,  1.7271e-02,  2.8367e-01, -9.5188e-03,  4.0627e-02,
        -8.0383e-03, -6.1448e-03, -1.5746e-02, -2.4510e-02,  6.8165e-02,
         2.0659e-01,  5.7882e-02, -2.7871e-02,  2.3333e-01,  2.8844e-02,
         5.1831e-02, -1.2651e-02,  7.9745e-02,  3.2171e-01, -1.0924e-02,
         7.6634e-03, -8.0456e-03, -3.0788e-02, -6.0789e-03,  1.2868e-01,
         5.2985e-02, -9.2671e-03, -4.2101e-03,  1.6778e-01, -5.2450e-03,
         1.0347e-01,  3.2504e-02,  3.2323e-01,  1.1448e-01, -8.9334e-05,
         1.5437e-01, -2.0302e-02,  1.6981e-01, -1.7840e-02,  2.2951e-01,
         3.2564e-01,  1.5734e-01, -2.4789e-02,  8.7126e-02, -1.5168e-02,
         2.2827e-01,  7.5308e-02,  1.7029e-01,  1.7155e-01, -1.1575e-02,
        -1.2574e-02,  1.0651e-01,  3.2208e-01,  2.0759e-02,  8.6360e-02,
        -5.8216e-03, -3.4656e-03, -5.3844e-03, -2.5707e-02, -3.1475e-02,
         6.4560e-02,  5.4080e-02, -4.8479e-03,  1.5842e-01], device='cuda:0',
       grad_fn=<SliceBackward0>)
domian_feature+Z: tensor([[ 0.1152, -0.0061, -0.1312,  0.0066,  0.1524, -0.1159, -0.0923, -0.0446,
          0.0808,  0.0130],
        [ 0.1152, -0.0061, -0.1312,  0.0066,  0.1524, -0.1159, -0.0923, -0.0446,
          0.0808,  0.0173]], device='cuda:0', grad_fn=<SliceBackward0>)
Epoch:2 Time:97.4 Data:0.0 Loss:0.0002 Cls Loss:6.5539 Cls Loss Theta:6.5540 Pair Loss:0.2964 KL Loss:61.1458 KLD Theta:61.1458 Recon Loss:0.0002 Acc:0.0029 Theta Acc:0.0013 
=> centroids.dtype: torch.float32
=> Only CVAE KL
=> Use Multivariate Gaussian As the Prior
image_tensor: tensor([-0.0332, -0.0240,  0.0215,  ...,  0.0157,  0.0181,  0.0038],
       device='cuda:0')
x_proj_norm.shape:torch.Size([64, 64]), tensor([-5.1535e-03,  6.8841e-02,  9.1456e-02, -1.5439e-02,  2.0012e-01,
         8.3755e-02, -9.0791e-03, -9.4868e-03, -1.6062e-02,  9.0408e-02,
         1.2872e-01,  1.7017e-01, -1.5778e-02,  2.6473e-01,  8.0588e-02,
         1.2607e-01, -1.4628e-02,  4.5650e-02,  1.4834e-01, -1.6024e-02,
        -1.1112e-03,  5.3450e-05, -3.3864e-02, -2.5308e-03, -4.3702e-03,
         9.3897e-02, -1.2483e-02, -1.4568e-02,  1.9782e-01, -1.3435e-02,
         2.0576e-01,  4.0149e-02,  1.6604e-01,  5.9195e-02, -5.2937e-03,
         1.2849e-01, -1.9798e-02,  1.9884e-01, -1.3042e-02,  1.1147e-01,
         1.2560e-01,  1.2895e-01, -1.5200e-02, -6.7320e-03, -1.9604e-02,
         1.9275e-01,  1.6625e-01,  3.0807e-01,  2.3075e-01, -1.4565e-02,
        -1.0395e-02,  2.5046e-01,  3.3768e-01,  4.9458e-02,  2.4469e-01,
         8.1633e-02,  3.3120e-02, -2.0608e-02, -1.4688e-02, -3.3453e-02,
         1.9802e-01,  6.8098e-02,  3.5254e-02,  1.8544e-01], device='cuda:0',
       grad_fn=<SliceBackward0>)
domian_feature+Z: tensor([[ 0.0945,  0.0343, -0.0711,  0.0463, -0.0517, -0.1546, -0.0183,  0.0551,
          0.0791, -0.0052],
        [ 0.0945,  0.0343, -0.0711,  0.0463, -0.0517, -0.1546, -0.0183,  0.0551,
          0.0791,  0.0688]], device='cuda:0', grad_fn=<SliceBackward0>)
Epoch:3 Time:97.4 Data:0.0 Loss:0.0002 Cls Loss:6.5540 Cls Loss Theta:6.5539 Pair Loss:0.2713 KL Loss:60.8679 KLD Theta:60.8679 Recon Loss:0.0002 Acc:0.0011 Theta Acc:0.0010 
=> centroids.dtype: torch.float32
=> Only CVAE KL
=> Use Multivariate Gaussian As the Prior
image_tensor: tensor([-0.0231,  0.0052,  0.0313,  ..., -0.0003,  0.0284,  0.0013],
       device='cuda:0')
x_proj_norm.shape:torch.Size([64, 64]), tensor([ 5.0775e-02,  3.7775e-02, -2.5928e-03, -1.3417e-02,  2.9750e-01,
         6.2363e-02, -9.6053e-03, -6.8881e-03, -1.0492e-02,  2.6980e-01,
         4.9304e-02,  6.7374e-02, -2.8868e-03, -4.9516e-05,  6.2217e-02,
         6.0767e-02, -1.3574e-02,  1.1996e-01,  1.4298e-01, -7.9042e-03,
         4.4858e-02, -7.8833e-03, -2.4357e-02, -1.1385e-02,  1.6797e-01,
        -7.7884e-03,  7.5696e-02, -9.0477e-03,  1.4281e-01, -1.1012e-02,
         3.4456e-01,  2.0355e-01,  1.3236e-01,  4.4611e-02,  4.9017e-02,
         1.4550e-01, -2.9711e-03,  4.7876e-02, -3.5569e-03,  2.7987e-01,
         1.6149e-01,  1.6715e-01, -1.3390e-02,  2.5010e-01,  5.6854e-03,
         2.6555e-01,  5.0060e-02,  1.3743e-01,  1.9046e-01, -1.4827e-02,
         3.8579e-02,  2.2001e-01, -1.3771e-03,  8.0514e-02,  2.4800e-01,
         2.1894e-02, -3.0193e-04, -7.6621e-03, -8.7259e-03, -5.2045e-03,
         2.2658e-01,  3.6788e-02,  4.4358e-03,  1.5184e-01], device='cuda:0',
       grad_fn=<SliceBackward0>)
domian_feature+Z: tensor([[ 0.0690,  0.0835, -0.0937, -0.0049,  0.0705, -0.2236, -0.0552,  0.0161,
          0.1297,  0.0508],
        [ 0.0690,  0.0835, -0.0937, -0.0049,  0.0705, -0.2236, -0.0552,  0.0161,
          0.1297,  0.0378]], device='cuda:0', grad_fn=<SliceBackward0>)
Epoch:4 Time:101.3 Data:0.0 Loss:0.0002 Cls Loss:6.5540 Cls Loss Theta:6.5539 Pair Loss:0.2428 KL Loss:60.6470 KLD Theta:60.6470 Recon Loss:0.0002 Acc:0.0001 Theta Acc:0.0016 
=> centroids.dtype: torch.float32
=> Only CVAE KL
=> Use Multivariate Gaussian As the Prior
image_tensor: tensor([-0.0324,  0.0061,  0.0155,  ...,  0.0102,  0.0042,  0.0133],
       device='cuda:0')
x_proj_norm.shape:torch.Size([64, 64]), tensor([ 0.0112,  0.0902,  0.1025, -0.0050,  0.1423,  0.0709, -0.0067,  0.0674,
        -0.0076,  0.2035, -0.0008,  0.0433, -0.0046,  0.1795,  0.0996,  0.2091,
        -0.0100,  0.1218,  0.1806, -0.0104,  0.0745,  0.0021, -0.0100,  0.0016,
         0.2426,  0.0059,  0.0301, -0.0092,  0.2690, -0.0117,  0.3174,  0.0958,
         0.2265,  0.1213,  0.0208,  0.0837, -0.0100,  0.2055, -0.0100, -0.0022,
         0.0123,  0.0036, -0.0019,  0.1110, -0.0049,  0.2487, -0.0065, -0.0060,
         0.1709, -0.0092,  0.1345,  0.1829,  0.2821,  0.1402,  0.3481,  0.0133,
         0.0812, -0.0085, -0.0007, -0.0093,  0.1095,  0.0542,  0.0377,  0.1079],
       device='cuda:0', grad_fn=<SliceBackward0>)
domian_feature+Z: tensor([[ 0.1152, -0.0061, -0.1312,  0.0066,  0.1524, -0.1159, -0.0923, -0.0446,
          0.0808,  0.0112],
        [ 0.1152, -0.0061, -0.1312,  0.0066,  0.1524, -0.1159, -0.0923, -0.0446,
          0.0808,  0.0902]], device='cuda:0', grad_fn=<SliceBackward0>)
Epoch:5 Time:96.8 Data:0.0 Loss:0.0001 Cls Loss:6.5540 Cls Loss Theta:6.5539 Pair Loss:0.2340 KL Loss:60.6338 KLD Theta:60.6338 Recon Loss:0.0001 Acc:0.0000 Theta Acc:0.0023 
=> Test at epoch 5
Extracted features for query set, obtained torch.Size([2228, 64]) matrix
Extracted features for gallery set, obtained torch.Size([17661, 64]) matrix
Extracting features complete in 0m 11s
Distance computing in 0m 0s
Computing CMC and mAP
Results ---------------------------------------------------
top1:80.2% top5:89.8% top10:92.3% top20:94.3% mAP:65.7%
-----------------------------------------------------------
Using 0m 3s
=> centroids.dtype: torch.float32
=> Only CVAE KL
=> Use Multivariate Gaussian As the Prior
image_tensor: tensor([-0.0472, -0.0128,  0.0253,  ...,  0.0039,  0.0198, -0.0007],
       device='cuda:0')
x_proj_norm.shape:torch.Size([64, 64]), tensor([-6.6547e-03, -2.7583e-03,  3.7636e-01, -2.8790e-03,  1.7072e-01,
         1.4718e-01, -5.8763e-03,  1.3844e-02, -7.0557e-03,  7.0187e-02,
         2.5810e-02, -4.7928e-03, -3.3910e-03,  1.6589e-01,  1.6085e-01,
         5.0249e-02, -8.8761e-03,  1.4337e-02, -2.0601e-02, -9.9611e-03,
         1.8009e-01, -6.1480e-03, -9.5919e-03, -8.0000e-03,  1.1959e-01,
         4.1132e-02,  6.2475e-02, -2.7941e-03,  2.8998e-01, -7.7663e-03,
         1.9314e-01,  4.3871e-02,  8.3470e-02,  1.7923e-01,  7.2992e-02,
         3.4577e-01, -1.1468e-02,  1.9436e-02, -6.9379e-03,  1.3768e-01,
         6.9130e-02,  4.8615e-02, -9.1697e-03, -8.6093e-03, -3.5735e-03,
         1.1703e-01, -3.4460e-03, -5.4617e-03,  4.2109e-01, -4.7987e-03,
         1.6338e-01, -3.7497e-04,  8.5489e-02,  2.4818e-01,  2.4130e-01,
         6.5405e-02, -5.7773e-03, -5.4856e-03, -2.2217e-03, -8.7934e-03,
         8.5151e-02,  1.1818e-01,  8.6295e-02,  1.2064e-02], device='cuda:0',
       grad_fn=<SliceBackward0>)
domian_feature+Z: tensor([[-0.0572, -0.0061,  0.0950, -0.0267,  0.0871, -0.1939, -0.1271,  0.0414,
         -0.0269, -0.0067],
        [-0.0572, -0.0061,  0.0950, -0.0267,  0.0871, -0.1939, -0.1271,  0.0414,
         -0.0269, -0.0028]], device='cuda:0', grad_fn=<SliceBackward0>)
Epoch:6 Time:95.5 Data:0.0 Loss:0.0001 Cls Loss:6.5540 Cls Loss Theta:6.5539 Pair Loss:0.2267 KL Loss:60.6736 KLD Theta:60.6736 Recon Loss:0.0001 Acc:0.0001 Theta Acc:0.0012 
=> centroids.dtype: torch.float32
=> Only CVAE KL
=> Use Multivariate Gaussian As the Prior
image_tensor: tensor([-0.0481, -0.0090,  0.0196,  ...,  0.0001,  0.0146, -0.0012],
       device='cuda:0')
x_proj_norm.shape:torch.Size([64, 64]), tensor([ 6.3506e-02,  9.6980e-02,  1.8480e-01, -2.2873e-03,  8.1411e-02,
         8.7729e-02, -8.6486e-03, -2.8233e-03, -9.3822e-04,  5.8983e-02,
         1.6443e-01,  4.9247e-02, -3.0172e-03,  5.3789e-02,  1.1308e-01,
         5.6569e-02, -3.5425e-03, -9.4894e-03,  2.7809e-01, -2.7790e-04,
         1.5501e-01, -4.7119e-03, -5.3223e-03, -2.7953e-03,  1.2193e-01,
         6.7246e-02, -4.8985e-03,  3.2218e-02,  9.0232e-03, -3.3235e-03,
         2.1031e-01,  4.2090e-02,  6.4877e-02,  2.4577e-01,  3.5455e-02,
         2.1583e-01, -6.3431e-03, -2.3062e-02, -3.8898e-03,  1.2861e-01,
         1.1252e-01,  2.3628e-01, -8.4715e-03,  3.0045e-02, -4.9440e-03,
         2.3233e-01,  2.6190e-01,  2.0607e-01,  1.5838e-01, -3.0608e-04,
         1.4964e-02, -5.2467e-03,  3.3640e-01,  2.3433e-01,  2.6833e-01,
         3.7992e-02,  4.7876e-03, -4.3032e-03,  3.0633e-02, -5.7662e-03,
         9.6693e-02,  1.4336e-01,  9.3440e-03,  2.3687e-01], device='cuda:0',
       grad_fn=<SliceBackward0>)
domian_feature+Z: tensor([[ 0.1699,  0.0763, -0.0743, -0.0665,  0.0806, -0.1155, -0.0769,  0.0034,
          0.0407,  0.0635],
        [ 0.1699,  0.0763, -0.0743, -0.0665,  0.0806, -0.1155, -0.0769,  0.0034,
          0.0407,  0.0970]], device='cuda:0', grad_fn=<SliceBackward0>)
Epoch:7 Time:97.7 Data:0.0 Loss:0.0001 Cls Loss:6.5539 Cls Loss Theta:6.5539 Pair Loss:0.2275 KL Loss:60.6823 KLD Theta:60.6823 Recon Loss:0.0001 Acc:0.0000 Theta Acc:0.0007 
=> centroids.dtype: torch.float32
=> Only CVAE KL
=> Use Multivariate Gaussian As the Prior
image_tensor: tensor([-0.0014,  0.0193,  0.0384,  ...,  0.0042,  0.0175,  0.0021],
       device='cuda:0')
x_proj_norm.shape:torch.Size([64, 64]), tensor([-0.0035,  0.1131, -0.0070, -0.0019,  0.4773,  0.1037, -0.0034,  0.0780,
        -0.0036,  0.0673,  0.0430,  0.1193,  0.0042, -0.0045,  0.0552,  0.0358,
        -0.0032,  0.1852,  0.0178, -0.0047,  0.0876, -0.0021, -0.0102, -0.0103,
         0.1151,  0.0199,  0.0483,  0.0247,  0.1508, -0.0029,  0.1826, -0.0082,
         0.1167,  0.2999,  0.1095,  0.2127, -0.0026,  0.4451, -0.0008,  0.0032,
        -0.0029,  0.0443, -0.0062,  0.1127, -0.0025,  0.1675, -0.0051,  0.2556,
         0.0277, -0.0087, -0.0008,  0.1373, -0.0045, -0.0055,  0.0777,  0.0483,
         0.0888, -0.0020, -0.0048, -0.0046,  0.2640,  0.1440,  0.0921,  0.0156],
       device='cuda:0', grad_fn=<SliceBackward0>)
domian_feature+Z: tensor([[ 0.1720,  0.0968, -0.2163,  0.0511,  0.0382, -0.1264, -0.0604,  0.0871,
          0.2149, -0.0035],
        [ 0.1720,  0.0968, -0.2163,  0.0511,  0.0382, -0.1264, -0.0604,  0.0871,
          0.2149,  0.1131]], device='cuda:0', grad_fn=<SliceBackward0>)
Epoch:8 Time:98.5 Data:0.0 Loss:0.0001 Cls Loss:6.5539 Cls Loss Theta:6.5539 Pair Loss:0.2276 KL Loss:60.6657 KLD Theta:60.6657 Recon Loss:0.0001 Acc:0.0000 Theta Acc:0.0010 
=> centroids.dtype: torch.float32
=> Only CVAE KL
=> Use Multivariate Gaussian As the Prior
image_tensor: tensor([ 0.0119, -0.0149,  0.0068,  ...,  0.0084,  0.0131,  0.0155],
       device='cuda:0')
x_proj_norm.shape:torch.Size([64, 64]), tensor([-0.0005,  0.0070,  0.0889, -0.0004,  0.1656,  0.0957, -0.0038,  0.0879,
        -0.0014,  0.0403,  0.2951,  0.0383, -0.0009,  0.1562,  0.1697,  0.0115,
        -0.0012, -0.0167, -0.0012, -0.0027, -0.0027, -0.0015, -0.0015, -0.0062,
         0.2112,  0.1214,  0.0218,  0.0285,  0.1423, -0.0007,  0.3135,  0.0318,
         0.0390,  0.3213,  0.0140,  0.2054, -0.0012,  0.3027, -0.0028,  0.0478,
        -0.0039,  0.0786, -0.0020,  0.1614, -0.0011,  0.1073,  0.2112,  0.2512,
         0.0409,  0.0041,  0.1099, -0.0046,  0.2590,  0.2074,  0.2019,  0.0088,
         0.0229, -0.0033,  0.0629,  0.0016,  0.0685,  0.0934,  0.0512,  0.2141],
       device='cuda:0', grad_fn=<SliceBackward0>)
domian_feature+Z: tensor([[ 0.1337, -0.0219, -0.0904, -0.0239,  0.0882, -0.2477, -0.0784,  0.0462,
          0.1306, -0.0005],
        [ 0.1337, -0.0219, -0.0904, -0.0239,  0.0882, -0.2477, -0.0784,  0.0462,
          0.1306,  0.0070]], device='cuda:0', grad_fn=<SliceBackward0>)
Epoch:9 Time:97.9 Data:0.0 Loss:0.0001 Cls Loss:6.5539 Cls Loss Theta:6.5539 Pair Loss:0.2284 KL Loss:60.6279 KLD Theta:60.6279 Recon Loss:0.0001 Acc:0.0001 Theta Acc:0.0010 
=> centroids.dtype: torch.float32
=> Only CVAE KL
=> Use Multivariate Gaussian As the Prior
image_tensor: tensor([-0.0247, -0.0211,  0.0126,  ..., -0.0091,  0.0295,  0.0005],
       device='cuda:0')
x_proj_norm.shape:torch.Size([64, 64]), tensor([ 6.5682e-05, -9.6982e-04,  8.2578e-02, -3.0757e-04,  1.4697e-01,
         8.6911e-02, -2.3278e-03, -1.0931e-03, -1.2698e-03,  1.6196e-01,
         2.9528e-01,  1.0082e-01, -1.3162e-03,  5.4044e-02,  2.0521e-01,
         7.7164e-02, -9.4383e-04, -1.4644e-02,  6.5705e-02, -6.8428e-04,
         4.0644e-02, -7.8275e-04, -2.6731e-03, -5.7981e-03, -6.4313e-03,
         6.9189e-02,  1.3907e-02,  1.2979e-02,  1.9190e-01,  3.2405e-03,
         2.0866e-01, -2.5917e-03,  1.5230e-01,  1.9606e-01,  1.0301e-01,
         2.6609e-01, -9.2670e-04,  2.0307e-01, -1.2650e-04, -2.5909e-03,
         1.5285e-01,  3.2201e-01, -1.1589e-03,  2.5075e-01, -1.4866e-03,
         2.4884e-01,  5.6446e-02,  2.6891e-01,  1.6340e-01, -3.1921e-03,
         4.2792e-03,  3.9069e-02,  1.1175e-01,  1.7636e-01,  2.2227e-01,
        -3.7353e-03, -1.9889e-03, -2.1649e-03,  2.2563e-02, -2.8178e-03,
         1.6526e-01,  1.2910e-01,  8.8077e-02,  1.1147e-01], device='cuda:0',
       grad_fn=<SliceBackward0>)
domian_feature+Z: tensor([[ 1.0062e-01,  9.4993e-02, -1.0396e-02, -5.9904e-03, -4.2461e-03,
         -2.1372e-01, -8.2008e-02,  7.2946e-02,  1.4078e-01,  6.5682e-05],
        [ 1.0062e-01,  9.4993e-02, -1.0396e-02, -5.9904e-03, -4.2461e-03,
         -2.1372e-01, -8.2008e-02,  7.2946e-02,  1.4078e-01, -9.6982e-04]],
       device='cuda:0', grad_fn=<SliceBackward0>)
Epoch:10 Time:98.8 Data:0.0 Loss:0.0001 Cls Loss:6.5539 Cls Loss Theta:6.5539 Pair Loss:0.2306 KL Loss:60.6078 KLD Theta:60.6078 Recon Loss:0.0001 Acc:0.0001 Theta Acc:0.0012 
=> Test at epoch 10
Extracted features for query set, obtained torch.Size([2228, 64]) matrix
Extracted features for gallery set, obtained torch.Size([17661, 64]) matrix
Extracting features complete in 0m 10s
Distance computing in 0m 0s
Computing CMC and mAP
Results ---------------------------------------------------
top1:83.0% top5:90.9% top10:93.1% top20:94.9% mAP:68.7%
-----------------------------------------------------------
Using 0m 3s
=> centroids.dtype: torch.float32
=> Only CVAE KL
=> Use Multivariate Gaussian As the Prior
image_tensor: tensor([ 0.0135, -0.0063,  0.0252,  ..., -0.0021,  0.0068, -0.0004],
       device='cuda:0')
x_proj_norm.shape:torch.Size([64, 64]), tensor([-9.3795e-04, -4.2186e-04,  1.2107e-01, -1.3880e-03,  1.0771e-01,
         5.4319e-02, -2.7968e-04,  8.0511e-02, -1.1494e-03,  4.3151e-02,
         1.9398e-01,  8.0607e-02, -4.4619e-04,  8.8168e-02,  1.6200e-01,
         9.6720e-02,  4.6062e-04,  7.7430e-03,  1.2556e-01, -8.9947e-04,
         9.7203e-02,  1.7768e-03,  1.0181e-03, -9.2667e-04,  2.4640e-01,
         4.4430e-02,  7.9673e-03,  1.2810e-02,  1.1355e-01, -1.8755e-03,
         1.4531e-01,  2.6590e-02,  3.1830e-02,  3.8048e-01,  7.1175e-02,
         1.4051e-01, -1.5871e-04,  1.3884e-01, -4.9042e-04,  1.8260e-01,
         1.0785e-01,  2.1200e-01, -1.1146e-03,  3.0678e-01, -6.2045e-04,
         2.8271e-01,  2.8970e-01,  7.4350e-02,  5.0541e-02, -8.9899e-05,
         1.1255e-02,  1.5508e-01,  1.8581e-01,  1.5840e-01,  2.7507e-01,
        -4.7116e-03, -2.3779e-03, -8.4004e-04,  3.3825e-02, -3.2289e-04,
        -1.0225e-03,  1.8356e-01,  1.0868e-01, -1.6354e-03], device='cuda:0',
       grad_fn=<SliceBackward0>)
domian_feature+Z: tensor([[ 0.1904,  0.0016, -0.0456,  0.0355,  0.0587, -0.2139, -0.1532,  0.0879,
          0.1203, -0.0009],
        [ 0.1904,  0.0016, -0.0456,  0.0355,  0.0587, -0.2139, -0.1532,  0.0879,
          0.1203, -0.0004]], device='cuda:0', grad_fn=<SliceBackward0>)
Epoch:11 Time:98.2 Data:0.0 Loss:0.0001 Cls Loss:6.5539 Cls Loss Theta:6.5539 Pair Loss:0.2324 KL Loss:60.6578 KLD Theta:60.6578 Recon Loss:0.0001 Acc:0.0001 Theta Acc:0.0014 
=> centroids.dtype: torch.float32
=> Only CVAE KL
=> Use Multivariate Gaussian As the Prior
image_tensor: tensor([-0.0211, -0.0467,  0.0162,  ...,  0.0101,  0.0107,  0.0097],
       device='cuda:0')
x_proj_norm.shape:torch.Size([64, 64]), tensor([-4.2665e-04,  3.8950e-02,  1.7312e-01, -2.4335e-04, -1.1224e-03,
         4.5638e-02,  1.1516e-04,  4.6717e-02, -5.6751e-04,  1.1112e-01,
         1.3029e-01,  9.5714e-02, -3.3128e-04,  3.0390e-01,  1.2094e-01,
         1.7629e-01, -1.3930e-04,  1.0861e-02,  1.6584e-02, -9.7883e-04,
         6.8028e-02, -4.5650e-04, -4.4478e-04,  9.2709e-03,  2.2679e-01,
         7.9962e-02,  2.4584e-02,  8.7286e-03,  2.5505e-01, -6.9979e-04,
         1.8118e-01,  4.3359e-02,  1.8894e-01,  3.0496e-01,  1.7486e-02,
         1.4573e-01, -7.4955e-04,  8.5371e-02, -5.1934e-04,  5.7202e-02,
         1.0418e-01,  2.0340e-01, -8.0144e-04,  6.7203e-02, -4.1546e-04,
         3.7578e-01,  1.8240e-01,  1.4076e-01,  3.9385e-02, -1.1559e-03,
         1.5883e-02,  1.7285e-01,  2.8614e-01,  6.1337e-02,  2.2417e-01,
         7.4254e-03, -3.9126e-04, -5.1497e-04, -4.1602e-03, -3.4299e-04,
         1.1999e-01,  1.4446e-01,  9.1337e-02,  3.4346e-02], device='cuda:0',
       grad_fn=<SliceBackward0>)
domian_feature+Z: tensor([[ 0.1590,  0.0712, -0.0261, -0.0104,  0.0320, -0.2209, -0.1603,  0.0596,
          0.1442, -0.0004],
        [ 0.1590,  0.0712, -0.0261, -0.0104,  0.0320, -0.2209, -0.1603,  0.0596,
          0.1442,  0.0389]], device='cuda:0', grad_fn=<SliceBackward0>)
Epoch:12 Time:96.2 Data:0.0 Loss:0.0001 Cls Loss:6.5539 Cls Loss Theta:6.5539 Pair Loss:0.2316 KL Loss:60.6387 KLD Theta:60.6387 Recon Loss:0.0001 Acc:0.0003 Theta Acc:0.0014 
=> centroids.dtype: torch.float32
=> Only CVAE KL
=> Use Multivariate Gaussian As the Prior
image_tensor: tensor([-0.0207, -0.0467,  0.0489,  ..., -0.0062,  0.0159,  0.0020],
       device='cuda:0')
x_proj_norm.shape:torch.Size([64, 64]), tensor([-3.9901e-03, -1.5740e-02,  5.7964e-02, -1.1241e-04,  1.7419e-01,
         5.0690e-02, -1.8628e-04,  3.1953e-02, -6.1255e-05,  1.5471e-01,
         1.6910e-01,  4.1732e-02, -1.3794e-04,  2.2246e-01,  2.3580e-01,
         1.4600e-02, -4.1679e-04, -8.7356e-03,  1.7769e-01, -2.7529e-04,
        -1.7660e-02, -4.8342e-05, -1.9820e-04, -2.3002e-03,  1.2120e-01,
         4.3159e-02,  2.6742e-03, -1.8074e-03,  3.0779e-01, -3.6336e-05,
         3.0031e-01,  1.7812e-01,  1.5403e-01,  1.4857e-01, -5.1570e-03,
         1.1384e-01, -2.9161e-06,  1.5578e-01, -1.3931e-04,  4.4514e-02,
         9.8161e-02,  2.1054e-01, -7.4733e-05,  2.5470e-01, -1.2497e-04,
         8.9049e-02,  2.1295e-01,  2.7226e-01,  1.4800e-01, -4.5222e-04,
         6.2786e-02,  2.5243e-01,  1.9112e-01,  1.2242e-01,  5.6708e-02,
        -4.1342e-03, -6.4442e-04, -1.2113e-04,  1.1759e-02, -5.1653e-05,
         1.9401e-01,  4.4115e-02,  5.8946e-02,  1.3730e-01], device='cuda:0',
       grad_fn=<SliceBackward0>)
domian_feature+Z: tensor([[ 0.1413, -0.0463, -0.0958,  0.1004,  0.0955, -0.1457, -0.0785, -0.0006,
          0.1348, -0.0040],
        [ 0.1413, -0.0463, -0.0958,  0.1004,  0.0955, -0.1457, -0.0785, -0.0006,
          0.1348, -0.0157]], device='cuda:0', grad_fn=<SliceBackward0>)
Epoch:13 Time:98.7 Data:0.0 Loss:0.0001 Cls Loss:6.5539 Cls Loss Theta:6.5539 Pair Loss:0.2324 KL Loss:60.6115 KLD Theta:60.6115 Recon Loss:0.0001 Acc:0.0003 Theta Acc:0.0008 
=> centroids.dtype: torch.float32
=> Only CVAE KL
=> Use Multivariate Gaussian As the Prior
image_tensor: tensor([-0.0134, -0.0350,  0.0146,  ...,  0.0035,  0.0286,  0.0141],
       device='cuda:0')
x_proj_norm.shape:torch.Size([64, 64]), tensor([ 1.3434e-02, -1.3760e-02,  1.3747e-01, -2.2978e-07,  2.1943e-02,
         6.8827e-02, -1.7485e-05, -1.9055e-03, -8.0333e-05, -4.0643e-03,
         1.0328e-01, -2.6508e-03, -8.7552e-05,  3.0650e-01,  1.1329e-01,
         8.4747e-02, -9.8002e-05,  8.3576e-04,  1.7681e-01, -1.2610e-05,
         4.9444e-02,  1.1088e-05,  1.3439e-05, -6.4412e-04,  2.7776e-01,
         4.7767e-02, -3.3297e-03,  2.4839e-03,  1.6236e-01, -4.5184e-05,
         1.3619e-01,  4.7256e-02, -6.0523e-03,  3.2293e-01, -1.0565e-02,
         1.8842e-01, -6.4042e-05,  1.0738e-01,  6.1495e-07,  3.1096e-01,
         8.7260e-02,  4.4947e-02, -5.9039e-05,  3.2934e-02, -8.1724e-06,
         1.8472e-01,  2.4427e-01,  2.3875e-01,  7.3818e-02, -2.3616e-04,
         2.0917e-02,  7.7311e-02,  3.3935e-01,  6.1805e-02,  2.9179e-01,
        -1.1163e-03, -1.2321e-04, -6.0234e-05, -2.3770e-03, -9.9198e-05,
         8.7894e-02,  4.3377e-02, -5.4559e-03,  2.3496e-01], device='cuda:0',
       grad_fn=<SliceBackward0>)
domian_feature+Z: tensor([[ 0.0839,  0.0288, -0.0575, -0.0530,  0.0664, -0.1930, -0.1558,  0.0418,
          0.0373,  0.0134],
        [ 0.0839,  0.0288, -0.0575, -0.0530,  0.0664, -0.1930, -0.1558,  0.0418,
          0.0373, -0.0138]], device='cuda:0', grad_fn=<SliceBackward0>)
Epoch:14 Time:101.7 Data:0.0 Loss:0.0001 Cls Loss:6.5539 Cls Loss Theta:6.5539 Pair Loss:0.2333 KL Loss:60.5809 KLD Theta:60.5809 Recon Loss:0.0001 Acc:0.0000 Theta Acc:0.0014 
=> centroids.dtype: torch.float32
=> Only CVAE KL
=> Use Multivariate Gaussian As the Prior
image_tensor: tensor([-0.0037,  0.0288,  0.0571,  ..., -0.0037,  0.0106, -0.0025],
       device='cuda:0')
x_proj_norm.shape:torch.Size([64, 64]), tensor([-1.7666e-03, -3.6771e-03,  1.4889e-01, -6.9497e-06,  3.0383e-01,
         6.9658e-02, -3.2678e-06,  4.3042e-02, -1.0301e-05,  1.5537e-01,
         9.4512e-02,  9.6842e-02,  1.6025e-05, -9.6782e-04,  1.6625e-01,
         1.3240e-01, -2.4047e-05,  6.8580e-02,  1.9396e-01, -7.4139e-05,
         2.7064e-02, -2.4837e-05, -1.6642e-05, -1.0569e-03,  2.5535e-01,
         2.6278e-02, -2.4452e-03, -1.2301e-03,  1.6874e-01, -6.7529e-06,
         8.5489e-02, -1.9971e-03,  2.5333e-01,  1.0048e-01,  5.4674e-02,
         1.3201e-01, -7.4407e-06,  1.6876e-01, -3.6489e-06,  1.4024e-01,
         2.0142e-01,  2.1481e-02, -5.2969e-06,  1.2441e-01, -1.8357e-05,
         2.3838e-01,  2.0251e-01,  2.5507e-01,  6.9718e-02, -8.1947e-05,
        -4.4655e-03,  2.7206e-01,  3.0102e-01, -1.0640e-03,  2.6429e-01,
        -1.1502e-03,  2.8319e-02, -9.3448e-06, -3.0555e-03, -3.2981e-05,
         1.8855e-01,  8.6706e-02,  2.7123e-03,  2.9345e-02], device='cuda:0',
       grad_fn=<SliceBackward0>)
domian_feature+Z: tensor([[ 0.0187,  0.0535, -0.0924,  0.0253,  0.0728, -0.2495, -0.1080,  0.0582,
          0.1470, -0.0018],
        [ 0.0187,  0.0535, -0.0924,  0.0253,  0.0728, -0.2495, -0.1080,  0.0582,
          0.1470, -0.0037]], device='cuda:0', grad_fn=<SliceBackward0>)
Epoch:15 Time:97.5 Data:0.0 Loss:0.0001 Cls Loss:6.5539 Cls Loss Theta:6.5539 Pair Loss:0.2348 KL Loss:60.5953 KLD Theta:60.5953 Recon Loss:0.0001 Acc:0.0001 Theta Acc:0.0016 
=> Test at epoch 15
Extracted features for query set, obtained torch.Size([2228, 64]) matrix
Extracted features for gallery set, obtained torch.Size([17661, 64]) matrix
Extracting features complete in 0m 11s
Distance computing in 0m 0s
Computing CMC and mAP
Results ---------------------------------------------------
top1:83.3% top5:91.5% top10:93.2% top20:95.0% mAP:70.3%
-----------------------------------------------------------
Using 0m 3s
=> centroids.dtype: torch.float32
=> Only CVAE KL
=> Use Multivariate Gaussian As the Prior
image_tensor: tensor([ 0.0220,  0.0093,  0.0272,  ...,  0.0220,  0.0093, -0.0023],
       device='cuda:0')
x_proj_norm.shape:torch.Size([64, 64]), tensor([ 3.3829e-03,  2.1024e-02,  1.3894e-01, -3.2782e-07,  1.2396e-01,
        -7.9306e-03, -1.2494e-06,  3.7058e-02, -8.3165e-07,  1.3639e-01,
         2.5681e-01, -1.1887e-03, -3.3004e-06,  9.5815e-02,  1.4048e-01,
         4.3751e-02, -2.6016e-06,  8.7262e-02,  2.5865e-01, -4.6904e-06,
         1.0584e-01, -6.4538e-07, -8.7825e-06, -3.8972e-04,  3.1080e-01,
        -1.8562e-03, -3.9186e-04, -1.7900e-03,  1.2403e-01, -7.7400e-06,
         2.8985e-01,  1.8402e-01,  9.6272e-02,  3.1745e-01,  2.9979e-03,
         3.2459e-02, -3.0117e-06,  9.3117e-02, -2.5392e-06,  2.1739e-01,
         9.6067e-02,  1.3768e-01, -7.5699e-07,  1.6117e-01, -1.7658e-06,
         2.1464e-01,  1.9773e-01, -1.4474e-02,  1.2945e-01, -1.3337e-05,
         5.4629e-02,  1.3293e-01,  1.2533e-01,  1.1255e-01,  2.3596e-01,
        -2.6703e-03,  2.0195e-03, -3.5638e-06, -1.5543e-03,  2.2320e-05,
         2.1271e-01,  3.0833e-03, -3.9093e-03,  2.4307e-01], device='cuda:0',
       grad_fn=<SliceBackward0>)
domian_feature+Z: tensor([[ 0.1699,  0.0618, -0.0566, -0.0022,  0.0799, -0.1259, -0.1505,  0.0777,
          0.0294,  0.0034],
        [ 0.1699,  0.0618, -0.0566, -0.0022,  0.0799, -0.1259, -0.1505,  0.0777,
          0.0294,  0.0210]], device='cuda:0', grad_fn=<SliceBackward0>)
Epoch:16 Time:97.3 Data:0.0 Loss:0.0001 Cls Loss:6.5539 Cls Loss Theta:6.5539 Pair Loss:0.2342 KL Loss:60.5732 KLD Theta:60.5732 Recon Loss:0.0001 Acc:0.0000 Theta Acc:0.0016 
=> centroids.dtype: torch.float32
=> Only CVAE KL
=> Use Multivariate Gaussian As the Prior
image_tensor: tensor([-0.0010, -0.0488,  0.0088,  ..., -0.0111,  0.0067,  0.0087],
       device='cuda:0')
x_proj_norm.shape:torch.Size([64, 64]), tensor([-1.0156e-03, -5.1051e-03,  2.3775e-01, -4.1357e-07,  1.4447e-01,
         5.8168e-02, -2.4452e-06, -2.7194e-03, -4.4517e-06,  6.8556e-02,
         2.0348e-01,  2.1076e-02, -4.1607e-07,  2.4205e-01,  1.7514e-01,
        -1.8997e-04,  3.6062e-06, -6.2193e-03,  1.1584e-01, -1.5361e-06,
        -8.1991e-03, -3.8610e-06, -1.2451e-06, -1.9200e-04,  8.0072e-02,
         5.6255e-02, -2.3446e-04, -5.0162e-04,  3.6430e-01, -2.4012e-06,
        -2.8337e-04,  3.8993e-02,  1.0965e-01,  1.1747e-01,  5.8158e-03,
         2.2275e-01, -1.0361e-06,  2.6497e-02, -2.9099e-06,  1.5641e-01,
         1.9348e-01,  8.4670e-02, -3.2260e-07,  4.5318e-02, -3.6757e-05,
         8.6195e-02,  3.8428e-01,  3.5845e-01,  3.0335e-01, -3.7135e-06,
        -4.5745e-03,  8.6403e-02,  1.8844e-01,  5.0398e-02,  5.6291e-02,
         1.8898e-03, -5.7446e-04, -1.0275e-06, -2.9922e-04, -4.9883e-07,
         1.7990e-01,  4.8955e-03,  4.4561e-02,  1.4126e-01], device='cuda:0',
       grad_fn=<SliceBackward0>)
domian_feature+Z: tensor([[ 0.0133,  0.0421, -0.0659,  0.0140,  0.0687, -0.2008, -0.0275, -0.0540,
          0.1679, -0.0010],
        [ 0.0133,  0.0421, -0.0659,  0.0140,  0.0687, -0.2008, -0.0275, -0.0540,
          0.1679, -0.0051]], device='cuda:0', grad_fn=<SliceBackward0>)
Epoch:17 Time:100.5 Data:0.0 Loss:0.0001 Cls Loss:6.5539 Cls Loss Theta:6.5539 Pair Loss:0.2341 KL Loss:60.5880 KLD Theta:60.5880 Recon Loss:0.0001 Acc:0.0001 Theta Acc:0.0018 
=> centroids.dtype: torch.float32
=> Only CVAE KL
=> Use Multivariate Gaussian As the Prior
image_tensor: tensor([-0.0034,  0.0235,  0.0370,  ...,  0.0166,  0.0133, -0.0054],
       device='cuda:0')
x_proj_norm.shape:torch.Size([64, 64]), tensor([-1.4392e-03,  1.3151e-01,  1.2075e-01, -1.5090e-07,  3.2659e-01,
        -1.0776e-02, -8.4620e-05,  3.2160e-02, -4.5942e-06, -2.7412e-04,
         1.1547e-01,  1.1230e-01,  1.8614e-07, -1.4183e-02,  2.8738e-01,
        -3.9664e-03, -1.4000e-07,  1.8840e-01,  2.7701e-02, -5.0503e-07,
         2.3422e-01, -1.7553e-04, -3.4363e-07, -1.7869e-04,  1.4503e-01,
         6.0977e-02,  1.1610e-03, -1.3654e-03, -1.3663e-02, -4.1234e-08,
         9.1838e-02, -2.6320e-03,  7.2400e-02,  1.1103e-01,  1.6209e-01,
        -2.2003e-02, -1.3998e-05,  2.9381e-01, -8.7355e-08,  2.2663e-02,
        -1.1600e-02,  2.6175e-01,  6.6536e-07, -1.0403e-02, -1.0885e-03,
        -5.9289e-03,  2.7786e-01,  1.9975e-01,  5.0727e-01, -2.9106e-06,
        -4.1236e-03,  5.7436e-03, -3.9784e-02,  8.5746e-02, -1.8110e-03,
         4.5548e-04,  2.8590e-04, -1.3012e-06, -2.0592e-04, -1.7049e-06,
         1.5415e-01,  1.9630e-02,  1.3830e-01,  1.5997e-02], device='cuda:0',
       grad_fn=<SliceBackward0>)
domian_feature+Z: tensor([[ 0.1188,  0.1511, -0.1311,  0.0877,  0.1441, -0.2432, -0.0991,  0.1071,
          0.1003, -0.0014],
        [ 0.1188,  0.1511, -0.1311,  0.0877,  0.1441, -0.2432, -0.0991,  0.1071,
          0.1003,  0.1315]], device='cuda:0', grad_fn=<SliceBackward0>)
Epoch:18 Time:99.9 Data:0.0 Loss:0.0001 Cls Loss:6.5539 Cls Loss Theta:6.5539 Pair Loss:0.2338 KL Loss:60.5463 KLD Theta:60.5463 Recon Loss:0.0001 Acc:0.0001 Theta Acc:0.0014 
=> centroids.dtype: torch.float32
=> Only CVAE KL
=> Use Multivariate Gaussian As the Prior
image_tensor: tensor([-0.0398, -0.0521, -0.0011,  ...,  0.0073,  0.0110,  0.0003],
       device='cuda:0')
x_proj_norm.shape:torch.Size([64, 64]), tensor([-8.9524e-04,  1.9771e-02,  2.9973e-01, -1.9526e-07,  1.5335e-01,
        -1.7928e-03, -2.8827e-05, -3.0917e-03, -5.6663e-04, -9.0851e-03,
         1.1918e-01, -3.6267e-04, -3.5855e-04,  1.2303e-01,  2.1648e-01,
        -7.1985e-04, -4.0104e-07,  2.9815e-03,  2.5575e-01, -7.7000e-09,
         5.4349e-02, -1.2106e-03, -1.1958e-07, -4.7309e-05,  8.6447e-02,
         4.8001e-02, -6.6659e-08, -6.9424e-04,  3.6870e-01, -1.3180e-06,
         2.2973e-01,  4.9298e-03,  3.4556e-02,  1.1671e-01, -3.1019e-04,
         9.3699e-02, -2.3826e-05,  5.4818e-02, -2.1114e-05,  1.6720e-02,
         1.3449e-01,  2.2521e-01, -8.9981e-07, -5.0180e-03, -4.2175e-03,
         2.3938e-01,  1.9401e-01,  1.6804e-01,  2.6486e-01, -1.0207e-05,
        -4.8939e-03,  9.4251e-02,  2.0534e-01,  8.2104e-02,  2.6705e-01,
        -3.0476e-04, -1.1881e-03, -6.1673e-07, -9.4079e-05, -1.1575e-06,
        -1.9207e-03,  8.2492e-02,  6.3992e-02,  3.3746e-01], device='cuda:0',
       grad_fn=<SliceBackward0>)
domian_feature+Z: tensor([[ 0.1200,  0.1496, -0.0578, -0.0070,  0.0519, -0.1091, -0.0313,  0.0119,
         -0.0538, -0.0009],
        [ 0.1200,  0.1496, -0.0578, -0.0070,  0.0519, -0.1091, -0.0313,  0.0119,
         -0.0538,  0.0198]], device='cuda:0', grad_fn=<SliceBackward0>)
Epoch:19 Time:97.9 Data:0.0 Loss:0.0001 Cls Loss:6.5539 Cls Loss Theta:6.5539 Pair Loss:0.2322 KL Loss:60.5739 KLD Theta:60.5739 Recon Loss:0.0001 Acc:0.0003 Theta Acc:0.0015 
=> centroids.dtype: torch.float32
=> Only CVAE KL
=> Use Multivariate Gaussian As the Prior
image_tensor: tensor([-0.0172, -0.0302,  0.0232,  ..., -0.0021,  0.0126,  0.0003],
       device='cuda:0')
x_proj_norm.shape:torch.Size([64, 64]), tensor([ 2.3990e-03, -1.1217e-02,  3.6833e-02, -2.1361e-02,  9.5259e-02,
         1.1535e-02, -5.9557e-04, -4.1417e-03, -2.7271e-03,  1.3833e-01,
         2.8479e-01,  4.2211e-02, -1.0169e-02,  1.0850e-01,  2.0928e-01,
         1.0850e-01, -1.1935e-04, -4.8258e-03,  2.2182e-01,  1.1749e-08,
         1.8541e-02, -3.3029e-04, -4.6273e-06, -9.1701e-06,  3.6434e-02,
        -9.1386e-04, -4.9174e-05,  1.9391e-03,  2.0015e-01,  4.8751e-07,
        -7.1051e-03, -8.4727e-03,  1.8154e-01,  2.6966e-01,  1.7276e-03,
         2.4349e-01, -4.7922e-03,  1.0005e-01, -9.4953e-04,  2.4174e-01,
         2.6061e-01,  2.4204e-01, -1.6795e-03,  3.4267e-01, -8.0050e-04,
         1.4359e-01,  1.6936e-01,  1.5995e-01,  8.7187e-02, -5.0155e-05,
        -8.1151e-03,  6.9509e-02,  2.3955e-01,  7.3336e-02,  2.5046e-01,
        -1.5266e-04, -1.4537e-04, -1.0149e-02, -1.1713e-04, -2.2272e-07,
         9.0824e-02,  6.3694e-02, -1.8186e-03,  1.5980e-01], device='cuda:0',
       grad_fn=<SliceBackward0>)
domian_feature+Z: tensor([[ 0.2099,  0.0387, -0.0369,  0.0183, -0.0042, -0.2208, -0.1257,  0.0828,
          0.0968,  0.0024],
        [ 0.2099,  0.0387, -0.0369,  0.0183, -0.0042, -0.2208, -0.1257,  0.0828,
          0.0968, -0.0112]], device='cuda:0', grad_fn=<SliceBackward0>)
Epoch:20 Time:97.6 Data:0.0 Loss:0.0001 Cls Loss:6.5539 Cls Loss Theta:6.5539 Pair Loss:0.2330 KL Loss:60.5695 KLD Theta:60.5695 Recon Loss:0.0001 Acc:0.0004 Theta Acc:0.0015 
=> Test at epoch 20
Extracted features for query set, obtained torch.Size([2228, 64]) matrix
Extracted features for gallery set, obtained torch.Size([17661, 64]) matrix
Extracting features complete in 0m 10s
Distance computing in 0m 0s
Computing CMC and mAP
Results ---------------------------------------------------
top1:83.9% top5:91.4% top10:93.9% top20:95.5% mAP:71.0%
-----------------------------------------------------------
Using 0m 2s
=> centroids.dtype: torch.float32
=> Only CVAE KL
=> Use Multivariate Gaussian As the Prior
image_tensor: tensor([-0.0302,  0.0082,  0.0273,  ...,  0.0055,  0.0130,  0.0048],
       device='cuda:0')
x_proj_norm.shape:torch.Size([64, 64]), tensor([-8.2660e-04,  4.2418e-02,  1.8650e-01, -1.2018e-02,  3.3222e-01,
        -4.2163e-03, -7.8264e-04, -1.3985e-03, -3.0919e-03,  1.4203e-02,
         1.3469e-01,  1.2591e-01, -7.1940e-03,  6.6571e-02, -7.9412e-04,
         2.4115e-02, -1.7257e-05,  1.8753e-02,  2.1716e-01, -3.0778e-08,
         1.4837e-01, -1.0189e-04, -2.9986e-06, -1.9153e-05,  7.7052e-02,
         6.0953e-02, -3.3875e-05, -6.2982e-04,  7.0686e-03, -2.4712e-07,
         2.5797e-02,  4.7801e-02,  1.6938e-01,  9.9765e-02,  2.5742e-02,
         2.3743e-01, -2.2986e-03,  1.8401e-01, -6.7316e-04,  3.2083e-01,
         1.0862e-01,  1.5762e-01, -3.8385e-03,  4.7328e-02, -6.5515e-04,
         3.3173e-01,  1.5129e-01,  3.4258e-01,  3.8265e-01, -7.0105e-05,
        -2.0079e-03,  9.5501e-02,  7.4328e-02,  3.3876e-02,  2.3690e-02,
         2.7044e-05, -1.6538e-03, -2.2651e-03, -4.5344e-05, -4.2236e-07,
         1.2432e-01,  1.5202e-01,  2.3647e-02,  8.8111e-02], device='cuda:0',
       grad_fn=<SliceBackward0>)
domian_feature+Z: tensor([[-0.0377,  0.0771, -0.0847, -0.0216,  0.1101, -0.1630, -0.0760,  0.0978,
          0.1361, -0.0008],
        [-0.0377,  0.0771, -0.0847, -0.0216,  0.1101, -0.1630, -0.0760,  0.0978,
          0.1361,  0.0424]], device='cuda:0', grad_fn=<SliceBackward0>)
Epoch:21 Time:98.9 Data:0.0 Loss:0.0001 Cls Loss:6.5539 Cls Loss Theta:6.5539 Pair Loss:0.2428 KL Loss:60.5723 KLD Theta:60.5723 Recon Loss:0.0001 Acc:0.0003 Theta Acc:0.0012 
=> centroids.dtype: torch.float32
=> Only CVAE KL
=> Use Multivariate Gaussian As the Prior
image_tensor: tensor([-0.0414, -0.0561, -0.0124,  ..., -0.0105,  0.0166, -0.0056],
       device='cuda:0')
x_proj_norm.shape:torch.Size([64, 64]), tensor([-4.2886e-04, -1.9108e-03,  1.8401e-01, -8.8188e-03,  1.7139e-01,
        -3.3268e-03, -3.6820e-04, -9.9000e-04, -1.6033e-03,  1.1700e-01,
         1.6281e-01,  4.6558e-02, -4.8026e-03,  2.4739e-01,  2.0902e-01,
         5.5354e-02, -2.0912e-05, -7.7638e-03,  2.5441e-01, -2.0189e-08,
         3.4744e-02, -4.9477e-05, -1.3516e-06, -7.8350e-06,  1.3970e-01,
        -2.3448e-04, -2.2526e-05, -4.9671e-04,  8.9846e-02, -1.0764e-07,
         1.7519e-01,  1.0696e-01,  1.6501e-01,  6.6906e-02, -6.4424e-03,
         2.3942e-01, -2.2004e-03,  1.6737e-01, -3.8553e-04,  1.0702e-01,
         1.4795e-01,  1.7913e-01, -1.2961e-03,  2.2494e-01, -3.7944e-04,
         1.5085e-01,  3.0460e-01,  1.2338e-01,  2.2621e-01, -2.9185e-05,
         4.8622e-02,  3.0317e-01,  5.3604e-02,  1.0765e-01,  1.6478e-01,
        -1.9522e-04, -1.1776e-03, -1.9031e-03,  1.6199e-04, -1.6861e-07,
         9.7318e-02,  7.7726e-03,  8.2969e-03,  3.0001e-01], device='cuda:0',
       grad_fn=<SliceBackward0>)
domian_feature+Z: tensor([[ 0.0889,  0.0487, -0.0671, -0.0429,  0.1366, -0.1915, -0.0237,  0.1169,
          0.1233, -0.0004],
        [ 0.0889,  0.0487, -0.0671, -0.0429,  0.1366, -0.1915, -0.0237,  0.1169,
          0.1233, -0.0019]], device='cuda:0', grad_fn=<SliceBackward0>)
Epoch:22 Time:99.6 Data:0.0 Loss:0.0001 Cls Loss:6.5539 Cls Loss Theta:6.5539 Pair Loss:0.2515 KL Loss:60.5755 KLD Theta:60.5755 Recon Loss:0.0001 Acc:0.0003 Theta Acc:0.0012 
=> centroids.dtype: torch.float32
=> Only CVAE KL
=> Use Multivariate Gaussian As the Prior
image_tensor: tensor([-0.0003, -0.0115,  0.0412,  ...,  0.0135,  0.0059, -0.0017],
       device='cuda:0')
x_proj_norm.shape:torch.Size([64, 64]), tensor([ 1.7660e-04, -2.9232e-03,  2.3105e-01, -6.6674e-03,  3.2056e-01,
         2.1377e-02, -2.3176e-04, -4.0095e-04, -6.7700e-04,  8.2395e-02,
         1.8854e-01,  1.4450e-02, -3.3664e-03,  4.6415e-02,  2.1109e-01,
         2.4580e-02, -9.8351e-06,  3.0720e-02,  1.4852e-01,  8.4057e-09,
         2.4347e-02, -4.8666e-05, -1.0794e-06, -1.1874e-05,  2.2874e-01,
        -4.8956e-03, -1.4115e-05, -1.4707e-04,  1.8241e-01, -4.1906e-08,
         1.6265e-01,  5.9747e-02,  1.1284e-01,  1.0536e-01, -1.5270e-03,
         5.2810e-02, -1.1602e-03,  1.3305e-01, -3.5600e-04,  3.1592e-01,
         2.4039e-01,  7.9678e-02, -4.1811e-04,  1.8093e-01, -2.7128e-04,
         2.2840e-01,  3.0865e-01,  2.2864e-01,  1.2919e-01, -1.7348e-05,
        -4.0813e-03,  2.6224e-01,  1.0431e-01,  1.6217e-02,  1.9388e-01,
        -6.5041e-05,  9.2151e-04, -8.5860e-04, -2.2448e-05, -7.0935e-08,
         1.4750e-01,  6.9301e-02, -1.5409e-03,  1.1256e-01], device='cuda:0',
       grad_fn=<SliceBackward0>)
domian_feature+Z: tensor([[ 0.1303,  0.0595, -0.0165, -0.0020,  0.0633, -0.1227,  0.0546,  0.0927,
         -0.0216,  0.0002],
        [ 0.1303,  0.0595, -0.0165, -0.0020,  0.0633, -0.1227,  0.0546,  0.0927,
         -0.0216, -0.0029]], device='cuda:0', grad_fn=<SliceBackward0>)
Epoch:23 Time:100.5 Data:0.0 Loss:0.0001 Cls Loss:6.5539 Cls Loss Theta:6.5539 Pair Loss:0.2533 KL Loss:60.5701 KLD Theta:60.5701 Recon Loss:0.0001 Acc:0.0004 Theta Acc:0.0010 
=> centroids.dtype: torch.float32
=> Only CVAE KL
=> Use Multivariate Gaussian As the Prior
image_tensor: tensor([-0.0522, -0.0050, -0.0186,  ...,  0.0003,  0.0181,  0.0030],
       device='cuda:0')
x_proj_norm.shape:torch.Size([64, 64]), tensor([-1.2033e-04,  5.8752e-04,  2.8397e-01, -3.4133e-03,  2.2184e-01,
         7.4446e-03, -2.5714e-04, -3.4914e-03, -5.3876e-04,  6.9929e-02,
         1.6517e-01, -5.7100e-04, -1.9321e-03,  2.6323e-01,  6.9681e-02,
        -6.9867e-04, -4.1736e-06, -5.2123e-03,  8.3460e-02, -4.2304e-09,
         5.0777e-02, -3.9283e-05, -6.8359e-07, -1.1550e-05,  3.0961e-02,
         3.4343e-02, -7.0062e-06, -4.8647e-05,  3.1065e-01, -5.2207e-08,
         1.9639e-01,  8.5625e-02,  7.9759e-02,  2.4215e-01, -4.1197e-03,
         3.2254e-01, -1.7982e-03,  9.4871e-02, -4.7251e-04,  2.3541e-01,
         2.5808e-01,  1.4913e-01, -3.4919e-04,  9.4396e-02, -1.9103e-04,
         2.3769e-01,  1.0550e-01,  1.8080e-01,  2.8317e-01, -1.4489e-06,
        -2.3548e-03,  3.5615e-02,  4.5688e-02,  1.2033e-01,  1.5775e-01,
        -2.1421e-05, -8.4717e-04, -4.8914e-04, -2.7945e-05, -1.9924e-08,
         1.4387e-01,  1.0070e-01,  3.4835e-03,  1.5568e-01], device='cuda:0',
       grad_fn=<SliceBackward0>)
domian_feature+Z: tensor([[ 0.0372,  0.0714,  0.0503, -0.0848,  0.0245, -0.0341, -0.0991,  0.0258,
         -0.0713, -0.0001],
        [ 0.0372,  0.0714,  0.0503, -0.0848,  0.0245, -0.0341, -0.0991,  0.0258,
         -0.0713,  0.0006]], device='cuda:0', grad_fn=<SliceBackward0>)
Epoch:24 Time:100.1 Data:0.0 Loss:0.0001 Cls Loss:6.5539 Cls Loss Theta:6.5539 Pair Loss:0.2537 KL Loss:60.5678 KLD Theta:60.5678 Recon Loss:0.0001 Acc:0.0004 Theta Acc:0.0011 
=> centroids.dtype: torch.float32
=> Only CVAE KL
=> Use Multivariate Gaussian As the Prior
image_tensor: tensor([-0.0049,  0.0208,  0.0258,  ..., -0.0045,  0.0049,  0.0009],
       device='cuda:0')
x_proj_norm.shape:torch.Size([64, 64]), tensor([-9.0836e-05, -1.8014e-04,  2.4524e-01, -1.9604e-03,  1.4432e-01,
         2.9101e-02, -7.9330e-05,  6.0094e-03, -2.3952e-04,  1.5399e-01,
         2.0258e-01,  5.3006e-02, -9.0370e-04,  2.2886e-01,  9.5240e-02,
         5.7382e-02, -1.7725e-06,  5.7856e-03,  1.3615e-01, -3.9192e-09,
        -5.8111e-04, -2.6660e-05, -2.4385e-07,  1.6350e-05,  1.5409e-01,
         5.2468e-02,  5.6762e-06,  1.3490e-03,  2.2222e-01, -2.0331e-08,
         7.0848e-02,  7.9061e-02,  3.8310e-01,  1.6813e-01, -5.0812e-03,
         2.0467e-01, -1.1766e-03,  1.5838e-01, -2.2591e-04,  1.2945e-01,
         2.8692e-01,  6.8661e-02, -3.9387e-04,  3.0202e-02, -5.8889e-05,
         1.5921e-01,  1.3578e-01,  2.8553e-01,  1.6127e-01, -4.1149e-06,
        -1.8003e-03,  6.6922e-02,  3.2956e-01,  2.4530e-02,  3.0275e-02,
        -4.1409e-06,  1.5540e-03, -4.1945e-04, -9.3448e-05, -2.9804e-08,
         2.4199e-01,  6.9301e-02, -1.3352e-03,  6.3110e-02], device='cuda:0',
       grad_fn=<SliceBackward0>)
domian_feature+Z: tensor([[ 1.3259e-02,  4.2056e-02, -6.5915e-02,  1.4041e-02,  6.8681e-02,
         -2.0078e-01, -2.7459e-02, -5.4046e-02,  1.6795e-01, -9.0836e-05],
        [ 1.3259e-02,  4.2056e-02, -6.5915e-02,  1.4041e-02,  6.8681e-02,
         -2.0078e-01, -2.7459e-02, -5.4046e-02,  1.6795e-01, -1.8014e-04]],
       device='cuda:0', grad_fn=<SliceBackward0>)
Epoch:25 Time:97.8 Data:0.0 Loss:0.0001 Cls Loss:6.5539 Cls Loss Theta:6.5539 Pair Loss:0.2547 KL Loss:60.5682 KLD Theta:60.5682 Recon Loss:0.0001 Acc:0.0003 Theta Acc:0.0011 
=> Test at epoch 25
Extracted features for query set, obtained torch.Size([2228, 64]) matrix
Extracted features for gallery set, obtained torch.Size([17661, 64]) matrix
Extracting features complete in 0m 12s
Distance computing in 0m 0s
Computing CMC and mAP
Results ---------------------------------------------------
top1:85.3% top5:91.8% top10:94.3% top20:95.9% mAP:72.8%
-----------------------------------------------------------
Using 0m 3s
=> centroids.dtype: torch.float32
=> Only CVAE KL
=> Use Multivariate Gaussian As the Prior
image_tensor: tensor([-0.0132, -0.0328,  0.0289,  ...,  0.0027,  0.0112, -0.0100],
       device='cuda:0')
x_proj_norm.shape:torch.Size([64, 64]), tensor([ 2.6082e-04,  4.4736e-03,  1.8402e-01, -1.1899e-03,  1.7967e-01,
        -7.3637e-03, -3.5643e-05,  1.2384e-03, -1.7528e-04,  9.9123e-02,
         1.9108e-01,  1.5171e-02, -3.9004e-04,  2.1712e-01,  1.6988e-01,
         1.2410e-02, -1.2259e-06,  3.8013e-02,  2.7600e-01, -1.8546e-09,
         7.7245e-02, -4.0870e-05,  1.1973e-06, -2.5408e-06,  1.6391e-01,
         2.6764e-02, -4.6507e-06, -4.3863e-05,  2.3966e-01, -9.2996e-09,
         2.1803e-01,  1.4269e-01,  1.6288e-01,  2.5240e-01, -4.6744e-03,
         9.3186e-02,  1.5192e-04,  2.0368e-01, -1.0657e-04,  7.4218e-02,
         1.4251e-01,  2.9051e-01, -7.7394e-05,  1.7431e-01, -3.0834e-05,
         1.7512e-01,  1.7358e-01,  1.1914e-01,  1.8848e-01, -3.1396e-06,
         8.6316e-03,  1.7252e-01,  9.5617e-02,  4.9263e-02,  7.7640e-02,
        -7.7420e-05,  7.5705e-06, -1.1201e-04, -1.1898e-05, -2.1633e-08,
         1.7487e-01,  1.7552e-02,  1.2141e-02,  3.2317e-01], device='cuda:0',
       grad_fn=<SliceBackward0>)
domian_feature+Z: tensor([[ 0.1365,  0.0736, -0.0013,  0.0105,  0.0018, -0.1376, -0.0440,  0.0035,
          0.0668,  0.0003],
        [ 0.1365,  0.0736, -0.0013,  0.0105,  0.0018, -0.1376, -0.0440,  0.0035,
          0.0668,  0.0045]], device='cuda:0', grad_fn=<SliceBackward0>)
Epoch:26 Time:97.0 Data:0.0 Loss:0.0001 Cls Loss:6.5539 Cls Loss Theta:6.5539 Pair Loss:0.2549 KL Loss:60.5573 KLD Theta:60.5573 Recon Loss:0.0001 Acc:0.0005 Theta Acc:0.0010 
=> centroids.dtype: torch.float32
=> Only CVAE KL
=> Use Multivariate Gaussian As the Prior
image_tensor: tensor([-0.0530, -0.0245,  0.0203,  ...,  0.0109,  0.0050, -0.0036],
       device='cuda:0')
x_proj_norm.shape:torch.Size([64, 64]), tensor([-1.0373e-05, -2.8084e-03,  1.1796e-01, -8.5114e-04,  3.4733e-01,
         5.1653e-03, -3.2999e-05, -7.0261e-04, -7.4633e-05,  1.6856e-01,
        -5.6420e-05,  1.1213e-02, -3.7465e-04,  3.3253e-01,  2.2569e-01,
         3.1971e-02, -2.3634e-06, -1.2988e-04,  1.9657e-01, -6.6825e-10,
         5.7240e-03, -3.5957e-05, -1.5166e-07, -6.2013e-06,  1.2703e-01,
        -4.9499e-03, -8.2574e-06, -6.2999e-05,  2.0874e-01, -5.1641e-09,
         1.6524e-01,  9.4871e-02,  2.0104e-01,  1.9939e-01, -6.2408e-03,
         1.6110e-01, -1.8162e-04,  4.7427e-02, -3.8096e-05,  4.0312e-02,
         1.4596e-01,  1.0933e-01, -2.8890e-05,  1.7897e-01, -1.2210e-05,
         9.9254e-02,  2.7155e-01,  1.6746e-01,  2.1841e-01,  6.3403e-06,
         2.1275e-02,  2.8001e-01,  4.7193e-02,  9.1925e-02,  1.1056e-01,
        -7.9110e-05, -2.6041e-04, -2.1259e-04,  7.4321e-05, -7.5946e-09,
         1.8801e-01, -7.6647e-03, -1.7471e-03,  2.6017e-01], device='cuda:0',
       grad_fn=<SliceBackward0>)
domian_feature+Z: tensor([[-1.1449e-01, -3.0038e-02, -1.1541e-01, -1.4328e-02, -2.1182e-03,
         -2.4008e-01, -2.4542e-02, -6.8617e-02,  1.1437e-01, -1.0373e-05],
        [-1.1449e-01, -3.0038e-02, -1.1541e-01, -1.4328e-02, -2.1182e-03,
         -2.4008e-01, -2.4542e-02, -6.8617e-02,  1.1437e-01, -2.8084e-03]],
       device='cuda:0', grad_fn=<SliceBackward0>)
Epoch:27 Time:98.3 Data:0.0 Loss:0.0001 Cls Loss:6.5539 Cls Loss Theta:6.5539 Pair Loss:0.2554 KL Loss:60.5575 KLD Theta:60.5575 Recon Loss:0.0001 Acc:0.0005 Theta Acc:0.0014 
=> centroids.dtype: torch.float32
=> Only CVAE KL
=> Use Multivariate Gaussian As the Prior
image_tensor: tensor([-0.0006,  0.0099,  0.0381,  ...,  0.0017,  0.0099, -0.0069],
       device='cuda:0')
x_proj_norm.shape:torch.Size([64, 64]), tensor([ 6.0433e-04, -4.0491e-04,  2.0380e-01, -3.5177e-04,  1.4515e-01,
        -1.0360e-03, -5.8515e-06,  1.7843e-02, -6.1573e-05,  6.6734e-02,
         3.8952e-01,  1.9562e-02, -1.3457e-04,  1.0016e-01,  2.0435e-01,
         1.5941e-02, -2.9699e-07,  2.2989e-02,  2.1379e-01,  1.4196e-09,
         4.6921e-02, -1.5078e-05,  3.3627e-07, -1.1031e-06,  1.2618e-01,
         1.4812e-02, -2.2288e-06,  2.4319e-04,  1.3066e-01, -1.6630e-09,
         1.9449e-01,  1.0413e-01,  7.8335e-02,  2.5341e-01, -1.3818e-03,
         2.8853e-02, -5.9499e-05,  1.5846e-01, -2.2674e-05,  2.4970e-01,
         2.2702e-01,  2.0326e-01, -1.8460e-05,  2.3224e-01, -1.3713e-05,
         2.1222e-01,  3.5123e-01,  6.5155e-02,  1.3430e-01, -5.0159e-07,
        -1.8863e-03,  2.0106e-01,  4.9194e-02,  7.2537e-02,  1.1875e-01,
        -3.0219e-05,  7.7384e-04, -3.2304e-05,  1.2109e-04, -6.3044e-09,
         1.3120e-01,  1.0461e-01,  2.2357e-02,  1.0511e-01], device='cuda:0',
       grad_fn=<SliceBackward0>)
domian_feature+Z: tensor([[ 0.1964,  0.0834, -0.0561,  0.0065,  0.0363, -0.1329, -0.1802,  0.0835,
          0.0636,  0.0006],
        [ 0.1964,  0.0834, -0.0561,  0.0065,  0.0363, -0.1329, -0.1802,  0.0835,
          0.0636, -0.0004]], device='cuda:0', grad_fn=<SliceBackward0>)
Epoch:28 Time:100.4 Data:0.0 Loss:0.0001 Cls Loss:6.5539 Cls Loss Theta:6.5539 Pair Loss:0.2539 KL Loss:60.5570 KLD Theta:60.5570 Recon Loss:0.0001 Acc:0.0004 Theta Acc:0.0012 
=> centroids.dtype: torch.float32
=> Only CVAE KL
=> Use Multivariate Gaussian As the Prior
image_tensor: tensor([-0.0009, -0.0341,  0.0496,  ..., -0.0059, -0.0069, -0.0075],
       device='cuda:0')
x_proj_norm.shape:torch.Size([64, 64]), tensor([-1.7714e-04,  1.9217e-02,  1.7441e-01, -1.4979e-04,  1.6556e-01,
        -9.7663e-03, -2.4970e-06,  1.0948e-02, -2.8677e-05,  4.8706e-02,
         1.6313e-01,  6.4975e-02, -9.1092e-05,  2.1599e-01,  1.5943e-01,
         6.1806e-02, -2.8699e-07,  5.7323e-02,  2.7822e-01, -3.1486e-10,
         1.2990e-01, -1.0718e-05,  7.6039e-08, -6.0049e-07,  9.0698e-02,
         3.5371e-02,  2.9798e-05, -2.3979e-04,  1.8353e-01, -1.1178e-09,
         1.8405e-01,  1.0215e-01,  1.6337e-01,  2.0101e-01, -9.7596e-04,
         1.7450e-02, -6.4849e-05,  2.9448e-01, -5.1529e-06,  1.1823e-01,
         2.9619e-01,  3.0156e-01, -1.1812e-05,  1.5234e-01, -4.0953e-06,
         1.5128e-01,  1.4857e-01,  1.6770e-02,  2.6395e-01,  3.1216e-07,
        -2.6330e-04,  1.8412e-01,  3.9756e-02,  7.7828e-02,  1.8601e-01,
        -2.7857e-05, -2.2215e-04, -1.0868e-05, -3.1208e-06, -3.5669e-09,
         3.9314e-02,  1.2411e-01,  4.1700e-02,  2.6001e-01], device='cuda:0',
       grad_fn=<SliceBackward0>)
domian_feature+Z: tensor([[ 2.0801e-01,  3.3421e-02, -5.9828e-02,  1.0656e-01,  7.7774e-02,
         -1.3669e-01, -1.3733e-01,  9.3340e-02,  1.2711e-01, -1.7714e-04],
        [ 2.0801e-01,  3.3421e-02, -5.9828e-02,  1.0656e-01,  7.7774e-02,
         -1.3669e-01, -1.3733e-01,  9.3340e-02,  1.2711e-01,  1.9217e-02]],
       device='cuda:0', grad_fn=<SliceBackward0>)
Epoch:29 Time:99.0 Data:0.0 Loss:0.0001 Cls Loss:6.5539 Cls Loss Theta:6.5539 Pair Loss:0.2545 KL Loss:60.5614 KLD Theta:60.5614 Recon Loss:0.0001 Acc:0.0005 Theta Acc:0.0013 
=> centroids.dtype: torch.float32
=> Only CVAE KL
=> Use Multivariate Gaussian As the Prior
image_tensor: tensor([ 0.0145, -0.0112,  0.0462,  ...,  0.0091,  0.0115, -0.0047],
       device='cuda:0')
x_proj_norm.shape:torch.Size([64, 64]), tensor([-3.6275e-04,  5.1179e-02,  3.0811e-01, -2.1143e-05,  2.8264e-01,
        -8.5222e-03, -3.3224e-06,  2.7038e-02, -2.6006e-05, -2.0948e-03,
         8.3903e-02,  1.2000e-01, -4.1544e-05,  6.0789e-03,  1.6500e-01,
         8.1057e-02, -1.0875e-07,  9.8739e-02,  7.7780e-02,  2.1734e-10,
         2.4366e-01, -4.0704e-07,  1.3441e-07, -3.2393e-06,  2.7651e-01,
         9.0312e-02,  2.6713e-05, -3.0837e-04,  2.7048e-02, -1.6338e-09,
         5.0551e-02,  4.9097e-02,  2.1239e-01,  2.8991e-01,  3.8892e-02,
         1.1159e-01, -1.5302e-04,  3.0071e-01, -2.5318e-05,  2.1613e-01,
         9.4623e-02,  3.6482e-01, -2.8181e-05,  6.5278e-03, -8.1073e-06,
         1.0272e-01,  4.4967e-02,  1.2754e-01,  2.9084e-01, -4.1783e-07,
        -2.7238e-03,  1.0231e-01,  8.6116e-02,  1.4098e-02,  1.0432e-01,
         9.1657e-05, -1.9292e-04, -2.7726e-06, -7.8624e-05, -1.9268e-09,
         8.3444e-02,  1.5244e-01,  7.3735e-02,  2.0691e-02], device='cuda:0',
       grad_fn=<SliceBackward0>)
domian_feature+Z: tensor([[ 0.1378,  0.0517, -0.1543, -0.0804,  0.1316, -0.1271, -0.0644,  0.0753,
          0.1051, -0.0004],
        [ 0.1378,  0.0517, -0.1543, -0.0804,  0.1316, -0.1271, -0.0644,  0.0753,
          0.1051,  0.0512]], device='cuda:0', grad_fn=<SliceBackward0>)
Epoch:30 Time:97.3 Data:0.0 Loss:0.0001 Cls Loss:6.5539 Cls Loss Theta:6.5539 Pair Loss:0.2545 KL Loss:60.5532 KLD Theta:60.5532 Recon Loss:0.0001 Acc:0.0006 Theta Acc:0.0016 
=> Test at epoch 30
Extracted features for query set, obtained torch.Size([2228, 64]) matrix
Extracted features for gallery set, obtained torch.Size([17661, 64]) matrix
Extracting features complete in 0m 11s
Distance computing in 0m 0s
Computing CMC and mAP
Results ---------------------------------------------------
top1:85.4% top5:92.1% top10:94.0% top20:96.0% mAP:72.9%
-----------------------------------------------------------
Using 0m 3s
=> centroids.dtype: torch.float32
=> Only CVAE KL
=> Use Multivariate Gaussian As the Prior
image_tensor: tensor([-0.0043, -0.0249,  0.0216,  ...,  0.0050,  0.0127,  0.0126],
       device='cuda:0')
x_proj_norm.shape:torch.Size([64, 64]), tensor([-3.2987e-04, -2.3422e-03,  1.9436e-02, -9.0170e-05,  1.0324e-01,
         9.0650e-03, -2.9720e-06,  5.3252e-03, -4.5759e-06,  9.0540e-02,
         1.1016e-01,  9.2150e-02, -4.4045e-05,  1.8958e-01,  4.1962e-02,
         6.7274e-02, -2.5749e-08, -6.1643e-03,  2.7746e-01, -1.1367e-10,
         7.5497e-02,  4.2252e-06, -1.5103e-08, -5.1611e-07,  2.5016e-01,
         7.8742e-02, -1.1506e-05, -2.1312e-04,  5.1847e-02, -2.5754e-10,
         1.4551e-01,  1.3751e-01,  1.1100e-01,  1.5637e-01, -7.0877e-03,
         3.3269e-01, -2.1440e-04,  6.2680e-02,  1.3169e-06,  1.2586e-01,
         1.4530e-01,  1.3593e-01, -7.8920e-06,  1.2986e-01, -3.8055e-06,
         1.5212e-01,  3.6723e-01,  1.9655e-01,  1.6580e-01, -8.8032e-08,
         3.5436e-02,  2.6152e-01,  3.7470e-01,  2.0198e-02,  1.8247e-01,
        -3.7801e-05, -5.9664e-04, -9.2287e-06,  1.3493e-05, -6.9677e-10,
         1.1791e-01,  4.0348e-02, -4.2249e-03,  1.2743e-01], device='cuda:0',
       grad_fn=<SliceBackward0>)
domian_feature+Z: tensor([[ 0.1116, -0.0097, -0.0301,  0.0603,  0.0878, -0.1806, -0.1204,  0.0787,
          0.0600, -0.0003],
        [ 0.1116, -0.0097, -0.0301,  0.0603,  0.0878, -0.1806, -0.1204,  0.0787,
          0.0600, -0.0023]], device='cuda:0', grad_fn=<SliceBackward0>)
Epoch:31 Time:97.4 Data:0.0 Loss:0.0001 Cls Loss:6.5539 Cls Loss Theta:6.5539 Pair Loss:0.2545 KL Loss:60.5611 KLD Theta:60.5611 Recon Loss:0.0001 Acc:0.0006 Theta Acc:0.0011 
=> centroids.dtype: torch.float32
=> Only CVAE KL
=> Use Multivariate Gaussian As the Prior
image_tensor: tensor([-0.0063,  0.0037,  0.0290,  ...,  0.0003,  0.0045,  0.0176],
       device='cuda:0')
x_proj_norm.shape:torch.Size([64, 64]), tensor([-9.6486e-06, -4.3559e-03,  9.5225e-02, -9.7290e-05,  1.5419e-01,
        -4.3951e-03, -6.0739e-07,  1.2014e-03, -2.0003e-06,  1.1374e-01,
         1.4810e-01,  4.0412e-02, -1.5313e-05,  3.6129e-02,  1.2738e-01,
         4.3278e-02, -1.3677e-08,  1.3509e-02,  3.5742e-01, -3.0892e-11,
         5.0292e-02, -1.6988e-06, -1.4631e-09, -1.3444e-06,  1.6494e-01,
        -2.5656e-03, -1.0631e-05, -5.4985e-05,  2.7659e-01, -4.5906e-11,
         1.1985e-01,  1.1864e-01,  1.8011e-01,  7.7791e-02, -3.1121e-03,
         2.3199e-01, -5.5157e-05,  1.4191e-01, -1.5611e-06,  2.5973e-01,
         8.5038e-02,  2.0305e-01, -2.0052e-06,  2.4841e-01, -1.6972e-06,
         2.0549e-01,  9.9215e-02,  2.5479e-01,  1.8156e-01, -4.7213e-08,
         1.4512e-02,  2.5339e-01,  2.4374e-01, -5.7968e-03,  1.5052e-01,
        -1.4859e-05, -2.7600e-04, -2.3253e-06, -1.0117e-05, -4.1977e-10,
         1.7732e-01,  4.1398e-02, -5.1837e-03,  1.6951e-01], device='cuda:0',
       grad_fn=<SliceBackward0>)
domian_feature+Z: tensor([[ 2.2302e-01,  7.6311e-02, -1.5948e-01,  6.0134e-02,  8.7197e-02,
         -4.9072e-02, -6.5192e-02,  9.1168e-02,  8.8958e-02, -9.6486e-06],
        [ 2.2302e-01,  7.6311e-02, -1.5948e-01,  6.0134e-02,  8.7197e-02,
         -4.9072e-02, -6.5192e-02,  9.1168e-02,  8.8958e-02, -4.3559e-03]],
       device='cuda:0', grad_fn=<SliceBackward0>)
Epoch:32 Time:98.5 Data:0.0 Loss:0.0001 Cls Loss:6.5539 Cls Loss Theta:6.5539 Pair Loss:0.2539 KL Loss:60.5595 KLD Theta:60.5595 Recon Loss:0.0001 Acc:0.0006 Theta Acc:0.0012 
=> centroids.dtype: torch.float32
=> Only CVAE KL
=> Use Multivariate Gaussian As the Prior
image_tensor: tensor([-0.0406, -0.0279,  0.0320,  ...,  0.0047,  0.0089,  0.0018],
       device='cuda:0')
x_proj_norm.shape:torch.Size([64, 64]), tensor([-2.1624e-05, -2.5743e-04,  2.1483e-01, -4.9430e-05,  1.1648e-01,
        -1.2507e-03,  2.8448e-06,  1.4380e-02, -4.5774e-06,  1.7523e-01,
         3.7475e-01,  5.2696e-03, -2.0677e-06,  1.7481e-01,  1.3601e-01,
         4.3785e-02, -9.0959e-09,  1.2542e-02,  5.7544e-02, -1.0099e-11,
         1.9881e-02, -1.1176e-06, -1.7228e-09,  3.6839e-06,  1.5968e-02,
        -4.4249e-03,  6.4071e-06,  1.3847e-04,  2.4180e-01, -3.0094e-11,
         2.2242e-01,  1.3993e-01,  3.6822e-01,  1.8148e-01, -2.0610e-03,
         1.3002e-01, -2.0040e-05,  6.6828e-02, -7.0838e-07,  2.2038e-01,
         2.9276e-01,  1.1025e-01, -6.5933e-07,  8.2185e-02, -5.2136e-07,
         1.5112e-01,  1.2195e-02, -3.4794e-03,  2.2342e-01, -2.6299e-08,
         3.9766e-03,  1.2307e-01,  1.5857e-01,  9.2247e-02,  1.1165e-01,
         5.4353e-05,  1.1522e-03, -2.4215e-07, -5.4692e-05, -2.8090e-10,
         2.8650e-01,  1.6277e-01,  1.5661e-02, -1.5053e-03], device='cuda:0',
       grad_fn=<SliceBackward0>)
domian_feature+Z: tensor([[ 4.1553e-02,  3.0708e-02, -7.3154e-02, -6.8387e-03,  4.6446e-02,
         -3.1342e-01, -9.7991e-02,  1.2946e-02,  2.6018e-01, -2.1624e-05],
        [ 4.1553e-02,  3.0708e-02, -7.3154e-02, -6.8387e-03,  4.6446e-02,
         -3.1342e-01, -9.7991e-02,  1.2946e-02,  2.6018e-01, -2.5743e-04]],
       device='cuda:0', grad_fn=<SliceBackward0>)
Epoch:33 Time:102.5 Data:0.0 Loss:0.0001 Cls Loss:6.5539 Cls Loss Theta:6.5539 Pair Loss:0.2544 KL Loss:60.5664 KLD Theta:60.5664 Recon Loss:0.0001 Acc:0.0006 Theta Acc:0.0014 
=> centroids.dtype: torch.float32
=> Only CVAE KL
=> Use Multivariate Gaussian As the Prior
image_tensor: tensor([-0.0173, -0.0644,  0.0042,  ..., -0.0077,  0.0216,  0.0098],
       device='cuda:0')
x_proj_norm.shape:torch.Size([64, 64]), tensor([ 8.8211e-06, -4.9189e-03,  1.4281e-01, -2.3416e-05,  6.2472e-03,
         7.8074e-03, -3.4993e-07, -2.9955e-03,  1.2508e-06,  7.8989e-02,
         2.6418e-01, -5.1421e-03, -5.8586e-06,  2.0692e-01,  1.8500e-01,
        -8.0311e-05, -2.3648e-09, -4.6942e-04,  2.3758e-01, -5.3310e-14,
        -3.1671e-04, -4.4629e-07, -7.3869e-10, -1.0955e-06,  2.2731e-01,
         2.1318e-02, -3.9768e-06, -2.8639e-05,  1.8511e-01,  1.5364e-11,
         2.4134e-01,  1.0845e-01,  6.7512e-02,  2.1278e-01, -5.4679e-03,
         1.8037e-01, -9.9306e-07,  1.9349e-01, -6.0925e-08,  2.1007e-01,
         1.5661e-01,  1.4834e-01, -2.5314e-07,  1.9468e-01, -6.0030e-07,
         1.3496e-01,  2.4785e-01,  2.7604e-01,  3.1947e-02, -1.7757e-08,
         6.9656e-03,  5.8572e-02,  2.7625e-01,  2.3725e-02,  1.6737e-01,
        -6.7189e-06,  2.6445e-04, -3.4644e-07,  4.1072e-06, -6.2413e-11,
         1.6069e-01, -5.5295e-03, -8.3149e-03,  2.7171e-01], device='cuda:0',
       grad_fn=<SliceBackward0>)
domian_feature+Z: tensor([[ 8.3861e-02,  2.8783e-02, -5.7520e-02, -5.2983e-02,  6.6431e-02,
         -1.9295e-01, -1.5585e-01,  4.1752e-02,  3.7259e-02,  8.8211e-06],
        [ 8.3861e-02,  2.8783e-02, -5.7520e-02, -5.2983e-02,  6.6431e-02,
         -1.9295e-01, -1.5585e-01,  4.1752e-02,  3.7259e-02, -4.9189e-03]],
       device='cuda:0', grad_fn=<SliceBackward0>)
Epoch:34 Time:94.3 Data:0.0 Loss:0.0001 Cls Loss:6.5539 Cls Loss Theta:6.5539 Pair Loss:0.2540 KL Loss:60.5676 KLD Theta:60.5676 Recon Loss:0.0001 Acc:0.0008 Theta Acc:0.0014 
=> centroids.dtype: torch.float32
=> Only CVAE KL
=> Use Multivariate Gaussian As the Prior
image_tensor: tensor([-0.0105, -0.0139,  0.0052,  ...,  0.0078,  0.0032,  0.0031],
       device='cuda:0')
x_proj_norm.shape:torch.Size([64, 64]), tensor([-6.2055e-05, -1.8258e-03,  1.2470e-01, -7.1908e-06,  1.3502e-01,
        -2.8636e-03, -8.9684e-08, -2.7573e-04, -2.6427e-07,  9.5706e-02,
         1.2657e-01,  1.1041e-02, -2.0225e-06,  1.9726e-01,  9.6480e-02,
         5.0006e-02, -7.5179e-10,  2.6057e-02,  3.5734e-01, -1.0016e-12,
         1.0110e-01, -1.5850e-07, -2.7108e-11, -5.5770e-07,  2.2287e-01,
         3.3746e-02, -2.7295e-06, -1.0134e-04,  1.4206e-01, -3.9125e-12,
         2.2201e-01,  1.8166e-01,  1.6389e-01,  2.5361e-01, -3.5473e-03,
         2.0198e-01, -1.1389e-05,  1.0945e-01, -4.9169e-08,  2.4569e-01,
         2.4122e-01,  1.9276e-01, -1.1425e-07,  1.2195e-01, -2.2577e-07,
         9.8491e-02,  1.1746e-01,  1.0777e-01,  1.7332e-01, -9.1547e-09,
         2.1067e-02,  1.4976e-01,  2.8485e-01,  2.8284e-02,  1.7071e-01,
        -1.6360e-06, -7.6475e-05, -4.9539e-08, -1.4016e-05, -1.4373e-12,
         2.0997e-01,  4.7502e-02, -7.3710e-03,  1.9521e-01], device='cuda:0',
       grad_fn=<SliceBackward0>)
domian_feature+Z: tensor([[ 1.4953e-01,  5.7870e-02, -8.8948e-02,  2.8936e-02,  1.3347e-01,
         -1.0636e-01, -5.9386e-02,  8.0300e-02,  1.2100e-01, -6.2055e-05],
        [ 1.4953e-01,  5.7870e-02, -8.8948e-02,  2.8936e-02,  1.3347e-01,
         -1.0636e-01, -5.9386e-02,  8.0300e-02,  1.2100e-01, -1.8258e-03]],
       device='cuda:0', grad_fn=<SliceBackward0>)
Epoch:35 Time:88.4 Data:0.0 Loss:0.0001 Cls Loss:6.5539 Cls Loss Theta:6.5539 Pair Loss:0.2546 KL Loss:60.5702 KLD Theta:60.5702 Recon Loss:0.0001 Acc:0.0009 Theta Acc:0.0013 
=> Test at epoch 35
Extracted features for query set, obtained torch.Size([2228, 64]) matrix
Extracted features for gallery set, obtained torch.Size([17661, 64]) matrix
Extracting features complete in 0m 53s
Distance computing in 0m 0s
Computing CMC and mAP
Results ---------------------------------------------------
top1:85.1% top5:92.1% top10:94.2% top20:95.9% mAP:72.7%
-----------------------------------------------------------
Using 0m 2s
=> centroids.dtype: torch.float32
=> Only CVAE KL
=> Use Multivariate Gaussian As the Prior
image_tensor: tensor([-0.0289, -0.0258,  0.0414,  ..., -0.0018,  0.0190,  0.0068],
       device='cuda:0')
x_proj_norm.shape:torch.Size([64, 64]), tensor([-4.5611e-05,  3.9652e-03,  6.6461e-02, -9.5681e-06,  2.8467e-01,
        -2.7302e-03, -1.8631e-07, -3.4751e-05, -4.3052e-08,  6.6035e-02,
         3.1946e-01,  2.8104e-02, -8.6074e-07,  1.4898e-01,  1.1400e-02,
        -2.0723e-03, -3.8081e-09,  7.4586e-03,  8.0929e-02, -1.4465e-11,
         1.0988e-01, -2.6984e-07, -4.4850e-11, -2.6648e-07,  1.3124e-01,
         4.1245e-02, -8.2615e-07, -2.6381e-05,  2.3307e-01, -4.4883e-12,
         2.5510e-01,  1.4146e-01,  8.7486e-02,  2.6683e-01, -1.2495e-03,
         2.6253e-01, -6.0142e-06,  2.1465e-01, -2.4425e-08,  1.5870e-01,
         1.6503e-01,  1.5929e-01, -2.6764e-08,  1.0811e-01, -5.9985e-08,
         1.7249e-01,  1.6714e-01,  1.3406e-01,  2.2202e-01, -7.7529e-09,
         1.4825e-03,  9.8436e-02,  1.7113e-01,  2.8086e-02,  1.6251e-01,
        -3.1699e-06, -8.2770e-05, -2.7838e-08, -1.2913e-05,  7.8519e-14,
         2.1622e-01,  8.0643e-02,  1.0267e-02,  2.8282e-01], device='cuda:0',
       grad_fn=<SliceBackward0>)
domian_feature+Z: tensor([[ 9.5604e-02,  1.3219e-03, -6.7904e-02,  1.5358e-01,  8.5052e-02,
         -1.8308e-01, -1.1529e-01,  1.2105e-01,  6.0491e-02, -4.5611e-05],
        [ 9.5604e-02,  1.3219e-03, -6.7904e-02,  1.5358e-01,  8.5052e-02,
         -1.8308e-01, -1.1529e-01,  1.2105e-01,  6.0491e-02,  3.9652e-03]],
       device='cuda:0', grad_fn=<SliceBackward0>)
Epoch:36 Time:83.8 Data:0.0 Loss:0.0001 Cls Loss:6.5539 Cls Loss Theta:6.5539 Pair Loss:0.2541 KL Loss:60.5734 KLD Theta:60.5734 Recon Loss:0.0001 Acc:0.0010 Theta Acc:0.0014 
=> centroids.dtype: torch.float32
=> Only CVAE KL
=> Use Multivariate Gaussian As the Prior
image_tensor: tensor([-0.0047,  0.0165,  0.0419,  ..., -0.0084,  0.0268,  0.0028],
       device='cuda:0')
x_proj_norm.shape:torch.Size([64, 64]), tensor([-3.1601e-05, -1.0569e-03,  2.4066e-01, -3.4976e-06,  2.8850e-01,
        -5.9604e-03, -1.7802e-08,  5.0015e-03, -5.6294e-08,  8.4989e-02,
         3.6769e-02,  1.4391e-02,  2.5178e-07,  1.4932e-01,  1.5798e-01,
        -5.0565e-04,  2.5855e-05,  4.6120e-02,  1.5475e-01, -4.1877e-09,
         7.9172e-02, -6.1122e-08,  9.4344e-09, -2.5312e-08,  2.6748e-01,
        -2.7238e-04, -2.7105e-07, -7.8066e-05,  2.2477e-01, -3.5808e-10,
         2.6736e-01,  2.0510e-01,  1.7301e-01,  1.6974e-01, -8.1048e-04,
         1.3182e-01, -1.5523e-06,  2.3699e-01, -4.2293e-09,  1.8818e-01,
         6.1721e-02,  2.6703e-01, -6.5325e-08,  1.7817e-01, -2.8201e-08,
         1.5044e-01,  3.3864e-02,  1.4859e-01,  1.3087e-01,  4.3728e-09,
         3.5006e-02,  3.3036e-01,  3.5161e-02, -1.3621e-03,  3.1370e-02,
        -5.0076e-07, -1.7430e-05, -2.7298e-08, -2.9038e-06, -3.4804e-11,
         2.1119e-01,  4.7117e-02,  1.7018e-02,  1.9334e-01], device='cuda:0',
       grad_fn=<SliceBackward0>)
domian_feature+Z: tensor([[ 1.9352e-01,  1.2209e-01, -4.3817e-02,  7.1004e-02,  4.0364e-02,
         -1.2608e-01, -5.8688e-02,  1.4692e-01,  1.3217e-01, -3.1601e-05],
        [ 1.9352e-01,  1.2209e-01, -4.3817e-02,  7.1004e-02,  4.0364e-02,
         -1.2608e-01, -5.8688e-02,  1.4692e-01,  1.3217e-01, -1.0569e-03]],
       device='cuda:0', grad_fn=<SliceBackward0>)
Epoch:37 Time:85.7 Data:0.0 Loss:0.0001 Cls Loss:6.5539 Cls Loss Theta:6.5539 Pair Loss:0.2541 KL Loss:60.5696 KLD Theta:60.5696 Recon Loss:0.0001 Acc:0.0010 Theta Acc:0.0014 
=> centroids.dtype: torch.float32
=> Only CVAE KL
=> Use Multivariate Gaussian As the Prior
image_tensor: tensor([-0.0349, -0.0018,  0.0195,  ...,  0.0071,  0.0196,  0.0005],
       device='cuda:0')
x_proj_norm.shape:torch.Size([64, 64]), tensor([ 2.3597e-05, -8.9994e-04,  2.3736e-01, -9.9771e-07,  1.5530e-01,
        -1.1669e-03, -8.0235e-09,  3.5563e-03, -2.5269e-07,  1.9990e-01,
         2.0734e-02,  1.0590e-01, -7.1073e-08,  6.5498e-02,  1.2232e-01,
         5.9758e-02, -5.7047e-04,  3.2309e-02,  1.5489e-01, -1.3985e-03,
         9.0492e-02, -3.6758e-07,  2.7425e-06, -1.2777e-07,  2.9275e-01,
         2.0015e-02, -3.3525e-07, -3.6932e-05,  8.0603e-02, -5.9644e-07,
         1.2885e-01,  1.6275e-01,  3.3654e-01,  1.4354e-01,  1.6117e-03,
         1.6373e-01, -4.3158e-07,  1.7346e-01, -2.5252e-09,  2.0561e-01,
         2.2382e-01,  2.9430e-01, -8.8735e-06,  3.0467e-01, -1.7944e-07,
         3.2017e-01,  1.0319e-01,  1.3160e-01,  1.5795e-01, -2.4424e-07,
         1.4974e-02,  1.5593e-01,  7.2485e-02,  4.1777e-02,  1.1444e-01,
        -3.6481e-07, -2.9389e-05, -1.4191e-08, -2.6088e-06,  3.9135e-06,
         1.0827e-01,  3.9849e-02, -1.5640e-03,  5.9807e-03], device='cuda:0',
       grad_fn=<SliceBackward0>)
domian_feature+Z: tensor([[ 1.3068e-01,  6.3976e-02, -9.2186e-02,  2.2749e-02,  1.5815e-01,
         -1.6616e-01, -6.6489e-02,  1.4360e-01,  1.9343e-01,  2.3597e-05],
        [ 1.3068e-01,  6.3976e-02, -9.2186e-02,  2.2749e-02,  1.5815e-01,
         -1.6616e-01, -6.6489e-02,  1.4360e-01,  1.9343e-01, -8.9994e-04]],
       device='cuda:0', grad_fn=<SliceBackward0>)
Epoch:38 Time:87.5 Data:0.0 Loss:0.0001 Cls Loss:6.5539 Cls Loss Theta:6.5539 Pair Loss:0.2543 KL Loss:60.5750 KLD Theta:60.5750 Recon Loss:0.0001 Acc:0.0012 Theta Acc:0.0012 
=> centroids.dtype: torch.float32
=> Only CVAE KL
=> Use Multivariate Gaussian As the Prior
image_tensor: tensor([-0.0270, -0.0166,  0.0382,  ...,  0.0105,  0.0128,  0.0029],
       device='cuda:0')
x_proj_norm.shape:torch.Size([64, 64]), tensor([-2.2682e-05,  9.7562e-03,  2.0119e-01, -3.8135e-07,  2.5849e-01,
         1.6024e-02, -3.7641e-08, -7.6120e-05, -1.6361e-07,  9.2119e-02,
         8.7828e-02,  2.8177e-02, -6.1726e-09,  2.4605e-01,  1.0093e-01,
        -7.8743e-05, -1.5446e-04,  1.4144e-02,  1.9122e-01, -8.4786e-05,
         6.2087e-02, -8.0546e-08, -7.1457e-04, -4.9670e-08,  2.0199e-01,
         5.7934e-02,  1.0463e-07, -2.5633e-05,  2.0591e-01, -6.8415e-03,
         3.2509e-01,  1.0410e-01,  1.8941e-01,  3.2112e-01, -1.9701e-03,
         1.4733e-01, -3.3765e-07,  1.8797e-01, -8.6940e-08, -3.1349e-03,
         1.6915e-01,  7.1049e-02, -9.6258e-06,  3.2474e-02, -3.1863e-08,
         2.6924e-01,  2.0015e-01,  1.6915e-01,  1.4587e-01, -3.6477e-04,
         2.0805e-03,  8.5163e-02,  2.4888e-01,  8.1433e-02,  1.4500e-01,
        -7.1696e-07, -4.0585e-06, -2.8441e-08, -2.8837e-07, -2.5336e-03,
         1.5635e-01,  5.3345e-02, -5.2176e-04,  2.0822e-01], device='cuda:0',
       grad_fn=<SliceBackward0>)
domian_feature+Z: tensor([[ 9.3595e-02,  1.6242e-02, -8.4966e-02, -7.2154e-02,  7.1851e-02,
         -1.7942e-01, -8.4403e-02,  5.0406e-02,  2.3468e-02, -2.2682e-05],
        [ 9.3595e-02,  1.6242e-02, -8.4966e-02, -7.2154e-02,  7.1851e-02,
         -1.7942e-01, -8.4403e-02,  5.0406e-02,  2.3468e-02,  9.7562e-03]],
       device='cuda:0', grad_fn=<SliceBackward0>)
Epoch:39 Time:86.9 Data:0.0 Loss:0.0001 Cls Loss:6.5539 Cls Loss Theta:6.5539 Pair Loss:0.2549 KL Loss:60.5740 KLD Theta:60.5740 Recon Loss:0.0001 Acc:0.0010 Theta Acc:0.0015 
=> centroids.dtype: torch.float32
=> Only CVAE KL
=> Use Multivariate Gaussian As the Prior
image_tensor: tensor([-0.0157,  0.0073,  0.0383,  ...,  0.0077,  0.0078,  0.0132],
       device='cuda:0')
x_proj_norm.shape:torch.Size([64, 64]), tensor([-1.9719e-05, -1.0670e-03,  1.5498e-01, -1.3643e-07,  2.5773e-01,
         6.9010e-03, -1.7526e-09,  2.7326e-03, -5.0019e-06,  1.0383e-01,
         3.8309e-02,  6.5391e-02, -2.1630e-08,  1.4386e-01,  1.5210e-01,
         6.4183e-02, -3.9573e-05,  7.4057e-03,  2.4873e-01, -1.7717e-05,
         4.9310e-02, -2.9889e-08, -1.4040e-04, -1.9050e-08,  2.0671e-01,
         1.0675e-02, -9.2818e-09, -1.8830e-05,  1.9129e-01, -4.0606e-04,
         2.3760e-01,  6.5532e-02,  2.6137e-01,  1.3900e-01, -1.5098e-03,
         2.0067e-01, -5.3356e-08,  2.3199e-01, -5.4348e-09,  1.1459e-01,
         1.6387e-01,  6.2417e-02, -2.3003e-05,  1.3900e-01, -3.5455e-08,
         2.3217e-01,  1.1497e-01,  1.7906e-01,  1.1666e-01, -1.8777e-04,
         1.9454e-02,  2.8279e-01,  3.0381e-01,  3.5425e-02,  2.5636e-01,
        -2.3053e-07, -4.6830e-05, -1.6701e-05, -4.8844e-07, -1.0264e-03,
         9.7992e-02,  9.9252e-02, -1.9296e-03,  1.5325e-01], device='cuda:0',
       grad_fn=<SliceBackward0>)
domian_feature+Z: tensor([[ 1.1519e-01, -6.0571e-03, -1.3120e-01,  6.5644e-03,  1.5239e-01,
         -1.1587e-01, -9.2294e-02, -4.4647e-02,  8.0797e-02, -1.9719e-05],
        [ 1.1519e-01, -6.0571e-03, -1.3120e-01,  6.5644e-03,  1.5239e-01,
         -1.1587e-01, -9.2294e-02, -4.4647e-02,  8.0797e-02, -1.0670e-03]],
       device='cuda:0', grad_fn=<SliceBackward0>)
Epoch:40 Time:84.3 Data:0.0 Loss:0.0001 Cls Loss:6.5539 Cls Loss Theta:6.5539 Pair Loss:0.2551 KL Loss:60.5713 KLD Theta:60.5713 Recon Loss:0.0001 Acc:0.0011 Theta Acc:0.0012 
=> Test at epoch 40
Extracted features for query set, obtained torch.Size([2228, 64]) matrix
Extracted features for gallery set, obtained torch.Size([17661, 64]) matrix
Extracting features complete in 0m 10s
Distance computing in 0m 0s
Computing CMC and mAP
Results ---------------------------------------------------
top1:85.2% top5:92.1% top10:94.3% top20:95.7% mAP:72.5%
-----------------------------------------------------------
Using 0m 3s
=> centroids.dtype: torch.float32
=> Only CVAE KL
=> Use Multivariate Gaussian As the Prior
image_tensor: tensor([-0.0180, -0.0061,  0.0290,  ..., -0.0039,  0.0179, -0.0028],
       device='cuda:0')
x_proj_norm.shape:torch.Size([64, 64]), tensor([-1.2431e-05, -4.9897e-04,  3.0279e-01, -1.1405e-07,  2.0340e-01,
        -1.2974e-03, -8.1016e-10,  9.3577e-04, -1.8727e-06,  8.2654e-02,
         1.8091e-01, -1.2592e-03, -1.0663e-08,  2.7325e-02,  1.5639e-01,
        -2.4027e-04, -4.8991e-05,  2.3951e-02,  2.4565e-01, -8.3175e-06,
         8.8962e-02, -1.6397e-08, -7.5616e-05, -2.0355e-08,  2.2806e-01,
         2.2770e-02, -2.7698e-08, -1.4426e-05,  2.7586e-01, -3.6089e-04,
         2.1135e-01,  1.4181e-01,  3.7191e-02,  1.3091e-01,  4.7921e-04,
         2.4371e-01, -2.8540e-08,  1.9209e-01, -2.0412e-09,  2.1790e-01,
         1.5160e-01,  1.5106e-01, -1.0754e-04,  9.8495e-02, -2.4899e-08,
         1.6168e-01,  2.1946e-01,  1.9853e-01,  2.5455e-01, -1.2226e-04,
        -6.7330e-04,  2.0445e-01,  4.1573e-02, -2.3170e-03,  1.6158e-01,
        -1.1327e-07, -2.8278e-05, -1.6237e-05, -4.2613e-07, -6.7717e-04,
         2.3190e-01, -1.7473e-03, -5.2894e-04,  1.4137e-01], device='cuda:0',
       grad_fn=<SliceBackward0>)
domian_feature+Z: tensor([[ 1.5974e-01,  3.1445e-02, -1.4440e-01,  7.5122e-02,  9.4295e-02,
         -1.0921e-01, -3.6826e-02,  2.9719e-02,  4.1638e-02, -1.2431e-05],
        [ 1.5974e-01,  3.1445e-02, -1.4440e-01,  7.5122e-02,  9.4295e-02,
         -1.0921e-01, -3.6826e-02,  2.9719e-02,  4.1638e-02, -4.9897e-04]],
       device='cuda:0', grad_fn=<SliceBackward0>)
Epoch:41 Time:83.7 Data:0.0 Loss:0.0001 Cls Loss:6.5539 Cls Loss Theta:6.5539 Pair Loss:0.2555 KL Loss:60.5780 KLD Theta:60.5780 Recon Loss:0.0001 Acc:0.0011 Theta Acc:0.0014 
=> centroids.dtype: torch.float32
=> Only CVAE KL
=> Use Multivariate Gaussian As the Prior
image_tensor: tensor([-0.0106, -0.0195,  0.0544,  ...,  0.0013,  0.0107, -0.0033],
       device='cuda:0')
x_proj_norm.shape:torch.Size([64, 64]), tensor([-1.1004e-06,  4.9128e-04,  1.7889e-01, -1.0745e-07,  3.0216e-01,
        -5.3710e-03, -3.7310e-10,  5.1843e-03, -1.9415e-06,  9.7004e-02,
         7.5689e-02,  3.4142e-02, -6.4920e-09,  1.0269e-01,  1.0873e-01,
        -3.7584e-03, -2.9230e-05,  3.8471e-02,  2.4890e-01, -6.1460e-06,
         1.0634e-01, -6.3599e-09, -4.4773e-05, -1.1884e-08,  2.3934e-01,
         9.9730e-03, -1.4413e-08, -7.7366e-06,  2.5539e-01, -2.8413e-04,
         2.4664e-01,  2.3467e-01,  1.8859e-01,  1.4891e-01, -2.0336e-04,
         1.0341e-01, -3.7083e-09,  1.9927e-01, -2.5225e-10,  1.6224e-01,
         9.8291e-02,  2.3821e-01, -1.6951e-04,  1.9996e-01, -1.8361e-08,
         1.6947e-01,  1.2247e-01,  1.1708e-01,  2.7907e-01, -6.9345e-05,
         2.9990e-02,  2.2763e-01,  6.5058e-02,  1.7846e-02,  5.3243e-02,
        -1.6465e-07, -1.1672e-05, -6.0184e-06,  3.2152e-07, -4.7316e-04,
         1.6813e-01,  3.0432e-02,  1.1554e-02,  2.4272e-01], device='cuda:0',
       grad_fn=<SliceBackward0>)
domian_feature+Z: tensor([[ 1.5545e-01,  2.3033e-02, -1.0513e-01,  4.9936e-02,  5.4022e-02,
         -1.8707e-01, -6.9668e-02,  8.1670e-02,  1.5964e-01, -1.1004e-06],
        [ 1.5545e-01,  2.3033e-02, -1.0513e-01,  4.9936e-02,  5.4022e-02,
         -1.8707e-01, -6.9668e-02,  8.1670e-02,  1.5964e-01,  4.9128e-04]],
       device='cuda:0', grad_fn=<SliceBackward0>)
Epoch:42 Time:85.5 Data:0.0 Loss:0.0001 Cls Loss:6.5539 Cls Loss Theta:6.5539 Pair Loss:0.2566 KL Loss:60.5768 KLD Theta:60.5768 Recon Loss:0.0001 Acc:0.0012 Theta Acc:0.0014 
=> centroids.dtype: torch.float32
=> Only CVAE KL
=> Use Multivariate Gaussian As the Prior
image_tensor: tensor([-0.0052, -0.0028,  0.0501,  ...,  0.0023,  0.0083, -0.0059],
       device='cuda:0')
x_proj_norm.shape:torch.Size([64, 64]), tensor([-1.6709e-05,  2.1661e-02,  3.4535e-01, -6.5251e-08,  2.6806e-01,
        -1.4617e-03, -1.7009e-10,  1.0044e-02, -7.5319e-07,  2.2903e-02,
         9.7159e-02,  9.3215e-02, -4.4229e-09,  6.1487e-02,  1.9531e-01,
         4.7915e-02, -2.4261e-05,  6.0777e-02,  9.4629e-02, -2.8500e-06,
         1.7841e-01, -5.4996e-09, -1.7382e-05, -1.1738e-08,  2.4187e-01,
         8.0279e-02,  8.6672e-08, -1.3723e-05,  1.0369e-03, -3.3074e-04,
         1.5132e-01,  4.9879e-02,  1.8995e-01,  2.8405e-01,  1.2481e-02,
         1.4967e-01, -6.1441e-09,  3.1354e-01, -4.8350e-10,  2.0195e-01,
         1.6208e-01,  2.9577e-01, -1.6142e-04,  7.4238e-03, -8.4259e-09,
         1.7008e-01,  1.1455e-01,  2.1003e-01,  2.6978e-01, -5.1765e-05,
        -3.2104e-03,  7.2506e-02,  8.6869e-02,  4.5068e-02,  1.2217e-01,
         4.5944e-07, -2.0142e-05, -1.4492e-06, -3.6426e-07, -2.8286e-04,
         1.0680e-01,  1.2620e-01,  4.5786e-02, -5.5805e-05], device='cuda:0',
       grad_fn=<SliceBackward0>)
domian_feature+Z: tensor([[ 1.2748e-01,  5.4485e-02, -1.1816e-01, -4.2322e-02,  1.2931e-01,
         -1.8028e-01, -8.6555e-02,  7.3573e-02,  1.1326e-01, -1.6709e-05],
        [ 1.2748e-01,  5.4485e-02, -1.1816e-01, -4.2322e-02,  1.2931e-01,
         -1.8028e-01, -8.6555e-02,  7.3573e-02,  1.1326e-01,  2.1661e-02]],
       device='cuda:0', grad_fn=<SliceBackward0>)
Epoch:43 Time:84.6 Data:0.0 Loss:0.0001 Cls Loss:6.5539 Cls Loss Theta:6.5539 Pair Loss:0.2571 KL Loss:60.5754 KLD Theta:60.5754 Recon Loss:0.0001 Acc:0.0012 Theta Acc:0.0012 
=> centroids.dtype: torch.float32
=> Only CVAE KL
=> Use Multivariate Gaussian As the Prior
image_tensor: tensor([-0.0421, -0.0443, -0.0105,  ...,  0.0004,  0.0040,  0.0065],
       device='cuda:0')
x_proj_norm.shape:torch.Size([64, 64]), tensor([-5.2700e-06, -2.4462e-03,  1.2196e-01, -4.4347e-08,  1.1322e-01,
        -3.1223e-03, -5.1996e-11,  1.5742e-03, -6.7641e-07,  1.3499e-01,
         1.3429e-01,  4.0495e-02, -1.5554e-09,  1.5111e-01,  5.9134e-02,
         2.1852e-02, -1.7176e-05, -2.4887e-03,  3.2676e-01, -1.3951e-06,
         3.3430e-02, -1.9637e-09, -1.7724e-05, -4.0050e-10,  1.1824e-01,
         3.3083e-02, -9.9930e-09, -1.4099e-06,  2.9415e-01, -2.1506e-04,
         2.4661e-01,  2.1630e-01,  1.7316e-01,  7.1508e-02, -1.6345e-03,
         2.5091e-01, -2.3275e-08,  1.3771e-01, -8.3419e-10,  8.3818e-02,
         2.7808e-01,  2.3760e-01, -2.1079e-05,  2.4583e-01, -4.9479e-09,
         1.4219e-01,  1.2529e-01,  5.2874e-02,  1.6242e-01, -2.6563e-05,
         3.4311e-02,  2.8340e-01,  2.1105e-01,  3.4872e-02,  1.3573e-01,
        -3.0389e-07, -2.5070e-05, -1.1747e-06,  9.4500e-07, -1.9784e-04,
         1.3592e-01,  7.2864e-02, -1.5497e-03,  1.9363e-01], device='cuda:0',
       grad_fn=<SliceBackward0>)
domian_feature+Z: tensor([[ 1.7176e-01,  9.9389e-02, -5.6061e-02,  7.6580e-02,  3.7207e-02,
         -6.2206e-02,  1.4813e-02,  2.0812e-01,  7.6311e-02, -5.2700e-06],
        [ 1.7176e-01,  9.9389e-02, -5.6061e-02,  7.6580e-02,  3.7207e-02,
         -6.2206e-02,  1.4813e-02,  2.0812e-01,  7.6311e-02, -2.4462e-03]],
       device='cuda:0', grad_fn=<SliceBackward0>)
Epoch:44 Time:87.1 Data:0.0 Loss:0.0001 Cls Loss:6.5539 Cls Loss Theta:6.5539 Pair Loss:0.2569 KL Loss:60.5757 KLD Theta:60.5757 Recon Loss:0.0001 Acc:0.0012 Theta Acc:0.0012 
=> centroids.dtype: torch.float32
=> Only CVAE KL
=> Use Multivariate Gaussian As the Prior
image_tensor: tensor([-0.0050, -0.0323,  0.0471,  ...,  0.0079,  0.0111,  0.0047],
       device='cuda:0')
x_proj_norm.shape:torch.Size([64, 64]), tensor([-5.7880e-06, -8.9469e-04,  1.1934e-01, -3.5018e-08,  2.5657e-01,
         1.0227e-02, -6.7544e-11, -2.4018e-04, -7.0340e-07,  6.3390e-02,
         2.6023e-01,  2.1141e-02, -1.5813e-09,  2.2482e-01,  1.8371e-01,
         1.4890e-02, -1.2669e-05,  7.3255e-03,  6.2541e-02, -4.4031e-07,
         3.0447e-02, -2.6052e-09, -7.8574e-06, -3.3243e-09,  1.8278e-01,
         2.6312e-02, -4.6521e-09, -2.5012e-07,  1.1608e-01, -1.9272e-04,
         2.4611e-01,  9.3734e-02,  1.2609e-01,  2.3946e-01, -8.0043e-04,
         1.9143e-01, -1.7083e-08,  2.3118e-01, -5.9296e-10,  2.4300e-01,
         2.1086e-01,  1.2326e-01, -6.9871e-05,  1.1764e-01, -5.7181e-09,
         6.8392e-02,  2.5995e-01,  2.6197e-01,  9.1494e-02, -1.5656e-05,
         8.1980e-03,  2.2479e-01,  2.3374e-01,  2.1776e-02,  1.4518e-01,
        -1.3384e-07, -1.1019e-05, -4.8829e-07, -2.6675e-07, -1.0587e-04,
         2.0540e-01,  9.3761e-02,  4.3777e-03,  1.3492e-01], device='cuda:0',
       grad_fn=<SliceBackward0>)
domian_feature+Z: tensor([[ 1.1019e-01,  1.8655e-02, -7.7405e-02,  2.9892e-02,  7.5048e-02,
         -1.4808e-01, -1.4068e-01,  3.9264e-02,  4.4834e-02, -5.7880e-06],
        [ 1.1019e-01,  1.8655e-02, -7.7405e-02,  2.9892e-02,  7.5048e-02,
         -1.4808e-01, -1.4068e-01,  3.9264e-02,  4.4834e-02, -8.9469e-04]],
       device='cuda:0', grad_fn=<SliceBackward0>)
Epoch:45 Time:87.5 Data:0.0 Loss:0.0001 Cls Loss:6.5539 Cls Loss Theta:6.5539 Pair Loss:0.2572 KL Loss:60.5748 KLD Theta:60.5748 Recon Loss:0.0001 Acc:0.0013 Theta Acc:0.0012 
=> Test at epoch 45
Extracted features for query set, obtained torch.Size([2228, 64]) matrix
Extracted features for gallery set, obtained torch.Size([17661, 64]) matrix
Extracting features complete in 0m 10s
Distance computing in 0m 0s
Computing CMC and mAP
Results ---------------------------------------------------
top1:85.0% top5:92.1% top10:94.4% top20:95.6% mAP:72.6%
-----------------------------------------------------------
Using 0m 2s
=> centroids.dtype: torch.float32
=> Only CVAE KL
=> Use Multivariate Gaussian As the Prior
image_tensor: tensor([ 0.0028, -0.0279,  0.0113,  ..., -0.0044,  0.0030,  0.0053],
       device='cuda:0')
x_proj_norm.shape:torch.Size([64, 64]), tensor([-3.4048e-06, -1.7976e-03,  9.9815e-02, -2.0853e-08,  2.2556e-01,
        -4.7928e-03, -3.7450e-11,  4.4172e-03, -4.4512e-07,  8.1558e-02,
         1.3089e-01,  3.7246e-02, -9.5491e-10,  5.6616e-02,  8.6913e-02,
        -2.4279e-03, -1.4055e-05,  1.5007e-02,  2.9829e-01, -1.0788e-06,
         6.6697e-02, -1.6360e-10, -5.6561e-06, -5.9351e-09,  1.7388e-01,
         1.0244e-02, -1.0568e-08, -4.7417e-06,  3.1987e-01, -1.0680e-04,
         2.7143e-01,  2.1821e-01,  1.6612e-01,  8.3090e-02, -7.5733e-04,
         1.4582e-01, -3.1433e-09,  2.2842e-01, -4.5854e-10,  1.6134e-01,
         1.7415e-01,  2.3380e-01, -3.9746e-05,  2.8047e-01, -3.5595e-09,
         1.3066e-01,  7.2082e-02,  8.7206e-02,  1.9601e-01, -5.7166e-06,
         3.5549e-02,  2.3540e-01,  1.8969e-01,  2.3449e-02,  1.3548e-01,
        -1.6733e-07, -9.6321e-06, -3.4306e-07,  5.0749e-07, -6.3659e-05,
         9.2062e-02,  7.9419e-02,  2.7731e-04,  2.5123e-01], device='cuda:0',
       grad_fn=<SliceBackward0>)
domian_feature+Z: tensor([[ 6.8384e-02,  4.2574e-02, -1.4204e-01,  1.0743e-01,  1.2350e-01,
         -1.8883e-01, -2.6567e-02,  1.3863e-02,  1.7449e-01, -3.4048e-06],
        [ 6.8384e-02,  4.2574e-02, -1.4204e-01,  1.0743e-01,  1.2350e-01,
         -1.8883e-01, -2.6567e-02,  1.3863e-02,  1.7449e-01, -1.7976e-03]],
       device='cuda:0', grad_fn=<SliceBackward0>)
Epoch:46 Time:82.7 Data:0.0 Loss:0.0001 Cls Loss:6.5539 Cls Loss Theta:6.5539 Pair Loss:0.2575 KL Loss:60.5735 KLD Theta:60.5735 Recon Loss:0.0001 Acc:0.0012 Theta Acc:0.0013 
=> centroids.dtype: torch.float32
=> Only CVAE KL
=> Use Multivariate Gaussian As the Prior
image_tensor: tensor([-0.0205,  0.0010,  0.0603,  ..., -0.0023,  0.0051,  0.0094],
       device='cuda:0')
x_proj_norm.shape:torch.Size([64, 64]), tensor([ 4.2337e-06, -8.6606e-04,  1.8630e-01, -4.1123e-08,  2.0614e-01,
         1.6092e-03, -4.4897e-11, -1.5640e-03, -1.7041e-07,  1.0205e-01,
         2.0220e-01,  4.3075e-02, -1.1698e-09,  1.0754e-01,  1.7406e-01,
         3.4591e-02, -1.6514e-05,  2.5994e-02,  2.0803e-01, -1.0055e-06,
         6.6864e-03, -5.0990e-10, -4.8927e-06,  4.2182e-09,  5.7496e-02,
        -3.3617e-03, -4.7784e-09,  2.0688e-05,  2.8748e-01, -3.6035e-05,
         7.7055e-02, -2.1163e-03,  2.0868e-01,  5.6094e-02,  2.5255e-03,
         1.0941e-01, -2.7623e-09,  2.6603e-01, -1.8872e-10,  2.3212e-01,
         2.7662e-01,  1.2131e-01, -3.8601e-05,  1.3062e-01, -9.1965e-10,
         2.5904e-01,  1.3480e-01,  4.0437e-01,  1.5029e-01, -3.1223e-06,
        -7.8948e-03,  1.4268e-01,  1.4945e-01, -7.3488e-03,  1.5850e-01,
        -1.0397e-07, -3.1455e-06, -4.0133e-07,  1.1454e-07, -2.6439e-05,
         1.7062e-01,  6.4512e-02, -7.0887e-04,  1.6207e-01], device='cuda:0',
       grad_fn=<SliceBackward0>)
domian_feature+Z: tensor([[ 1.0978e-01,  1.5045e-01, -1.0436e-01,  3.1628e-02,  3.5019e-02,
         -2.0100e-01, -3.7335e-03,  7.7246e-02,  1.1905e-01,  4.2337e-06],
        [ 1.0978e-01,  1.5045e-01, -1.0436e-01,  3.1628e-02,  3.5019e-02,
         -2.0100e-01, -3.7335e-03,  7.7246e-02,  1.1905e-01, -8.6606e-04]],
       device='cuda:0', grad_fn=<SliceBackward0>)
Epoch:47 Time:86.5 Data:0.0 Loss:0.0001 Cls Loss:6.5539 Cls Loss Theta:6.5539 Pair Loss:0.2573 KL Loss:60.5740 KLD Theta:60.5740 Recon Loss:0.0001 Acc:0.0012 Theta Acc:0.0013 
=> centroids.dtype: torch.float32
=> Only CVAE KL
=> Use Multivariate Gaussian As the Prior
image_tensor: tensor([-0.0068,  0.0213,  0.0435,  ..., -0.0002,  0.0235,  0.0036],
       device='cuda:0')
x_proj_norm.shape:torch.Size([64, 64]), tensor([-3.0350e-06, -4.9943e-05,  7.0084e-02, -1.1432e-08,  3.3800e-01,
        -2.0576e-05, -2.9382e-11,  3.1373e-03, -2.0180e-07,  7.9024e-02,
         2.0745e-01,  5.1100e-02, -3.7037e-10,  9.7490e-02,  9.8693e-02,
         1.2521e-02, -6.8759e-06,  2.1335e-02,  1.0227e-01, -3.8451e-07,
         7.0445e-02, -4.2924e-10, -2.0526e-06, -3.5106e-09,  1.8951e-01,
         3.4779e-02, -4.1234e-09, -3.0296e-06,  9.2537e-02, -1.5467e-04,
         2.3987e-01,  9.3770e-02,  1.3624e-01,  2.7977e-01, -3.5946e-05,
         2.6737e-01, -2.7759e-09,  3.3277e-01, -3.2440e-11,  2.1307e-01,
         8.0221e-02,  1.5364e-01, -2.9303e-05,  1.8446e-01, -1.3880e-09,
         1.8622e-01,  1.3685e-01,  2.8212e-01,  8.1042e-02, -8.9984e-06,
         1.0697e-02,  2.2507e-01,  1.5498e-01, -3.5504e-04,  8.7092e-02,
        -1.2497e-07, -1.5035e-05, -1.2481e-07,  3.0869e-07, -1.3402e-05,
         2.3877e-01,  9.1483e-02,  4.2899e-03,  7.4735e-02], device='cuda:0',
       grad_fn=<SliceBackward0>)
domian_feature+Z: tensor([[ 1.7201e-01,  9.6801e-02, -2.1625e-01,  5.1148e-02,  3.8191e-02,
         -1.2643e-01, -6.0429e-02,  8.7116e-02,  2.1493e-01, -3.0350e-06],
        [ 1.7201e-01,  9.6801e-02, -2.1625e-01,  5.1148e-02,  3.8191e-02,
         -1.2643e-01, -6.0429e-02,  8.7116e-02,  2.1493e-01, -4.9943e-05]],
       device='cuda:0', grad_fn=<SliceBackward0>)
Epoch:48 Time:74.6 Data:0.0 Loss:0.0001 Cls Loss:6.5539 Cls Loss Theta:6.5539 Pair Loss:0.2579 KL Loss:60.5733 KLD Theta:60.5733 Recon Loss:0.0001 Acc:0.0014 Theta Acc:0.0014 
=> centroids.dtype: torch.float32
=> Only CVAE KL
=> Use Multivariate Gaussian As the Prior
image_tensor: tensor([-0.0102,  0.0105,  0.0142,  ...,  0.0056,  0.0029,  0.0196],
       device='cuda:0')
x_proj_norm.shape:torch.Size([64, 64]), tensor([-4.1882e-06, -1.2471e-03,  1.5677e-02, -4.7753e-08,  1.9466e-01,
        -2.2123e-03, -1.8515e-11,  3.4948e-03, -1.3039e-07,  1.5506e-01,
         1.2223e-01,  7.7392e-02, -7.7618e-10,  1.5379e-01,  8.5698e-02,
         1.0939e-01, -9.3208e-06,  7.0723e-03,  2.3691e-01, -6.3886e-08,
         8.2215e-02, -3.0469e-10, -1.6724e-06, -1.7825e-09,  1.8942e-01,
        -4.7868e-03, -1.2620e-08, -3.9227e-06,  1.7628e-01, -8.7731e-05,
         6.7436e-02,  9.3833e-02,  2.7802e-01,  3.3911e-02, -1.1516e-03,
         2.1814e-01, -6.2938e-09,  7.6839e-02, -3.9193e-11,  1.6079e-01,
         2.0574e-01,  1.0193e-01, -6.8954e-06,  1.0576e-01, -4.2125e-10,
         1.5625e-01,  1.9510e-01,  1.2186e-01,  1.9795e-01, -3.1152e-06,
         1.3259e-02,  3.5697e-01,  2.9627e-01, -1.0597e-02,  2.7573e-01,
        -1.9862e-08, -1.1543e-05, -1.2636e-07, -6.0437e-07, -2.1048e-05,
         1.8937e-01,  3.7601e-02, -4.2166e-03,  2.5184e-01], device='cuda:0',
       grad_fn=<SliceBackward0>)
domian_feature+Z: tensor([[ 8.2791e-02,  6.6534e-02, -1.4508e-01, -2.5112e-02,  9.7511e-02,
         -1.1074e-01,  2.1637e-02,  7.8833e-02,  1.2819e-01, -4.1882e-06],
        [ 8.2791e-02,  6.6534e-02, -1.4508e-01, -2.5112e-02,  9.7511e-02,
         -1.1074e-01,  2.1637e-02,  7.8833e-02,  1.2819e-01, -1.2471e-03]],
       device='cuda:0', grad_fn=<SliceBackward0>)
Epoch:49 Time:73.9 Data:0.0 Loss:0.0001 Cls Loss:6.5539 Cls Loss Theta:6.5539 Pair Loss:0.2572 KL Loss:60.5730 KLD Theta:60.5730 Recon Loss:0.0001 Acc:0.0013 Theta Acc:0.0013 
=> centroids.dtype: torch.float32
=> Only CVAE KL
=> Use Multivariate Gaussian As the Prior
image_tensor: tensor([-0.0435, -0.0016,  0.0028,  ...,  0.0005,  0.0066, -0.0055],
       device='cuda:0')
x_proj_norm.shape:torch.Size([64, 64]), tensor([-4.6775e-06,  1.5087e-03,  2.0906e-01, -1.1567e-08,  4.8517e-02,
        -1.5374e-03, -4.0856e-12, -6.7070e-04, -2.6645e-07,  9.2298e-02,
         2.6094e-01,  6.2394e-02, -4.3308e-10,  7.3090e-02,  1.3580e-01,
         3.2288e-02, -1.0162e-05,  1.9129e-02,  2.3186e-01, -1.7300e-07,
         1.2241e-01, -1.7963e-10, -1.1761e-06, -3.1048e-09,  1.6580e-01,
         6.8109e-02, -5.6710e-09, -2.6319e-06,  1.2168e-01, -8.8481e-05,
         1.3538e-01,  1.0886e-01,  6.9547e-02,  2.0054e-01,  3.6155e-03,
         2.3223e-01, -4.5669e-09,  1.9755e-01, -5.8912e-11,  1.8907e-01,
         3.0857e-01,  3.5130e-01, -2.1396e-05,  1.8243e-01, -2.8512e-10,
         1.7135e-01,  2.7267e-01,  1.6583e-01,  2.5708e-01, -2.0927e-06,
        -4.2691e-03, -1.1476e-04,  9.2531e-02,  4.0124e-02,  1.9063e-01,
        -9.1411e-08, -9.0476e-06, -3.9539e-08,  5.0021e-07, -1.0136e-05,
         1.0245e-01,  1.9713e-02,  1.0692e-03,  1.4757e-01], device='cuda:0',
       grad_fn=<SliceBackward0>)
domian_feature+Z: tensor([[ 1.6989e-01,  6.1827e-02, -5.6582e-02, -2.1824e-03,  7.9938e-02,
         -1.2585e-01, -1.5052e-01,  7.7742e-02,  2.9368e-02, -4.6775e-06],
        [ 1.6989e-01,  6.1827e-02, -5.6582e-02, -2.1824e-03,  7.9938e-02,
         -1.2585e-01, -1.5052e-01,  7.7742e-02,  2.9368e-02,  1.5087e-03]],
       device='cuda:0', grad_fn=<SliceBackward0>)
Epoch:50 Time:73.5 Data:0.0 Loss:0.0001 Cls Loss:6.5539 Cls Loss Theta:6.5539 Pair Loss:0.2572 KL Loss:60.5741 KLD Theta:60.5741 Recon Loss:0.0001 Acc:0.0014 Theta Acc:0.0012 
=> Test at epoch 50
Extracted features for query set, obtained torch.Size([2228, 64]) matrix
Extracted features for gallery set, obtained torch.Size([17661, 64]) matrix
Extracting features complete in 0m 8s
Distance computing in 0m 0s
Computing CMC and mAP
Results ---------------------------------------------------
top1:85.0% top5:92.1% top10:94.3% top20:95.7% mAP:72.6%
-----------------------------------------------------------
Using 0m 2s
=> centroids.dtype: torch.float32
=> Only CVAE KL
=> Use Multivariate Gaussian As the Prior
image_tensor: tensor([-0.0191,  0.0065,  0.0266,  ...,  0.0059,  0.0184,  0.0006],
       device='cuda:0')
x_proj_norm.shape:torch.Size([64, 64]), tensor([-4.6614e-06,  5.8952e-03,  1.7485e-01, -4.6402e-09,  2.3120e-01,
        -1.0770e-04, -5.8060e-12,  9.2915e-03, -1.1114e-08, -2.8386e-03,
         2.0312e-01,  6.1541e-03, -2.0411e-10,  2.0236e-01, -2.4047e-03,
        -2.3024e-03, -8.0015e-06, -3.6119e-04,  2.4139e-01,  1.8667e-07,
         1.2220e-01, -1.2916e-10,  1.2117e-06, -5.7753e-09,  2.5162e-01,
         5.8975e-02,  3.5266e-09, -6.8305e-06,  2.4934e-01, -5.9963e-05,
         1.5478e-01,  1.9547e-01,  1.9168e-02,  3.2578e-01, -9.7429e-04,
         1.8304e-01, -3.1029e-09,  1.5295e-01, -3.6062e-11,  1.9999e-01,
         1.5395e-01,  8.1234e-03, -2.4241e-06,  7.3590e-02, -5.1793e-10,
         9.4656e-02,  3.2924e-01,  1.9976e-02,  2.3194e-01,  8.6426e-07,
         3.0355e-02,  1.1624e-01,  1.9469e-01,  3.5785e-02,  1.2987e-01,
        -6.1239e-08,  5.6846e-06, -2.2415e-08, -1.1723e-07, -9.0161e-06,
         8.1336e-02,  3.8691e-02,  1.4566e-02,  2.9343e-01], device='cuda:0',
       grad_fn=<SliceBackward0>)
domian_feature+Z: tensor([[ 1.1446e-01, -1.0651e-02, -2.5242e-02,  2.3177e-02,  5.2003e-02,
         -1.4484e-01, -4.7079e-02,  7.3455e-02,  3.4530e-02, -4.6614e-06],
        [ 1.1446e-01, -1.0651e-02, -2.5242e-02,  2.3177e-02,  5.2003e-02,
         -1.4484e-01, -4.7079e-02,  7.3455e-02,  3.4530e-02,  5.8952e-03]],
       device='cuda:0', grad_fn=<SliceBackward0>)
Epoch:51 Time:71.5 Data:0.0 Loss:0.0001 Cls Loss:6.5539 Cls Loss Theta:6.5539 Pair Loss:0.2576 KL Loss:60.5737 KLD Theta:60.5737 Recon Loss:0.0001 Acc:0.0014 Theta Acc:0.0014 
=> centroids.dtype: torch.float32
=> Only CVAE KL
=> Use Multivariate Gaussian As the Prior
image_tensor: tensor([-0.0194,  0.0009,  0.0203,  ...,  0.0093,  0.0008,  0.0111],
       device='cuda:0')
x_proj_norm.shape:torch.Size([64, 64]), tensor([ 5.9630e-06, -8.7837e-04,  9.3045e-02, -8.1200e-09,  3.0926e-01,
         2.3088e-03, -7.2705e-12, -2.8953e-04, -2.4753e-08,  1.0427e-01,
         1.4528e-01,  1.8632e-02, -2.6983e-10,  2.2270e-01,  1.2254e-01,
         3.1436e-02, -9.2975e-06,  2.2359e-02,  2.5763e-01, -1.1856e-07,
         5.1804e-02, -1.3961e-10, -5.8234e-07, -2.4113e-09,  1.2747e-01,
        -2.6388e-03, -6.9917e-09, -3.7860e-07,  2.0640e-01, -5.1266e-05,
         1.0029e-01,  1.0533e-01,  1.6808e-01,  1.5513e-01, -4.1438e-04,
         1.2295e-01, -2.7074e-09,  1.8733e-01, -1.1975e-11,  2.8768e-01,
         3.1969e-01,  4.8595e-02, -1.0409e-05,  1.3461e-01, -8.3281e-11,
         7.8629e-02,  2.4675e-01,  2.4965e-01,  2.3401e-01,  2.7824e-06,
        -1.2629e-03,  1.9074e-01,  1.0812e-01, -6.5184e-04,  1.4445e-01,
        -4.7394e-08, -2.7532e-06, -4.0745e-08, -8.6008e-09, -5.2341e-06,
         2.0855e-01,  2.4921e-02, -2.9033e-03,  2.0692e-01], device='cuda:0',
       grad_fn=<SliceBackward0>)
domian_feature+Z: tensor([[ 5.5692e-02, -7.3240e-03, -2.1630e-02,  1.0970e-01,  8.3262e-02,
         -2.2201e-01, -3.8947e-02,  8.0071e-02,  1.3602e-01,  5.9630e-06],
        [ 5.5692e-02, -7.3240e-03, -2.1630e-02,  1.0970e-01,  8.3262e-02,
         -2.2201e-01, -3.8947e-02,  8.0071e-02,  1.3602e-01, -8.7837e-04]],
       device='cuda:0', grad_fn=<SliceBackward0>)
Epoch:52 Time:76.2 Data:0.0 Loss:0.0001 Cls Loss:6.5539 Cls Loss Theta:6.5539 Pair Loss:0.2571 KL Loss:60.5742 KLD Theta:60.5742 Recon Loss:0.0001 Acc:0.0015 Theta Acc:0.0013 
=> centroids.dtype: torch.float32
=> Only CVAE KL
=> Use Multivariate Gaussian As the Prior
image_tensor: tensor([-0.0451, -0.0201,  0.0322,  ...,  0.0043, -0.0041,  0.0075],
       device='cuda:0')
x_proj_norm.shape:torch.Size([64, 64]), tensor([-6.9742e-07, -1.5080e-03,  1.2957e-01, -3.3381e-08,  1.5005e-01,
        -1.8099e-03, -4.6728e-13, -1.8388e-03, -5.4934e-09,  8.6636e-02,
         9.2316e-02,  6.8617e-02, -9.9796e-11,  1.2040e-01,  1.9583e-01,
         6.2030e-02, -1.1187e-05,  5.4895e-03,  2.3027e-01, -5.2568e-08,
         6.3058e-02, -2.2659e-11, -2.8195e-07, -9.4818e-10,  7.9438e-02,
        -2.5506e-03, -9.7643e-09, -1.3491e-06,  2.3613e-01, -3.9227e-05,
         6.0875e-02,  3.4679e-02,  1.0964e-01,  6.8020e-02,  9.0535e-04,
         2.1192e-01, -1.6865e-10,  6.9387e-02, -7.5811e-12,  2.7678e-01,
         2.5419e-01,  3.3384e-01, -2.8886e-06,  2.3143e-01, -9.3942e-12,
         2.0910e-01,  1.6800e-01,  2.7746e-01,  2.3647e-01, -4.9198e-07,
        -3.5587e-03,  1.9430e-01,  1.6349e-01, -2.7851e-04,  2.6424e-01,
        -3.6173e-08, -7.6298e-06, -6.8651e-09, -1.8243e-08, -3.6389e-06,
         4.2723e-02,  6.6363e-02, -1.2896e-03,  2.0258e-01], device='cuda:0',
       grad_fn=<SliceBackward0>)
domian_feature+Z: tensor([[ 1.0906e-01,  1.1450e-01,  8.5460e-03,  6.4257e-03, -1.2401e-02,
         -1.8917e-01, -1.8614e-01,  1.8296e-01,  8.1129e-02, -6.9742e-07],
        [ 1.0906e-01,  1.1450e-01,  8.5460e-03,  6.4257e-03, -1.2401e-02,
         -1.8917e-01, -1.8614e-01,  1.8296e-01,  8.1129e-02, -1.5080e-03]],
       device='cuda:0', grad_fn=<SliceBackward0>)
Epoch:53 Time:74.2 Data:0.0 Loss:0.0001 Cls Loss:6.5539 Cls Loss Theta:6.5539 Pair Loss:0.2574 KL Loss:60.5735 KLD Theta:60.5735 Recon Loss:0.0001 Acc:0.0015 Theta Acc:0.0014 
=> centroids.dtype: torch.float32
=> Only CVAE KL
=> Use Multivariate Gaussian As the Prior
image_tensor: tensor([-0.0300, -0.0117,  0.0306,  ...,  0.0177,  0.0097,  0.0024],
       device='cuda:0')
x_proj_norm.shape:torch.Size([64, 64]), tensor([-8.0050e-07,  4.6934e-03,  1.3874e-01, -8.7659e-09,  1.7317e-01,
        -4.8581e-04, -1.6393e-12,  1.6993e-03, -2.0817e-09,  1.3963e-01,
         1.1482e-01,  5.0981e-02, -1.7223e-10,  1.6351e-01,  1.4336e-01,
         3.6006e-02, -1.0817e-05,  3.1319e-02,  1.9008e-01, -5.2567e-09,
         9.4418e-02, -7.9490e-12, -5.4371e-08, -1.4375e-09,  2.7319e-01,
         1.8311e-02, -5.8183e-09, -4.3494e-06,  2.3350e-01, -5.6518e-05,
         2.7160e-01,  1.2821e-01,  2.8998e-01,  2.1813e-01, -3.9764e-04,
         1.4736e-01,  4.7029e-09,  2.0271e-01, -1.0384e-12,  2.1624e-02,
         5.9421e-02,  1.2333e-01, -1.6732e-06,  6.9696e-02, -6.3261e-11,
         2.3619e-01,  1.5116e-01,  1.2880e-01,  2.2836e-01, -5.1609e-07,
         1.6899e-02,  1.4516e-01,  2.9217e-01,  2.6506e-02,  2.1247e-01,
        -1.1437e-08, -1.5815e-06, -1.3388e-09, -1.0306e-07, -1.3127e-06,
         1.7854e-01,  1.5012e-02, -7.6492e-04,  2.2441e-01], device='cuda:0',
       grad_fn=<SliceBackward0>)
domian_feature+Z: tensor([[ 9.3595e-02,  1.6242e-02, -8.4966e-02, -7.2154e-02,  7.1851e-02,
         -1.7942e-01, -8.4403e-02,  5.0406e-02,  2.3468e-02, -8.0050e-07],
        [ 9.3595e-02,  1.6242e-02, -8.4966e-02, -7.2154e-02,  7.1851e-02,
         -1.7942e-01, -8.4403e-02,  5.0406e-02,  2.3468e-02,  4.6934e-03]],
       device='cuda:0', grad_fn=<SliceBackward0>)
Epoch:54 Time:74.6 Data:0.0 Loss:0.0001 Cls Loss:6.5539 Cls Loss Theta:6.5539 Pair Loss:0.2576 KL Loss:60.5748 KLD Theta:60.5748 Recon Loss:0.0001 Acc:0.0015 Theta Acc:0.0013 
=> centroids.dtype: torch.float32
=> Only CVAE KL
=> Use Multivariate Gaussian As the Prior
image_tensor: tensor([-0.0051, -0.0466,  0.0103,  ..., -0.0170,  0.0077,  0.0096],
       device='cuda:0')
x_proj_norm.shape:torch.Size([64, 64]), tensor([-1.4923e-06,  3.4810e-03,  2.4012e-01, -1.1497e-09,  1.5514e-01,
         9.5341e-03, -3.7791e-13, -5.0442e-04, -1.0712e-09,  7.9188e-02,
         2.0595e-01,  4.2330e-02, -3.3217e-11,  2.8253e-01,  1.5174e-01,
         2.6194e-02, -4.3345e-06, -2.0543e-03,  1.4882e-01, -2.0085e-08,
         2.3365e-02, -7.2022e-12, -7.8359e-08,  1.1620e-09,  6.4274e-02,
         4.3124e-02, -2.6931e-09,  1.1597e-05,  2.6085e-01, -3.8688e-05,
        -4.6767e-03,  5.2682e-02,  1.5054e-01,  1.7517e-01,  1.4816e-03,
         2.3032e-01, -5.6923e-10,  3.8966e-02, -1.6298e-12,  1.7483e-01,
         2.5736e-01,  1.5644e-01, -1.7004e-06,  2.8780e-02, -3.9510e-11,
         9.8455e-02,  3.5589e-01,  3.3809e-01,  2.7569e-01, -1.2339e-07,
        -3.8626e-03,  1.3395e-01,  1.8349e-01,  3.8635e-03,  3.8094e-02,
        -6.3054e-08, -3.6882e-06, -2.2482e-10, -1.2319e-07, -1.3762e-06,
         1.7372e-01,  3.1175e-02,  2.4076e-02,  1.5124e-01], device='cuda:0',
       grad_fn=<SliceBackward0>)
domian_feature+Z: tensor([[ 1.3259e-02,  4.2056e-02, -6.5915e-02,  1.4041e-02,  6.8681e-02,
         -2.0078e-01, -2.7459e-02, -5.4046e-02,  1.6795e-01, -1.4923e-06],
        [ 1.3259e-02,  4.2056e-02, -6.5915e-02,  1.4041e-02,  6.8681e-02,
         -2.0078e-01, -2.7459e-02, -5.4046e-02,  1.6795e-01,  3.4810e-03]],
       device='cuda:0', grad_fn=<SliceBackward0>)
Epoch:55 Time:75.1 Data:0.0 Loss:0.0001 Cls Loss:6.5539 Cls Loss Theta:6.5539 Pair Loss:0.2577 KL Loss:60.5739 KLD Theta:60.5739 Recon Loss:0.0001 Acc:0.0015 Theta Acc:0.0013 
=> Test at epoch 55
Extracted features for query set, obtained torch.Size([2228, 64]) matrix
Extracted features for gallery set, obtained torch.Size([17661, 64]) matrix
Extracting features complete in 0m 9s
Distance computing in 0m 0s
Computing CMC and mAP
Results ---------------------------------------------------
top1:85.0% top5:92.1% top10:94.4% top20:95.7% mAP:72.5%
-----------------------------------------------------------
Using 0m 2s
=> centroids.dtype: torch.float32
=> Only CVAE KL
=> Use Multivariate Gaussian As the Prior
image_tensor: tensor([-0.0109, -0.0111,  0.0263,  ...,  0.0042,  0.0040, -0.0075],
       device='cuda:0')
x_proj_norm.shape:torch.Size([64, 64]), tensor([-1.7676e-09, -5.5844e-04,  2.6418e-01, -5.8081e-09,  2.5913e-01,
         2.8186e-03, -2.7991e-13, -1.8312e-04, -3.6126e-10,  4.5124e-02,
         3.0814e-01,  1.6871e-02, -9.6238e-12,  6.8024e-02,  1.3860e-01,
        -3.7230e-03, -2.4989e-06,  7.8389e-03,  2.2981e-01, -3.4222e-09,
         6.5034e-02, -1.5021e-12, -2.0171e-08, -4.1040e-10,  1.4409e-01,
         2.0803e-02, -1.1893e-09, -5.9002e-07,  1.9198e-01, -2.8696e-05,
         1.2786e-01,  1.1385e-01,  5.4780e-02,  2.5940e-01,  9.2898e-04,
         1.4128e-01, -2.8955e-10,  1.4561e-01, -4.4541e-13,  2.7859e-01,
         2.4818e-01,  1.7104e-01, -6.9190e-07,  2.5446e-01, -1.2885e-11,
         1.9625e-01,  2.9846e-01,  1.3847e-01,  1.5328e-01, -8.4474e-08,
        -1.5718e-03,  7.7234e-02,  3.0994e-02,  5.7915e-02,  1.0067e-01,
        -1.4858e-08,  8.5868e-06, -1.7995e-09, -7.8862e-08, -2.0985e-07,
         9.8263e-02,  4.6984e-02,  6.2285e-03,  2.2362e-01], device='cuda:0',
       grad_fn=<SliceBackward0>)
domian_feature+Z: tensor([[ 1.6989e-01,  6.1827e-02, -5.6582e-02, -2.1824e-03,  7.9938e-02,
         -1.2585e-01, -1.5052e-01,  7.7742e-02,  2.9368e-02, -1.7676e-09],
        [ 1.6989e-01,  6.1827e-02, -5.6582e-02, -2.1824e-03,  7.9938e-02,
         -1.2585e-01, -1.5052e-01,  7.7742e-02,  2.9368e-02, -5.5844e-04]],
       device='cuda:0', grad_fn=<SliceBackward0>)
Epoch:56 Time:72.0 Data:0.0 Loss:0.0001 Cls Loss:6.5539 Cls Loss Theta:6.5539 Pair Loss:0.2578 KL Loss:60.5748 KLD Theta:60.5748 Recon Loss:0.0001 Acc:0.0017 Theta Acc:0.0014 
=> centroids.dtype: torch.float32
=> Only CVAE KL
=> Use Multivariate Gaussian As the Prior
image_tensor: tensor([-0.0530, -0.0245,  0.0203,  ...,  0.0109,  0.0050, -0.0036],
       device='cuda:0')
x_proj_norm.shape:torch.Size([64, 64]), tensor([ 1.2518e-06, -6.3395e-04,  1.2029e-01,  4.4764e-10,  3.6628e-01,
         9.8342e-03, -6.8748e-14, -1.0449e-03, -1.4038e-10,  1.6507e-01,
        -7.3915e-05,  1.6077e-02, -1.5949e-13,  2.9745e-01,  2.1823e-01,
         2.3718e-02, -3.7006e-06,  8.9918e-03,  2.0064e-01, -1.6461e-08,
         2.8314e-02, -3.4443e-12, -4.0591e-08, -2.2431e-10,  1.3728e-01,
        -4.2742e-03, -8.2010e-10, -3.7423e-07,  2.0269e-01, -1.8596e-05,
         1.8467e-01,  1.0610e-01,  2.0859e-01,  2.0056e-01, -4.9868e-04,
         1.7026e-01, -8.0559e-11,  4.9774e-02, -1.1389e-13,  5.2530e-02,
         1.5851e-01,  1.1758e-01, -1.4729e-06,  1.7133e-01, -2.8048e-13,
         9.5602e-02,  2.5015e-01,  1.6748e-01,  2.2438e-01,  5.7471e-09,
         1.5833e-02,  2.5482e-01,  6.4495e-02,  6.4928e-02,  1.3087e-01,
        -1.6323e-08,  4.7928e-06, -2.7162e-09, -3.0242e-08, -2.8722e-07,
         1.9468e-01, -6.7972e-03, -2.3644e-03,  2.7466e-01], device='cuda:0',
       grad_fn=<SliceBackward0>)
domian_feature+Z: tensor([[-1.1449e-01, -3.0038e-02, -1.1541e-01, -1.4328e-02, -2.1182e-03,
         -2.4008e-01, -2.4542e-02, -6.8617e-02,  1.1437e-01,  1.2518e-06],
        [-1.1449e-01, -3.0038e-02, -1.1541e-01, -1.4328e-02, -2.1182e-03,
         -2.4008e-01, -2.4542e-02, -6.8617e-02,  1.1437e-01, -6.3395e-04]],
       device='cuda:0', grad_fn=<SliceBackward0>)
Epoch:57 Time:73.9 Data:0.0 Loss:0.0001 Cls Loss:6.5539 Cls Loss Theta:6.5539 Pair Loss:0.2581 KL Loss:60.5745 KLD Theta:60.5745 Recon Loss:0.0001 Acc:0.0016 Theta Acc:0.0013 
=> centroids.dtype: torch.float32
=> Only CVAE KL
=> Use Multivariate Gaussian As the Prior
image_tensor: tensor([-0.0263, -0.0353,  0.0240,  ...,  0.0039,  0.0176,  0.0018],
       device='cuda:0')
x_proj_norm.shape:torch.Size([64, 64]), tensor([ 1.6749e-06, -2.1205e-04,  1.9036e-01, -8.2057e-11,  1.2035e-01,
        -5.6306e-04, -2.6852e-14,  3.6416e-03, -4.4691e-11,  1.8491e-01,
         3.6334e-01,  1.6827e-02, -2.6063e-12,  1.7113e-01,  1.5197e-01,
         3.1126e-02, -1.9502e-06,  1.2590e-02,  4.6907e-02, -7.8295e-10,
         1.7875e-02, -1.8055e-12, -3.8352e-09, -7.4489e-11,  2.8041e-02,
        -3.0735e-03,  5.0295e-10,  9.8467e-07,  2.2621e-01, -1.1435e-05,
         2.5415e-01,  1.2928e-01,  3.7380e-01,  1.8584e-01,  1.1191e-03,
         1.3970e-01, -2.2071e-13,  7.6648e-02,  2.0025e-13,  1.9161e-01,
         2.9019e-01,  1.3199e-01, -2.3314e-07,  9.4643e-02, -2.1074e-12,
         1.8053e-01,  2.4351e-02,  2.7567e-02,  2.0873e-01, -1.8751e-08,
        -8.1766e-04,  9.3812e-02,  1.8860e-01,  8.3300e-02,  1.3592e-01,
         1.0553e-08,  1.0353e-05,  8.8897e-10, -7.4104e-08, -7.3625e-08,
         2.7885e-01,  1.4469e-01,  6.9793e-03,  1.5374e-02], device='cuda:0',
       grad_fn=<SliceBackward0>)
domian_feature+Z: tensor([[ 4.1553e-02,  3.0708e-02, -7.3154e-02, -6.8387e-03,  4.6446e-02,
         -3.1342e-01, -9.7991e-02,  1.2946e-02,  2.6018e-01,  1.6749e-06],
        [ 4.1553e-02,  3.0708e-02, -7.3154e-02, -6.8387e-03,  4.6446e-02,
         -3.1342e-01, -9.7991e-02,  1.2946e-02,  2.6018e-01, -2.1205e-04]],
       device='cuda:0', grad_fn=<SliceBackward0>)
Epoch:58 Time:75.5 Data:0.0 Loss:0.0001 Cls Loss:6.5539 Cls Loss Theta:6.5539 Pair Loss:0.2580 KL Loss:60.5744 KLD Theta:60.5744 Recon Loss:0.0001 Acc:0.0016 Theta Acc:0.0013 
=> centroids.dtype: torch.float32
=> Only CVAE KL
=> Use Multivariate Gaussian As the Prior
image_tensor: tensor([-0.0175, -0.0074,  0.0226,  ...,  0.0083,  0.0199,  0.0110],
       device='cuda:0')
x_proj_norm.shape:torch.Size([64, 64]), tensor([-6.5839e-07, -6.0906e-04,  1.5973e-01, -1.4506e-11,  2.2998e-01,
        -1.6506e-03, -1.3246e-14,  2.9970e-03, -1.4938e-11,  1.6931e-04,
         8.8407e-02, -8.7847e-04, -4.1084e-11,  2.3693e-01,  7.8684e-02,
        -2.6575e-03, -1.2563e-06,  9.0611e-03,  1.7462e-01, -2.8700e-10,
         6.9687e-02, -8.3696e-13, -8.3328e-09, -1.2709e-10,  2.2810e-01,
         2.2583e-02, -2.2635e-10, -8.3495e-07,  2.5310e-01, -1.6874e-06,
         2.7715e-01,  2.0287e-01,  4.9218e-02,  2.5658e-01, -3.1152e-04,
         2.0785e-01, -2.3726e-11,  1.9475e-01, -2.2832e-15,  3.4576e-01,
         1.4045e-01,  1.5724e-01, -1.9632e-08,  1.4348e-01, -5.9703e-13,
         9.7609e-02,  9.9401e-02,  1.8059e-01,  1.5293e-01, -5.7720e-09,
         3.6111e-02,  2.3226e-01,  2.1459e-01,  1.3445e-02,  1.1864e-01,
        -6.9431e-09, -1.8460e-06, -1.4381e-10, -1.2566e-08, -8.0302e-08,
         1.3183e-01,  1.0894e-01,  5.7716e-03,  1.6436e-01], device='cuda:0',
       grad_fn=<SliceBackward0>)
domian_feature+Z: tensor([[ 1.8747e-01,  2.8158e-02, -4.2575e-02, -2.9778e-02,  9.8952e-02,
         -1.2580e-01, -8.8555e-02,  6.4289e-02,  1.3963e-01, -6.5839e-07],
        [ 1.8747e-01,  2.8158e-02, -4.2575e-02, -2.9778e-02,  9.8952e-02,
         -1.2580e-01, -8.8555e-02,  6.4289e-02,  1.3963e-01, -6.0906e-04]],
       device='cuda:0', grad_fn=<SliceBackward0>)
Epoch:59 Time:75.3 Data:0.0 Loss:0.0001 Cls Loss:6.5539 Cls Loss Theta:6.5539 Pair Loss:0.2586 KL Loss:60.5753 KLD Theta:60.5753 Recon Loss:0.0001 Acc:0.0016 Theta Acc:0.0013 
=> centroids.dtype: torch.float32
=> Only CVAE KL
=> Use Multivariate Gaussian As the Prior
image_tensor: tensor([ 0.0063, -0.0171,  0.0441,  ..., -0.0096,  0.0101,  0.0117],
       device='cuda:0')
x_proj_norm.shape:torch.Size([64, 64]), tensor([-1.2325e-06,  5.9157e-04,  1.0057e-01, -3.4230e-10,  1.2298e-01,
        -3.2218e-03, -4.6036e-14, -1.2906e-04, -1.4202e-12,  6.6584e-02,
         9.8174e-02,  3.0231e-02, -3.3969e-12,  2.3788e-01,  9.4857e-02,
         4.7668e-03, -5.0993e-07,  2.4375e-02,  1.9549e-01,  4.9374e-10,
         9.9712e-02, -2.0458e-13, -1.5031e-09, -1.2292e-10,  3.0090e-01,
        -1.1632e-03, -2.6233e-10, -1.1027e-06,  1.6797e-01, -2.4518e-05,
         2.0205e-01,  1.8997e-01,  9.4072e-02,  1.0928e-01, -4.6789e-04,
         1.3114e-01, -7.1054e-12,  2.7757e-01, -6.8105e-15,  2.9132e-01,
         9.8079e-02,  1.2855e-01, -3.2066e-08,  1.3886e-01,  2.9213e-13,
         1.6925e-01,  2.6582e-01,  2.4320e-01,  2.8720e-01, -2.0505e-09,
         2.6711e-02,  1.7095e-01,  9.7523e-02, -3.2331e-03,  1.7361e-01,
        -1.2247e-09, -1.6579e-06, -1.2476e-10, -7.8481e-09, -7.5842e-08,
         1.1939e-01, -5.4810e-03, -1.4604e-03,  2.8173e-01], device='cuda:0',
       grad_fn=<SliceBackward0>)
domian_feature+Z: tensor([[ 1.5545e-01,  2.3033e-02, -1.0513e-01,  4.9936e-02,  5.4022e-02,
         -1.8707e-01, -6.9668e-02,  8.1670e-02,  1.5964e-01, -1.2325e-06],
        [ 1.5545e-01,  2.3033e-02, -1.0513e-01,  4.9936e-02,  5.4022e-02,
         -1.8707e-01, -6.9668e-02,  8.1670e-02,  1.5964e-01,  5.9157e-04]],
       device='cuda:0', grad_fn=<SliceBackward0>)
Epoch:60 Time:76.6 Data:0.0 Loss:0.0001 Cls Loss:6.5539 Cls Loss Theta:6.5539 Pair Loss:0.2581 KL Loss:60.5760 KLD Theta:60.5760 Recon Loss:0.0001 Acc:0.0017 Theta Acc:0.0013 
=> Test at epoch 60
Extracted features for query set, obtained torch.Size([2228, 64]) matrix
Extracted features for gallery set, obtained torch.Size([17661, 64]) matrix
Extracting features complete in 0m 10s
Distance computing in 0m 0s
Computing CMC and mAP
Results ---------------------------------------------------
top1:84.7% top5:92.1% top10:94.3% top20:95.6% mAP:72.4%
-----------------------------------------------------------
Using 0m 2s
=> Best Rank-1 85.4% achieved at epoch 30
Finished. Total elapsed time (h:m:s): 1:34:34. Training time (h:m:s): 1:31:18.
Shutting down background jobs, please wait a moment...
Done!
Waiting for the remaining 20 operations to synchronize with Neptune. Do not kill this process.
All 20 operations synced, thanks for waiting!
Explore the metadata in the Neptune app:
https://app.neptune.ai/Zhengwei-Lab/NIPSTransferReID/e/NIPS-520/metadata
