https://app.neptune.ai/Zhengwei-Lab/NIPSTransferReID/e/NIPS-504
=> merge config from ./configs/clipreid_cvae_kl.yaml
Use only x as input for flow model
Use original kl loss for cvae model
Use centroid as domain embedding
/home/zhengwei/Desktop/Zhengwei/Projects/CVAE/main.py:94: NeptuneUnsupportedType: You're attempting to log a type that is not directly supported by Neptune (<class 'list'>).
        Convert the value to a supported type, such as a string or float, or use stringify_unsupported(obj)
        for dictionaries or collections that contain unsupported values.
        For more, see https://docs.neptune.ai/help/value_of_unsupported_type
  run["parameters"] = param
=> Configurations:
-------------------------
AMP: True
AUG:
  RC_PROB: 0.5
  RE_PROB: 0.5
DATA:
  CUHK03_CLASSIC_SPLIT: False
  CUHK03_LABELED: False
  DATASET: duke
  FORMAT_TAG: tensor
  HEIGHT: 256
  NUM_INSTANCES: 4
  NUM_WORKERS: 4
  ROOT: /home/zhengwei/Desktop/Zhengwei/Projects/datasets
  SPLIT_ID: 0
  TEST_BATCH: 512
  TRAIN_BATCH: 64
  TRAIN_FORMAT: base
  WIDTH: 128
EVAL_MODE: False
GPU: 0
LOSS:
  CLA_LOSS: crossentropy
  CLA_M: 0.0
  CLA_S: 16.0
  PAIR_LOSS: triplet
  PAIR_M: 0.3
  PAIR_S: 16.0
  RECON_LOSS: mse
MODEL:
  CONDITIONAL: False
  FEATURE_DIM: 1280
  FEAT_FUSION: True
  FLOW_TYPE: yuke_mlpflow
  GAUSSIAN: MultivariateNormal
  LATENT_SIZE: 64
  NAME: CVAE
  ONLY_CVAE_KL: True
  ONLY_X_INPUT: True
  PRETRAIN: CLIPreid
  RES4_STRIDE: 1
  RESUME: /home/zhengwei/Desktop/Zhengwei/Projects/CVAE/outputs/duke/clipreid_cvae_ce_trip_cesmooth/2024-04-01/baseline_fp32_l4vaeleakRelu-lre4_64z_yuke_mlpflow_mse
  TRAIN_STAGE: reidstage
  USE_CENTROID: True
  VAE_TYPE: cvae
OUTPUT: /home/zhengwei/Desktop/Zhengwei/Projects/CVAE/outputs/duke/clipreid_cvae_ce_trip_cesmooth/2024-04-01/baseline_fp32_l4vaeleakRelu-lre4_64z_yuke_mlpflow_mse/reid_crossentropy
SAVED_NAME: baseline_fp32_l4vaeleakRelu-lre4_64z
SEED: 0
TAG: clipreid_cvae_ce_trip_cesmooth
TEST:
  DISTANCE: cosine
  EVAL_STEP: 5
  START_EVAL: -1
TRAIN:
  AMP: False
  LR_SCHEDULER:
    DECAY_RATE: 0.1
    NAME: MultiStepLR
    STEPSIZE: [20, 40]
  MAX_EPOCH: 60
  OPTIMIZER:
    LR: 0.0001
    NAME: adam
    WEIGHT_DECAY: 0.0001
  START_EPOCH: 0
----------------------
Initializing dataset duke
Warning: string series 'monitoring/82476951/stdout' value was longer than 1000 characters and was truncated. This warning is printed only once per series.
Loading cluster results from '/home/zhengwei/Desktop/Zhengwei/Projects/datasets/DukeMTMC-reID/kmeans_results/CLIPreid/train_all_129k_euclidean.pt'
Clustering stastistics: [(0, 73), (1, 78), (2, 121), (3, 100), (4, 100), (5, 145), (6, 187), (7, 146), (8, 152), (9, 133), (10, 210), (11, 84), (12, 88), (13, 77), (14, 141), (15, 124), (16, 148), (17, 42), (18, 100), (19, 157), (20, 71), (21, 120), (22, 162), (23, 57), (24, 87), (25, 106), (26, 99), (27, 55), (28, 93), (29, 114), (30, 209), (31, 190), (32, 122), (33, 95), (34, 56), (35, 103), (36, 96), (37, 173), (38, 289), (39, 174), (40, 221), (41, 93), (42, 32), (43, 143), (44, 44), (45, 83), (46, 150), (47, 59), (48, 121), (49, 232), (50, 109), (51, 112), (52, 73), (53, 29), (54, 71), (55, 109), (56, 74), (57, 56), (58, 424), (59, 89), (60, 70), (61, 228), (62, 151), (63, 187), (64, 192), (65, 134), (66, 130), (67, 163), (68, 146), (69, 206), (70, 231), (71, 194), (72, 173), (73, 189), (74, 157), (75, 158), (76, 49), (77, 75), (78, 74), (79, 62), (80, 90), (81, 137), (82, 79), (83, 92), (84, 100), (85, 140), (86, 122), (87, 123), (88, 160), (89, 194), (90, 140), (91, 107), (92, 259), (93, 98), (94, 129), (95, 239), (96, 125), (97, 63), (98, 124), (99, 90), (100, 129), (101, 46), (102, 116), (103, 86), (104, 341), (105, 110), (106, 99), (107, 102), (108, 154), (109, 100), (110, 231), (111, 175), (112, 53), (113, 177), (114, 195), (115, 137), (116, 59), (117, 183), (118, 174), (119, 84), (120, 83), (121, 111), (122, 93), (123, 210), (124, 171), (125, 40), (126, 87), (127, 86), (128, 109)]
Loading cluster results from '/home/zhengwei/Desktop/Zhengwei/Projects/datasets/DukeMTMC-reID/kmeans_results/CLIPreid/query_129k_euclidean.pt'
Clustering stastistics: [(0, 10), (1, 26), (2, 12), (3, 15), (4, 23), (5, 17), (6, 11), (7, 9), (8, 20), (9, 8), (10, 19), (11, 20), (12, 10), (13, 19), (14, 13), (15, 26), (16, 29), (17, 17), (18, 20), (19, 10), (20, 25), (21, 8), (22, 17), (23, 24), (24, 17), (25, 14), (26, 4), (27, 22), (28, 9), (29, 16), (30, 7), (31, 32), (32, 17), (33, 6), (34, 21), (35, 11), (36, 13), (37, 10), (38, 29), (39, 21), (40, 36), (41, 22), (42, 12), (43, 9), (44, 9), (45, 19), (46, 14), (47, 18), (48, 25), (49, 36), (50, 10), (51, 17), (52, 16), (53, 11), (54, 11), (55, 8), (56, 14), (57, 13), (58, 4), (59, 8), (60, 9), (61, 19), (62, 22), (63, 16), (64, 17), (65, 6), (66, 22), (67, 11), (68, 33), (69, 13), (70, 16), (71, 10), (72, 14), (73, 6), (74, 22), (75, 52), (76, 30), (77, 50), (78, 18), (79, 15), (80, 10), (81, 18), (82, 17), (83, 29), (84, 10), (85, 20), (86, 20), (87, 22), (88, 9), (89, 19), (90, 15), (91, 4), (92, 18), (93, 25), (94, 18), (95, 30), (96, 22), (97, 21), (98, 18), (99, 25), (100, 14), (101, 16), (102, 16), (103, 40), (104, 8), (105, 16), (106, 11), (107, 4), (108, 25), (109, 16), (110, 24), (111, 21), (112, 16), (113, 24), (114, 15), (115, 8), (116, 26), (117, 29), (118, 16), (119, 17), (120, 17), (121, 12), (122, 8), (123, 25), (124, 18), (125, 9), (126, 10), (127, 14), (128, 13)]
Loading cluster results from '/home/zhengwei/Desktop/Zhengwei/Projects/datasets/DukeMTMC-reID/kmeans_results/CLIPreid/gallery_129k_euclidean.pt'
Clustering stastistics: [(0, 182), (1, 102), (2, 138), (3, 100), (4, 241), (5, 140), (6, 101), (7, 152), (8, 101), (9, 147), (10, 53), (11, 131), (12, 59), (13, 124), (14, 200), (15, 154), (16, 72), (17, 110), (18, 167), (19, 60), (20, 63), (21, 113), (22, 177), (23, 99), (24, 113), (25, 189), (26, 201), (27, 138), (28, 224), (29, 88), (30, 194), (31, 50), (32, 131), (33, 186), (34, 130), (35, 206), (36, 63), (37, 110), (38, 99), (39, 225), (40, 226), (41, 167), (42, 239), (43, 142), (44, 104), (45, 191), (46, 98), (47, 114), (48, 192), (49, 89), (50, 111), (51, 192), (52, 87), (53, 150), (54, 111), (55, 126), (56, 319), (57, 82), (58, 299), (59, 80), (60, 72), (61, 100), (62, 109), (63, 124), (64, 76), (65, 166), (66, 113), (67, 145), (68, 147), (69, 24), (70, 116), (71, 160), (72, 77), (73, 112), (74, 88), (75, 128), (76, 63), (77, 76), (78, 234), (79, 135), (80, 138), (81, 125), (82, 175), (83, 168), (84, 185), (85, 153), (86, 164), (87, 43), (88, 68), (89, 84), (90, 121), (91, 63), (92, 95), (93, 206), (94, 163), (95, 151), (96, 117), (97, 61), (98, 253), (99, 121), (100, 222), (101, 183), (102, 175), (103, 239), (104, 85), (105, 25), (106, 256), (107, 138), (108, 78), (109, 55), (110, 239), (111, 106), (112, 225), (113, 148), (114, 142), (115, 273), (116, 105), (117, 94), (118, 99), (119, 234), (120, 223), (121, 200), (122, 161), (123, 113), (124, 112), (125, 154), (126, 76), (127, 83), (128, 47)]
=> DukeMTMC-reID tensor loaded
Dataset statistics:
  ------------------------------
  subset   | # ids | # images
  ------------------------------
  train    |   702 |    16522
  query    |   702 |     2228
  gallery  |  1110 |    17661
  ------------------------------
  total    |  1404 |    36411
  ------------------------------
Initializing Flow model: yuke_mlpflow
Initializing vae model: cvae
Model size: 2.42483M
Using MLPClassBlock with hiidem_dim_list: [64, 128, 256, 512]
Classifier size: 0.53747M
=> Start Training REID model
Loading checkpoint from '/home/zhengwei/Desktop/Zhengwei/Projects/CVAE/outputs/duke/clipreid_cvae_ce_trip_cesmooth/2024-04-01/baseline_fp32_l4vaeleakRelu-lre4_64z_yuke_mlpflow_mse.best_model.pth.tar'
orginal best rank1 = 0.8536804308797128
=> Start training
=> centroids.dtype: torch.float32
=> Only CVAE KL
=> Use Multivariate Gaussian As the Prior
image_tensor: tensor([-0.0219, -0.0346,  0.0277,  ...,  0.0021,  0.0164,  0.0044],
       device='cuda:0')
x_proj_norm.shape:torch.Size([64, 64]), tensor([-1.1718e-04, -3.7351e-03,  2.4145e-01, -1.3829e-04,  2.5027e-01,
        -4.8251e-03, -4.0147e-06, -2.0009e-04, -2.2834e-05,  9.8254e-02,
         7.1948e-02,  3.0037e-03, -7.0511e-05,  9.5287e-02,  1.3058e-01,
        -7.1250e-04, -4.8862e-08,  6.5535e-03,  2.6991e-01, -1.3873e-11,
         5.6418e-02, -4.8148e-06,  2.0848e-08, -4.3878e-06,  1.9341e-01,
        -2.7084e-04, -9.7517e-06, -1.6805e-04,  3.6653e-01, -1.3224e-09,
         2.3800e-01,  1.7813e-01,  1.0473e-01,  1.1580e-01, -4.9828e-03,
         2.0600e-01, -1.7870e-05,  9.6350e-02, -1.0559e-05,  1.5717e-01,
         1.4262e-01,  2.0363e-01, -1.9371e-06,  2.1961e-01, -5.9650e-06,
         1.8811e-01,  1.2418e-01,  9.4326e-02,  1.9256e-01, -4.7083e-07,
         3.1803e-02,  2.9081e-01,  9.2186e-02,  3.2410e-02,  1.4784e-01,
        -3.6314e-05, -3.0182e-04, -6.5243e-06, -1.9133e-05, -1.8887e-09,
         1.4445e-01,  3.2296e-02,  2.1368e-04,  2.3493e-01], device='cuda:0')
domian_feature+Z: tensor([[ 1.9352e-01,  1.2209e-01, -4.3817e-02,  7.1004e-02,  4.0364e-02,
         -1.2608e-01, -5.8688e-02,  1.4692e-01,  1.3217e-01, -1.1718e-04],
        [ 1.9352e-01,  1.2209e-01, -4.3817e-02,  7.1004e-02,  4.0364e-02,
         -1.2608e-01, -5.8688e-02,  1.4692e-01,  1.3217e-01, -3.7351e-03]],
       device='cuda:0')
Epoch:1 Time:109.7 Data:0.0 Loss:5.5638 Cls Loss:5.4804 Cls Loss Theta:6.5435 Pair Loss:0.0834 KL Loss:60.5664 KLD Theta:60.5664 Recon Loss:0.0001 Acc:0.2113 Theta Acc:0.0273 
=> centroids.dtype: torch.float32
=> Only CVAE KL
=> Use Multivariate Gaussian As the Prior
image_tensor: tensor([-0.0260, -0.0231,  0.0260,  ...,  0.0219,  0.0047,  0.0010],
       device='cuda:0')
x_proj_norm.shape:torch.Size([64, 64]), tensor([ 7.6781e-04, -5.8374e-03,  1.5109e-01, -1.3100e-04,  2.3017e-01,
         1.8117e-02, -4.7677e-06, -2.0888e-03, -2.8337e-05,  1.0027e-01,
         6.7650e-02, -6.9064e-03, -1.0732e-04,  1.8887e-01,  2.1700e-01,
         6.1934e-02, -1.2362e-07,  3.7878e-02,  3.6694e-01, -2.3726e-11,
         1.4463e-02, -8.9704e-06, -5.8369e-09, -4.5593e-06,  1.0199e-01,
        -3.4438e-03, -1.2845e-05,  3.8958e-04,  2.8593e-01, -8.8264e-10,
         8.7662e-02,  2.7937e-02,  1.2789e-01,  2.0851e-01, -3.6164e-03,
         1.0836e-01, -2.0702e-08,  1.7026e-01, -2.2051e-05,  2.7885e-01,
         3.6420e-01,  7.6765e-02, -6.2482e-06,  1.6901e-01, -5.9147e-06,
         1.2164e-02,  1.2265e-01,  2.2994e-01,  1.2266e-01, -7.6486e-07,
        -5.5483e-03,  1.2655e-01,  1.7365e-01,  1.7422e-02,  2.2320e-01,
        -1.0269e-05,  1.0771e-03, -1.0495e-05, -3.8450e-05, -3.0546e-09,
         1.6915e-01,  1.8045e-02, -1.1158e-02,  1.7767e-01], device='cuda:0')
domian_feature+Z: tensor([[ 0.1152, -0.0061, -0.1312,  0.0066,  0.1524, -0.1159, -0.0923, -0.0446,
          0.0808,  0.0008],
        [ 0.1152, -0.0061, -0.1312,  0.0066,  0.1524, -0.1159, -0.0923, -0.0446,
          0.0808, -0.0058]], device='cuda:0')
Epoch:2 Time:79.3 Data:0.0 Loss:3.3283 Cls Loss:3.2251 Cls Loss Theta:6.9494 Pair Loss:0.1032 KL Loss:60.5668 KLD Theta:60.5668 Recon Loss:0.0001 Acc:0.4962 Theta Acc:0.0174 
=> centroids.dtype: torch.float32
=> Only CVAE KL
=> Use Multivariate Gaussian As the Prior
image_tensor: tensor([-0.0332, -0.0240,  0.0215,  ...,  0.0157,  0.0181,  0.0038],
       device='cuda:0')
x_proj_norm.shape:torch.Size([64, 64]), tensor([-4.7649e-05, -1.7145e-03,  3.5671e-02, -1.3835e-04,  3.1122e-01,
         3.1178e-03, -4.2497e-06, -2.9478e-03, -1.7362e-05,  9.5534e-02,
         1.9995e-01,  8.8294e-03, -8.9403e-05,  1.8789e-01,  1.1011e-01,
         2.4359e-02, -2.1598e-07,  1.8817e-02,  2.5234e-01, -2.2388e-10,
         2.0733e-02, -7.7449e-06, -1.4052e-08, -1.7296e-06,  2.6512e-02,
        -7.4797e-04, -1.1011e-05,  2.7760e-04,  2.7744e-01, -8.1661e-11,
         1.9736e-01,  3.7870e-02,  1.7169e-01,  1.1700e-01, -5.4750e-03,
         1.8970e-01,  2.8242e-04,  1.5627e-01, -1.7472e-05,  1.0603e-01,
         2.2061e-01,  8.1117e-02, -1.0753e-05,  5.0206e-02, -3.5893e-06,
         1.3396e-01,  1.1351e-01,  2.9284e-01,  1.6991e-01, -6.8812e-07,
        -3.7228e-03,  1.9932e-01,  2.6599e-01, -2.3459e-03,  1.7102e-01,
        -9.5266e-06, -6.7704e-05, -2.3053e-05, -7.2160e-05, -2.6299e-09,
         2.6264e-01,  6.6125e-02, -4.6567e-03,  3.0136e-01], device='cuda:0')
domian_feature+Z: tensor([[ 9.4475e-02,  3.4314e-02, -7.1087e-02,  4.6314e-02, -5.1673e-02,
         -1.5458e-01, -1.8253e-02,  5.5084e-02,  7.9060e-02, -4.7649e-05],
        [ 9.4475e-02,  3.4314e-02, -7.1087e-02,  4.6314e-02, -5.1673e-02,
         -1.5458e-01, -1.8253e-02,  5.5084e-02,  7.9060e-02, -1.7145e-03]],
       device='cuda:0')
Epoch:3 Time:80.1 Data:0.0 Loss:1.8103 Cls Loss:1.6851 Cls Loss Theta:7.7555 Pair Loss:0.1252 KL Loss:60.5666 KLD Theta:60.5666 Recon Loss:0.0001 Acc:0.7647 Theta Acc:0.0102 
=> centroids.dtype: torch.float32
=> Only CVAE KL
=> Use Multivariate Gaussian As the Prior
image_tensor: tensor([-0.0231,  0.0052,  0.0313,  ..., -0.0003,  0.0284,  0.0013],
       device='cuda:0')
x_proj_norm.shape:torch.Size([64, 64]), tensor([-2.9094e-06, -3.1446e-03,  9.5519e-02, -1.6247e-04,  3.4173e-01,
        -2.1360e-03, -2.4235e-06, -1.4124e-03, -3.0088e-05,  1.6458e-01,
         5.0490e-02,  3.8895e-02, -9.7462e-05,  1.3860e-01,  1.2026e-01,
         4.7568e-02, -1.4218e-07,  3.0310e-02,  1.0040e-01,  4.0392e-10,
         8.0461e-02, -6.0439e-06,  1.2360e-08, -5.7365e-06,  2.7443e-01,
        -9.0090e-03, -1.0438e-05, -2.0852e-04,  1.3071e-01, -8.0799e-10,
         2.2518e-01,  1.2791e-01,  1.9142e-01,  1.6138e-01, -4.1989e-03,
         1.8132e-01,  6.0569e-05,  1.3183e-01, -1.0982e-05,  2.6083e-01,
         1.3420e-01,  1.5926e-01, -3.0693e-07,  2.3888e-01, -5.8026e-06,
         2.7087e-01,  1.1533e-01,  1.6582e-01,  1.1395e-01, -6.1005e-07,
         2.2342e-02,  2.8660e-01,  6.5256e-02,  4.5447e-03,  2.1315e-01,
         1.4302e-05, -2.5509e-04, -1.7738e-05, -7.0449e-05, -6.9398e-10,
         2.1446e-01,  1.8766e-02, -6.5382e-03,  2.0620e-01], device='cuda:0')
domian_feature+Z: tensor([[ 6.9002e-02,  8.3538e-02, -9.3721e-02, -4.8695e-03,  7.0548e-02,
         -2.2364e-01, -5.5250e-02,  1.6129e-02,  1.2967e-01, -2.9094e-06],
        [ 6.9002e-02,  8.3538e-02, -9.3721e-02, -4.8695e-03,  7.0548e-02,
         -2.2364e-01, -5.5250e-02,  1.6129e-02,  1.2967e-01, -3.1446e-03]],
       device='cuda:0')
Epoch:4 Time:81.9 Data:0.0 Loss:1.0259 Cls Loss:0.8923 Cls Loss Theta:8.5246 Pair Loss:0.1337 KL Loss:60.5669 KLD Theta:60.5669 Recon Loss:0.0001 Acc:0.8812 Theta Acc:0.0050 
=> centroids.dtype: torch.float32
=> Only CVAE KL
=> Use Multivariate Gaussian As the Prior
image_tensor: tensor([-0.0324,  0.0061,  0.0155,  ...,  0.0102,  0.0042,  0.0133],
       device='cuda:0')
x_proj_norm.shape:torch.Size([64, 64]), tensor([-3.0502e-04, -1.5692e-03,  1.0919e-01, -1.3801e-04,  1.8078e-01,
        -1.0155e-03, -3.4503e-06,  1.0281e-02, -2.3574e-05,  1.1426e-01,
         1.1049e-01,  2.8563e-02, -6.0107e-05,  1.4921e-01,  1.8258e-01,
         4.9979e-02, -1.1235e-07,  3.4269e-02,  2.3447e-01, -1.9800e-10,
         5.6856e-02, -4.5354e-06,  2.4540e-08, -3.2325e-06,  2.4135e-01,
        -3.2752e-03, -3.2542e-06, -3.3445e-04,  1.8731e-01, -6.9932e-10,
         3.4707e-01,  9.8373e-02,  2.6837e-01,  1.1086e-01, -6.8063e-03,
         1.1498e-01, -1.9351e-05,  2.6835e-01, -1.3332e-05,  1.0909e-01,
         9.0161e-02,  5.8058e-02, -6.1165e-06,  1.1344e-01, -3.0093e-06,
         1.9958e-01,  7.1799e-02,  1.2875e-01,  1.5858e-01, -5.4684e-07,
         3.8290e-02,  2.1821e-01,  2.9547e-01,  5.4085e-02,  2.8480e-01,
        -9.1812e-06,  1.9552e-04, -1.2659e-05, -7.1238e-05, -8.5408e-10,
         1.3875e-01,  6.5533e-02, -4.4647e-03,  2.2706e-01], device='cuda:0')
domian_feature+Z: tensor([[ 0.1152, -0.0061, -0.1312,  0.0066,  0.1524, -0.1159, -0.0923, -0.0446,
          0.0808, -0.0003],
        [ 0.1152, -0.0061, -0.1312,  0.0066,  0.1524, -0.1159, -0.0923, -0.0446,
          0.0808, -0.0016]], device='cuda:0')
Epoch:5 Time:79.9 Data:0.0 Loss:0.6726 Cls Loss:0.5401 Cls Loss Theta:9.1834 Pair Loss:0.1325 KL Loss:60.5663 KLD Theta:60.5663 Recon Loss:0.0001 Acc:0.9294 Theta Acc:0.0034 
=> Test at epoch 5
Extracted features for query set, obtained torch.Size([2228, 702]) matrix
Extracted features for gallery set, obtained torch.Size([17661, 702]) matrix
Extracting features complete in 0m 11s
Distance computing in 0m 1s
Computing CMC and mAP through Classifier
Results ---------------------------------------------------
top1:0.4% top5:1.1% top10:1.8% top20:3.0% mAP:0.7%
-----------------------------------------------------------
Using 0m 2s
=> centroids.dtype: torch.float32
=> Only CVAE KL
=> Use Multivariate Gaussian As the Prior
image_tensor: tensor([-0.0472, -0.0128,  0.0253,  ...,  0.0039,  0.0198, -0.0007],
       device='cuda:0')
x_proj_norm.shape:torch.Size([64, 64]), tensor([-4.3566e-04,  1.4710e-02,  3.2581e-01, -4.2021e-05,  2.0296e-01,
        -3.7002e-03, -6.3511e-06, -9.0021e-04, -2.5574e-05, -2.5360e-04,
         4.5431e-02,  3.6405e-02, -5.4854e-05,  1.8193e-01,  2.0382e-01,
         6.6208e-03,  4.2634e-07,  3.4556e-03,  1.5035e-02, -9.1379e-11,
         1.0724e-01, -2.0524e-06, -1.9272e-08, -6.5137e-06,  8.3002e-02,
         1.5362e-02, -2.4381e-07, -3.6976e-04,  1.5288e-01, -1.9765e-09,
         2.7318e-01,  4.6291e-02,  1.1712e-01,  5.0774e-02,  5.0491e-03,
         3.3104e-01, -2.4562e-04,  1.7471e-01, -1.8315e-05,  2.7385e-01,
         6.1376e-02,  2.0943e-01, -1.3650e-05, -7.4407e-04, -8.5885e-06,
         1.3424e-01, -5.7100e-03,  2.5955e-01,  4.2083e-01, -6.3260e-07,
         2.4365e-02,  7.1425e-02,  5.3747e-02,  1.3531e-01,  2.3065e-01,
         1.3768e-04, -7.0857e-04,  2.9284e-05, -5.7413e-05,  4.5875e-09,
         4.4415e-02,  1.4860e-01,  3.6126e-02,  9.0340e-02], device='cuda:0')
domian_feature+Z: tensor([[-0.0572, -0.0061,  0.0950, -0.0267,  0.0871, -0.1939, -0.1271,  0.0414,
         -0.0269, -0.0004],
        [-0.0572, -0.0061,  0.0950, -0.0267,  0.0871, -0.1939, -0.1271,  0.0414,
         -0.0269,  0.0147]], device='cuda:0')
Epoch:6 Time:77.1 Data:0.0 Loss:0.5033 Cls Loss:0.3785 Cls Loss Theta:9.7434 Pair Loss:0.1248 KL Loss:60.5665 KLD Theta:60.5665 Recon Loss:0.0001 Acc:0.9498 Theta Acc:0.0032 
=> centroids.dtype: torch.float32
=> Only CVAE KL
=> Use Multivariate Gaussian As the Prior
image_tensor: tensor([-0.0481, -0.0090,  0.0196,  ...,  0.0001,  0.0146, -0.0012],
       device='cuda:0')
x_proj_norm.shape:torch.Size([64, 64]), tensor([ 2.6014e-04, -1.1690e-03,  2.0400e-01, -9.9824e-05,  1.5713e-01,
         7.9646e-03, -4.0149e-06, -2.9930e-03, -2.7963e-05,  5.3793e-02,
         1.9938e-01,  4.3554e-02, -8.8207e-05,  1.3447e-01,  1.6060e-01,
         2.0131e-02, -6.7278e-08,  4.2238e-03,  2.8468e-01,  1.4803e-10,
         7.7633e-02, -4.8402e-06,  6.9947e-08, -3.8570e-06,  1.5597e-01,
         4.0613e-02, -1.7290e-05, -7.2567e-05,  8.2719e-02, -1.0080e-09,
         1.8667e-01,  4.8119e-02,  1.0787e-01,  2.3486e-01, -4.5132e-03,
         1.9250e-01,  7.4804e-04,  2.8835e-02, -1.3884e-05,  1.8466e-01,
         2.0910e-01,  2.5361e-01, -7.1435e-06,  1.7164e-01, -8.0346e-06,
         2.8085e-01,  2.2746e-01,  2.1528e-01,  1.3269e-01, -7.4171e-07,
        -3.0334e-03,  2.6634e-02,  2.5903e-01,  8.9290e-02,  2.1211e-01,
        -1.9965e-05, -9.2736e-05, -9.6703e-06, -2.6015e-05, -2.6567e-09,
         6.9401e-02,  6.0560e-02, -5.8877e-03,  2.9567e-01], device='cuda:0')
domian_feature+Z: tensor([[ 0.1699,  0.0763, -0.0743, -0.0665,  0.0806, -0.1155, -0.0769,  0.0034,
          0.0407,  0.0003],
        [ 0.1699,  0.0763, -0.0743, -0.0665,  0.0806, -0.1155, -0.0769,  0.0034,
          0.0407, -0.0012]], device='cuda:0')
Epoch:7 Time:79.5 Data:0.0 Loss:0.3917 Cls Loss:0.2797 Cls Loss Theta:10.1467 Pair Loss:0.1119 KL Loss:60.5662 KLD Theta:60.5662 Recon Loss:0.0001 Acc:0.9625 Theta Acc:0.0025 
=> centroids.dtype: torch.float32
=> Only CVAE KL
=> Use Multivariate Gaussian As the Prior
image_tensor: tensor([-0.0014,  0.0193,  0.0384,  ...,  0.0042,  0.0175,  0.0021],
       device='cuda:0')
x_proj_norm.shape:torch.Size([64, 64]), tensor([-2.7699e-04,  1.6620e-02,  1.2918e-01, -8.5244e-05,  3.8607e-01,
         5.7567e-03, -3.4607e-06,  1.7478e-02, -1.5373e-05,  2.9732e-02,
         2.2202e-01,  5.2827e-02, -6.5150e-05,  9.4164e-02,  1.1921e-01,
         2.7678e-02, -1.9030e-07,  4.6832e-02,  7.3422e-02, -7.7467e-11,
         7.7726e-02, -4.6655e-06,  4.2987e-09, -1.6267e-06,  1.9059e-01,
         5.2202e-02,  2.6310e-05, -1.1729e-04,  8.2363e-02, -1.0681e-09,
         2.1655e-01,  4.4623e-02,  1.5635e-01,  2.9665e-01,  4.3609e-04,
         1.7277e-01, -2.0022e-04,  3.9401e-01, -2.1499e-05,  1.8980e-01,
         8.5362e-02,  1.0854e-01, -1.8453e-05,  7.2936e-02, -4.9454e-06,
         1.3939e-01,  1.1594e-01,  2.8198e-01,  5.7668e-02, -2.0134e-07,
         1.8191e-03,  2.4482e-01,  1.6511e-01, -2.4041e-03,  5.2386e-02,
        -7.5046e-06, -1.1861e-04, -1.4998e-05, -5.4759e-05, -1.5656e-09,
         2.4602e-01,  1.4782e-01,  2.9455e-02,  3.8525e-02], device='cuda:0')
domian_feature+Z: tensor([[ 0.1720,  0.0968, -0.2163,  0.0511,  0.0382, -0.1264, -0.0604,  0.0871,
          0.2149, -0.0003],
        [ 0.1720,  0.0968, -0.2163,  0.0511,  0.0382, -0.1264, -0.0604,  0.0871,
          0.2149,  0.0166]], device='cuda:0')
Epoch:8 Time:79.3 Data:0.0 Loss:0.3304 Cls Loss:0.2328 Cls Loss Theta:10.5068 Pair Loss:0.0976 KL Loss:60.5667 KLD Theta:60.5667 Recon Loss:0.0001 Acc:0.9673 Theta Acc:0.0027 
=> centroids.dtype: torch.float32
=> Only CVAE KL
=> Use Multivariate Gaussian As the Prior
image_tensor: tensor([ 0.0119, -0.0149,  0.0068,  ...,  0.0084,  0.0131,  0.0155],
       device='cuda:0')
x_proj_norm.shape:torch.Size([64, 64]), tensor([-2.1033e-04, -7.2746e-04,  8.1961e-02, -7.2914e-05,  1.3567e-01,
         1.9376e-02, -3.8566e-06,  3.5237e-03, -2.3029e-05,  4.5393e-02,
         2.9879e-01,  3.6639e-02, -6.6191e-05,  2.0619e-01,  1.4898e-01,
        -2.1109e-03, -2.4515e-08,  2.2732e-03,  3.3256e-02, -7.3020e-11,
         3.7359e-02, -1.3619e-06,  2.0039e-08, -2.2124e-06,  2.4184e-01,
         5.0079e-02, -4.2499e-06, -1.4887e-04,  7.1749e-02, -1.3282e-09,
         3.2907e-01,  1.0059e-01,  1.0020e-01,  2.3759e-01, -5.6059e-03,
         1.6920e-01, -1.6739e-04,  2.6394e-01, -1.3823e-05,  1.9617e-01,
         9.3090e-02,  1.2335e-01, -9.1867e-06,  1.2671e-01, -6.0354e-06,
         1.8320e-01,  2.9508e-01,  2.7495e-01,  1.1122e-01, -3.7040e-07,
         2.2708e-02,  1.0024e-01,  2.9537e-01,  6.4285e-02,  1.6845e-01,
        -2.1324e-05, -4.7709e-05, -6.7959e-06, -2.3786e-05, -8.8194e-10,
         1.2976e-01,  8.7255e-02,  5.5061e-03,  1.5256e-01], device='cuda:0')
domian_feature+Z: tensor([[ 1.3372e-01, -2.1913e-02, -9.0357e-02, -2.3883e-02,  8.8241e-02,
         -2.4766e-01, -7.8422e-02,  4.6194e-02,  1.3065e-01, -2.1033e-04],
        [ 1.3372e-01, -2.1913e-02, -9.0357e-02, -2.3883e-02,  8.8241e-02,
         -2.4766e-01, -7.8422e-02,  4.6194e-02,  1.3065e-01, -7.2746e-04]],
       device='cuda:0')
Epoch:9 Time:81.0 Data:0.0 Loss:0.2843 Cls Loss:0.2015 Cls Loss Theta:10.7871 Pair Loss:0.0828 KL Loss:60.5665 KLD Theta:60.5665 Recon Loss:0.0001 Acc:0.9691 Theta Acc:0.0022 
=> centroids.dtype: torch.float32
=> Only CVAE KL
=> Use Multivariate Gaussian As the Prior
image_tensor: tensor([-0.0247, -0.0211,  0.0126,  ..., -0.0091,  0.0295,  0.0005],
       device='cuda:0')
x_proj_norm.shape:torch.Size([64, 64]), tensor([ 7.7689e-04, -1.7745e-03,  1.0622e-01, -1.1882e-04,  2.1313e-01,
        -2.3662e-03, -3.8270e-06, -3.5233e-03, -2.1979e-05,  1.1867e-01,
         3.4502e-01,  4.9762e-02, -1.0440e-04,  9.2058e-02,  1.8446e-01,
         3.6481e-02, -2.2365e-07,  1.4671e-02,  5.8215e-02,  9.5372e-11,
         6.2376e-02, -5.7597e-06,  6.9017e-09, -8.9394e-07,  5.5415e-02,
         7.2660e-03, -9.1817e-06,  6.9496e-04,  1.7044e-01, -5.7006e-10,
         1.6121e-01,  1.4116e-02,  1.6643e-01,  2.1636e-01,  2.0486e-03,
         2.6525e-01,  1.0327e-04,  1.8483e-01, -2.1502e-05,  1.8673e-01,
         1.5400e-01,  3.3453e-01, -1.6085e-05,  2.2164e-01, -6.8653e-06,
         2.1922e-01,  9.7518e-02,  2.5962e-01,  1.4387e-01, -5.1557e-07,
        -5.7105e-03,  9.9784e-02,  1.3700e-01,  3.0769e-02,  1.7421e-01,
        -1.1670e-05, -2.1408e-04, -2.3749e-05, -5.6044e-05, -3.0575e-09,
         2.0821e-01,  8.6543e-02,  7.3494e-03,  2.0636e-01], device='cuda:0')
domian_feature+Z: tensor([[ 0.1006,  0.0950, -0.0104, -0.0060, -0.0042, -0.2137, -0.0820,  0.0729,
          0.1408,  0.0008],
        [ 0.1006,  0.0950, -0.0104, -0.0060, -0.0042, -0.2137, -0.0820,  0.0729,
          0.1408, -0.0018]], device='cuda:0')
Epoch:10 Time:80.1 Data:0.0 Loss:0.2401 Cls Loss:0.1749 Cls Loss Theta:11.0910 Pair Loss:0.0652 KL Loss:60.5669 KLD Theta:60.5669 Recon Loss:0.0001 Acc:0.9711 Theta Acc:0.0026 
=> Test at epoch 10
Extracted features for query set, obtained torch.Size([2228, 702]) matrix
Extracted features for gallery set, obtained torch.Size([17661, 702]) matrix
Extracting features complete in 0m 10s
Distance computing in 0m 1s
Computing CMC and mAP through Classifier
Results ---------------------------------------------------
top1:0.6% top5:1.3% top10:2.1% top20:3.5% mAP:0.8%
-----------------------------------------------------------
Using 0m 2s
=> centroids.dtype: torch.float32
=> Only CVAE KL
=> Use Multivariate Gaussian As the Prior
image_tensor: tensor([ 0.0135, -0.0063,  0.0252,  ..., -0.0021,  0.0068, -0.0004],
       device='cuda:0')
x_proj_norm.shape:torch.Size([64, 64]), tensor([-1.0224e-04, -1.6851e-03,  1.5125e-01, -1.1075e-04,  1.7444e-01,
         7.5654e-03, -4.1218e-06,  1.5065e-02, -2.3513e-05,  7.3775e-02,
         2.5717e-01,  6.2715e-02, -9.0125e-05,  9.3498e-02,  1.6268e-01,
         5.6802e-02, -1.0093e-07,  7.0930e-03,  1.8776e-01,  9.2577e-11,
         8.2291e-02, -2.5798e-06,  4.2147e-08, -1.7353e-06,  1.9089e-01,
         4.2912e-02, -3.0429e-06, -1.0229e-04,  1.5840e-01, -1.5173e-09,
         1.7211e-01,  7.0964e-02,  1.0926e-01,  3.1955e-01, -2.0334e-03,
         1.7861e-01, -1.2684e-04,  2.1255e-01, -1.7408e-05,  2.1924e-01,
         2.0115e-01,  2.0717e-01, -9.0098e-06,  2.8389e-01, -7.1134e-06,
         2.2232e-01,  2.6583e-01,  7.1340e-02,  1.1231e-01, -2.6997e-07,
         3.4232e-03,  1.7583e-01,  1.8174e-01,  8.2643e-02,  2.3667e-01,
        -3.9248e-05, -1.8970e-04, -1.0668e-05, -9.2653e-06, -1.8900e-09,
         4.6673e-02,  1.1999e-01,  1.2231e-02,  8.7909e-02], device='cuda:0')
domian_feature+Z: tensor([[ 1.9042e-01,  1.6383e-03, -4.5624e-02,  3.5525e-02,  5.8664e-02,
         -2.1394e-01, -1.5322e-01,  8.7852e-02,  1.2027e-01, -1.0224e-04],
        [ 1.9042e-01,  1.6383e-03, -4.5624e-02,  3.5525e-02,  5.8664e-02,
         -2.1394e-01, -1.5322e-01,  8.7852e-02,  1.2027e-01, -1.6851e-03]],
       device='cuda:0')
Epoch:11 Time:76.5 Data:0.0 Loss:0.2078 Cls Loss:0.1535 Cls Loss Theta:11.3079 Pair Loss:0.0543 KL Loss:60.5665 KLD Theta:60.5665 Recon Loss:0.0001 Acc:0.9728 Theta Acc:0.0027 
=> centroids.dtype: torch.float32
=> Only CVAE KL
=> Use Multivariate Gaussian As the Prior
image_tensor: tensor([-0.0211, -0.0467,  0.0162,  ...,  0.0101,  0.0107,  0.0097],
       device='cuda:0')
x_proj_norm.shape:torch.Size([64, 64]), tensor([-2.6267e-04,  5.4849e-03,  1.1659e-01, -1.4590e-04,  3.1982e-02,
        -5.6221e-05, -3.3659e-06,  4.7222e-03, -1.4170e-05,  1.2015e-01,
         1.9829e-01,  8.0879e-02, -6.2266e-05,  2.8935e-01,  1.0161e-01,
         6.9174e-02, -2.0457e-07,  1.4332e-03,  6.6357e-02, -2.4790e-10,
         3.6679e-02, -4.0972e-07, -1.5566e-09,  1.3634e-05,  1.7444e-01,
         3.5072e-02,  2.8008e-05, -1.2466e-04,  2.1333e-01, -1.1264e-09,
         2.4713e-01,  7.1629e-02,  2.3330e-01,  2.4059e-01, -6.3136e-03,
         1.6175e-01, -9.6245e-05,  1.9838e-01, -1.7241e-05,  5.1549e-02,
         1.1544e-01,  1.9458e-01, -1.2325e-05,  1.1572e-01, -2.0499e-06,
         3.9045e-01,  1.8836e-01,  1.4345e-01,  8.4859e-02,  6.3246e-07,
         1.2325e-02,  2.3275e-01,  2.7453e-01,  3.7164e-02,  2.0354e-01,
        -1.9422e-05, -3.1745e-04, -2.0299e-05, -4.1032e-05, -2.1966e-09,
         1.0904e-01,  1.1970e-01,  3.3488e-02,  1.2765e-01], device='cuda:0')
domian_feature+Z: tensor([[ 0.1590,  0.0712, -0.0261, -0.0104,  0.0320, -0.2209, -0.1603,  0.0596,
          0.1442, -0.0003],
        [ 0.1590,  0.0712, -0.0261, -0.0104,  0.0320, -0.2209, -0.1603,  0.0596,
          0.1442,  0.0055]], device='cuda:0')
Epoch:12 Time:78.3 Data:0.0 Loss:0.1920 Cls Loss:0.1484 Cls Loss Theta:11.5468 Pair Loss:0.0437 KL Loss:60.5667 KLD Theta:60.5667 Recon Loss:0.0001 Acc:0.9724 Theta Acc:0.0021 
=> centroids.dtype: torch.float32
=> Only CVAE KL
=> Use Multivariate Gaussian As the Prior
image_tensor: tensor([-0.0207, -0.0467,  0.0489,  ..., -0.0062,  0.0159,  0.0020],
       device='cuda:0')
x_proj_norm.shape:torch.Size([64, 64]), tensor([-8.9499e-05, -3.8250e-03,  8.3323e-02, -1.3476e-04,  2.0388e-01,
        -2.7666e-03, -3.5391e-06,  3.2151e-03, -1.9685e-05,  1.1984e-01,
         2.1220e-01,  2.8163e-02, -8.6477e-05,  2.0752e-01,  2.3108e-01,
         1.1549e-02, -1.6038e-07,  1.1016e-02,  1.3773e-01, -1.3327e-10,
         8.6132e-03, -5.3703e-06,  3.9994e-10, -3.3039e-07,  1.6466e-01,
         8.4964e-04, -6.1888e-06, -1.0778e-05,  2.4666e-01, -8.7868e-10,
         2.5539e-01,  1.4048e-01,  1.9406e-01,  1.3686e-01, -4.5699e-03,
         1.4363e-01, -1.0288e-04,  1.5744e-01, -1.4196e-05,  1.4282e-01,
         1.0509e-01,  2.2489e-01, -1.2936e-05,  1.8821e-01, -3.7497e-06,
         8.4993e-02,  2.3882e-01,  2.2387e-01,  1.8777e-01, -8.7997e-08,
         2.9872e-02,  3.1374e-01,  2.2183e-01,  2.6751e-02,  1.0443e-01,
        -3.6216e-05, -1.2031e-04, -1.8233e-05, -2.6435e-05, -3.2941e-09,
         2.0770e-01,  6.4930e-02,  2.1619e-02,  1.6003e-01], device='cuda:0')
domian_feature+Z: tensor([[ 1.4134e-01, -4.6338e-02, -9.5832e-02,  1.0040e-01,  9.5468e-02,
         -1.4569e-01, -7.8549e-02, -5.6673e-04,  1.3483e-01, -8.9499e-05],
        [ 1.4134e-01, -4.6338e-02, -9.5832e-02,  1.0040e-01,  9.5468e-02,
         -1.4569e-01, -7.8549e-02, -5.6673e-04,  1.3483e-01, -3.8250e-03]],
       device='cuda:0')
Epoch:13 Time:80.8 Data:0.0 Loss:0.1704 Cls Loss:0.1306 Cls Loss Theta:11.7432 Pair Loss:0.0398 KL Loss:60.5669 KLD Theta:60.5669 Recon Loss:0.0001 Acc:0.9761 Theta Acc:0.0021 
=> centroids.dtype: torch.float32
=> Only CVAE KL
=> Use Multivariate Gaussian As the Prior
image_tensor: tensor([-0.0134, -0.0350,  0.0146,  ...,  0.0035,  0.0286,  0.0141],
       device='cuda:0')
x_proj_norm.shape:torch.Size([64, 64]), tensor([-1.5159e-04, -2.2210e-03,  1.3619e-01, -9.1074e-05,  1.8299e-02,
         2.4040e-02, -4.9208e-06, -9.4403e-04, -2.2220e-05,  2.0025e-03,
         1.7898e-01,  1.2317e-03, -6.7462e-05,  2.9536e-01,  1.2890e-01,
         3.9250e-02,  5.9161e-08, -9.9501e-04,  1.8083e-01, -8.7554e-11,
         4.7836e-02, -9.5139e-07, -4.3669e-09, -2.9572e-06,  2.3562e-01,
         4.8983e-02, -1.1869e-05, -1.3424e-04,  1.6281e-01, -1.3299e-09,
         1.8243e-01,  5.7500e-02,  1.3435e-02,  3.0699e-01, -7.4700e-03,
         2.1088e-01, -1.2959e-04,  1.4500e-01, -1.5695e-05,  2.7595e-01,
         1.5393e-01,  9.2107e-02, -9.3509e-06,  7.6335e-02, -7.1521e-06,
         1.6698e-01,  2.8288e-01,  2.4843e-01,  9.1990e-02, -6.3171e-07,
         5.4608e-03,  6.5666e-02,  3.4775e-01,  3.7703e-02,  2.4922e-01,
        -1.4459e-05, -1.1235e-04, -4.4361e-06, -2.9141e-05, -8.1597e-10,
         6.5639e-02,  5.2150e-02, -3.7854e-03,  1.9726e-01], device='cuda:0')
domian_feature+Z: tensor([[ 8.3861e-02,  2.8783e-02, -5.7520e-02, -5.2983e-02,  6.6431e-02,
         -1.9295e-01, -1.5585e-01,  4.1752e-02,  3.7259e-02, -1.5159e-04],
        [ 8.3861e-02,  2.8783e-02, -5.7520e-02, -5.2983e-02,  6.6431e-02,
         -1.9295e-01, -1.5585e-01,  4.1752e-02,  3.7259e-02, -2.2210e-03]],
       device='cuda:0')
Epoch:14 Time:81.3 Data:0.0 Loss:0.1594 Cls Loss:0.1251 Cls Loss Theta:11.8948 Pair Loss:0.0343 KL Loss:60.5666 KLD Theta:60.5666 Recon Loss:0.0001 Acc:0.9764 Theta Acc:0.0023 
=> centroids.dtype: torch.float32
=> Only CVAE KL
=> Use Multivariate Gaussian As the Prior
image_tensor: tensor([-0.0037,  0.0288,  0.0571,  ..., -0.0037,  0.0106, -0.0025],
       device='cuda:0')
x_proj_norm.shape:torch.Size([64, 64]), tensor([-1.2967e-04, -1.3574e-03,  1.4835e-01, -1.6858e-04,  3.2072e-01,
         2.7402e-02, -3.0590e-06,  9.7122e-03, -2.1742e-05,  1.2172e-01,
         1.3642e-01,  6.8164e-02, -9.1214e-05,  8.2495e-02,  1.7797e-01,
         8.2161e-02, -2.1400e-07,  3.1324e-02,  1.6788e-01, -2.9242e-11,
         5.9421e-02, -3.8664e-06, -3.1821e-09, -3.2062e-06,  2.5828e-01,
         1.3325e-02, -5.7403e-06, -9.9012e-05,  1.3355e-01, -8.9421e-10,
         1.2121e-01,  3.4976e-02,  2.3200e-01,  1.6133e-01, -2.7599e-03,
         1.4964e-01, -1.1570e-04,  1.5799e-01, -1.6209e-05,  1.9980e-01,
         2.3772e-01,  5.6966e-02, -1.3454e-05,  1.1884e-01, -5.0044e-06,
         1.6909e-01,  2.7298e-01,  2.2882e-01,  1.1536e-01, -4.8049e-07,
        -1.7262e-03,  2.7068e-01,  2.7217e-01, -1.0851e-03,  2.3367e-01,
        -4.4712e-06, -1.3532e-05, -2.3196e-05, -7.1848e-05, -2.1896e-09,
         1.8199e-01,  6.9884e-02, -2.6407e-03,  8.8174e-02], device='cuda:0')
domian_feature+Z: tensor([[ 1.8739e-02,  5.3475e-02, -9.2407e-02,  2.5288e-02,  7.2778e-02,
         -2.4953e-01, -1.0797e-01,  5.8207e-02,  1.4698e-01, -1.2967e-04],
        [ 1.8739e-02,  5.3475e-02, -9.2407e-02,  2.5288e-02,  7.2778e-02,
         -2.4953e-01, -1.0797e-01,  5.8207e-02,  1.4698e-01, -1.3574e-03]],
       device='cuda:0')
Epoch:15 Time:79.6 Data:0.0 Loss:0.1458 Cls Loss:0.1149 Cls Loss Theta:12.0595 Pair Loss:0.0309 KL Loss:60.5667 KLD Theta:60.5667 Recon Loss:0.0001 Acc:0.9771 Theta Acc:0.0021 
=> Test at epoch 15
Extracted features for query set, obtained torch.Size([2228, 702]) matrix
Extracted features for gallery set, obtained torch.Size([17661, 702]) matrix
Extracting features complete in 0m 11s
Distance computing in 0m 1s
Computing CMC and mAP through Classifier
Results ---------------------------------------------------
top1:0.6% top5:1.9% top10:3.1% top20:5.1% mAP:1.2%
-----------------------------------------------------------
Using 0m 2s
=> centroids.dtype: torch.float32
=> Only CVAE KL
=> Use Multivariate Gaussian As the Prior
image_tensor: tensor([ 0.0220,  0.0093,  0.0272,  ...,  0.0220,  0.0093, -0.0023],
       device='cuda:0')
x_proj_norm.shape:torch.Size([64, 64]), tensor([-5.1868e-05, -3.4076e-04,  1.2872e-01, -9.9149e-05,  1.8663e-01,
        -4.3419e-03, -2.7290e-06,  1.5723e-02, -2.9567e-05,  8.5730e-02,
         2.4488e-01, -1.7189e-04, -5.8340e-05,  1.3523e-01,  1.1452e-01,
         1.9637e-02, -3.6913e-08,  4.4512e-02,  2.6124e-01,  1.6724e-10,
         1.1382e-01, -4.2068e-06,  1.2355e-07, -3.8556e-06,  2.6734e-01,
         5.1452e-03, -1.0767e-05, -2.2289e-04,  1.6534e-01, -6.9407e-10,
         2.7352e-01,  1.8445e-01,  1.4664e-01,  3.2163e-01, -5.4728e-03,
         7.2345e-02,  5.3684e-04,  1.5131e-01, -1.1474e-05,  2.2085e-01,
         1.2173e-01,  1.5878e-01, -1.8653e-06,  1.8266e-01, -6.5802e-06,
         1.9243e-01,  1.7508e-01, -2.5968e-03,  1.4681e-01, -7.7852e-07,
         2.6410e-02,  1.5479e-01,  1.8439e-01,  5.0921e-02,  1.7850e-01,
        -1.4885e-05,  1.3025e-03, -4.8472e-06, -6.4184e-05, -4.7877e-10,
         1.7863e-01,  4.9650e-02, -3.2301e-03,  2.5735e-01], device='cuda:0')
domian_feature+Z: tensor([[ 1.6989e-01,  6.1827e-02, -5.6582e-02, -2.1824e-03,  7.9938e-02,
         -1.2585e-01, -1.5052e-01,  7.7742e-02,  2.9368e-02, -5.1868e-05],
        [ 1.6989e-01,  6.1827e-02, -5.6582e-02, -2.1824e-03,  7.9938e-02,
         -1.2585e-01, -1.5052e-01,  7.7742e-02,  2.9368e-02, -3.4076e-04]],
       device='cuda:0')
Epoch:16 Time:75.5 Data:0.0 Loss:0.1287 Cls Loss:0.1024 Cls Loss Theta:12.1941 Pair Loss:0.0262 KL Loss:60.5667 KLD Theta:60.5667 Recon Loss:0.0001 Acc:0.9800 Theta Acc:0.0020 
=> centroids.dtype: torch.float32
=> Only CVAE KL
=> Use Multivariate Gaussian As the Prior
image_tensor: tensor([-0.0010, -0.0488,  0.0088,  ..., -0.0111,  0.0067,  0.0087],
       device='cuda:0')
x_proj_norm.shape:torch.Size([64, 64]), tensor([ 8.6007e-06,  1.0767e-03,  2.2625e-01, -1.1318e-04,  1.7596e-01,
         2.2618e-02, -4.8776e-06, -1.5131e-03, -1.8355e-05,  8.6355e-02,
         1.8854e-01,  3.2770e-02, -7.8915e-05,  2.7509e-01,  1.6025e-01,
         1.6716e-02, -1.1763e-07, -2.0634e-03,  1.3311e-01, -1.1953e-10,
         7.8168e-03, -2.9587e-06, -1.8216e-08, -7.1330e-07,  7.2703e-02,
         4.4804e-02, -7.6965e-06,  1.0505e-03,  2.9371e-01, -1.4379e-09,
        -1.2569e-03,  4.1078e-02,  1.4042e-01,  1.6371e-01, -1.9498e-03,
         2.2365e-01, -1.0701e-04,  2.7937e-02, -1.8217e-05,  1.6360e-01,
         2.4876e-01,  1.2869e-01, -1.4805e-05,  4.2661e-02, -5.4719e-06,
         9.9282e-02,  3.6530e-01,  3.5438e-01,  2.8914e-01, -2.6926e-07,
        -5.4913e-03,  1.0433e-01,  1.8050e-01,  2.2378e-02,  6.1176e-02,
        -2.1112e-05, -1.6089e-04, -1.4105e-05, -2.7143e-05, -3.4095e-09,
         1.7082e-01,  1.8908e-02,  2.4573e-02,  1.5402e-01], device='cuda:0')
domian_feature+Z: tensor([[ 1.3259e-02,  4.2056e-02, -6.5915e-02,  1.4041e-02,  6.8681e-02,
         -2.0078e-01, -2.7459e-02, -5.4046e-02,  1.6795e-01,  8.6007e-06],
        [ 1.3259e-02,  4.2056e-02, -6.5915e-02,  1.4041e-02,  6.8681e-02,
         -2.0078e-01, -2.7459e-02, -5.4046e-02,  1.6795e-01,  1.0767e-03]],
       device='cuda:0')
Epoch:17 Time:78.8 Data:0.0 Loss:0.1293 Cls Loss:0.1042 Cls Loss Theta:12.2780 Pair Loss:0.0251 KL Loss:60.5666 KLD Theta:60.5666 Recon Loss:0.0001 Acc:0.9764 Theta Acc:0.0018 
=> centroids.dtype: torch.float32
=> Only CVAE KL
=> Use Multivariate Gaussian As the Prior
image_tensor: tensor([-0.0034,  0.0235,  0.0370,  ...,  0.0166,  0.0133, -0.0054],
       device='cuda:0')
x_proj_norm.shape:torch.Size([64, 64]), tensor([-2.7021e-04,  5.8457e-02,  2.0680e-01,  8.7462e-05,  3.1409e-01,
        -3.8835e-03, -3.0930e-06,  2.6477e-02, -2.9512e-05,  1.2714e-02,
         1.9741e-01,  1.0277e-01, -4.6171e-05, -3.4076e-03,  2.6601e-01,
        -1.3423e-03, -4.5815e-08,  8.6629e-02,  1.1652e-01, -1.8913e-11,
         1.6867e-01, -1.8003e-06,  1.8972e-07, -2.6458e-06,  1.5693e-01,
         8.0685e-02,  2.9757e-05, -1.7196e-04, -4.0171e-03, -1.7464e-09,
         1.1183e-01,  2.0538e-02,  1.2599e-01,  1.6112e-01,  4.7984e-02,
         1.4725e-02, -9.0541e-05,  3.3327e-01, -2.2357e-05,  7.9400e-02,
         5.2672e-02,  2.6220e-01, -1.4722e-05,  2.3085e-02, -8.7177e-06,
         4.5099e-02,  3.3707e-01,  2.6715e-01,  4.3565e-01,  2.4377e-07,
        -5.2980e-03,  2.9365e-02, -1.3304e-02,  7.2534e-02,  1.9388e-02,
        -1.6333e-05,  1.8661e-05,  9.4036e-06, -7.4579e-06, -3.3969e-09,
         1.1108e-01,  5.5930e-02,  7.6091e-02,  4.0045e-02], device='cuda:0')
domian_feature+Z: tensor([[ 0.1188,  0.1511, -0.1311,  0.0877,  0.1441, -0.2432, -0.0991,  0.1071,
          0.1003, -0.0003],
        [ 0.1188,  0.1511, -0.1311,  0.0877,  0.1441, -0.2432, -0.0991,  0.1071,
          0.1003,  0.0585]], device='cuda:0')
Epoch:18 Time:79.4 Data:0.0 Loss:0.1152 Cls Loss:0.0923 Cls Loss Theta:12.3760 Pair Loss:0.0229 KL Loss:60.5665 KLD Theta:60.5665 Recon Loss:0.0001 Acc:0.9818 Theta Acc:0.0019 
=> centroids.dtype: torch.float32
=> Only CVAE KL
=> Use Multivariate Gaussian As the Prior
image_tensor: tensor([-0.0398, -0.0521, -0.0011,  ...,  0.0073,  0.0110,  0.0003],
       device='cuda:0')
x_proj_norm.shape:torch.Size([64, 64]), tensor([-8.4457e-05,  1.2563e-02,  2.7824e-01, -8.6941e-05,  1.7718e-01,
        -2.3745e-03, -4.3761e-06, -1.8111e-03, -2.5214e-05,  1.1806e-02,
         1.6295e-01,  1.8302e-02, -5.0530e-05,  1.4530e-01,  1.9615e-01,
         5.9700e-03, -7.1367e-08,  3.1523e-02,  2.6757e-01, -6.4784e-11,
         9.4764e-02, -4.5871e-06,  8.6114e-08, -3.9472e-06,  1.2804e-01,
         3.1328e-02, -6.9587e-06, -1.1982e-04,  2.9212e-01, -1.0781e-09,
         1.9865e-01,  4.1135e-02,  6.1357e-02,  1.6180e-01, -2.7215e-03,
         1.0324e-01,  7.6438e-04,  1.0964e-01, -1.8649e-05,  9.6419e-02,
         1.8053e-01,  2.2982e-01, -4.3518e-06,  5.2596e-02, -7.5271e-06,
         2.2441e-01,  2.2676e-01,  1.7766e-01,  2.6014e-01, -6.4535e-07,
        -4.9961e-03,  9.6610e-02,  1.6466e-01,  5.5587e-02,  2.3608e-01,
        -1.9183e-05, -1.1903e-05, -4.5604e-06, -3.1884e-05, -2.3016e-09,
         5.2399e-02,  5.0985e-02,  1.9536e-02,  3.5589e-01], device='cuda:0')
domian_feature+Z: tensor([[ 1.1997e-01,  1.4957e-01, -5.7831e-02, -6.9871e-03,  5.1899e-02,
         -1.0905e-01, -3.1259e-02,  1.1914e-02, -5.3800e-02, -8.4457e-05],
        [ 1.1997e-01,  1.4957e-01, -5.7831e-02, -6.9871e-03,  5.1899e-02,
         -1.0905e-01, -3.1259e-02,  1.1914e-02, -5.3800e-02,  1.2563e-02]],
       device='cuda:0')
Epoch:19 Time:79.0 Data:0.0 Loss:0.1110 Cls Loss:0.0899 Cls Loss Theta:12.4916 Pair Loss:0.0211 KL Loss:60.5665 KLD Theta:60.5665 Recon Loss:0.0001 Acc:0.9809 Theta Acc:0.0014 
=> centroids.dtype: torch.float32
=> Only CVAE KL
=> Use Multivariate Gaussian As the Prior
image_tensor: tensor([-0.0172, -0.0302,  0.0232,  ..., -0.0021,  0.0126,  0.0003],
       device='cuda:0')
x_proj_norm.shape:torch.Size([64, 64]), tensor([ 8.3042e-04, -5.4542e-03,  7.9477e-02, -1.3823e-04,  1.1695e-01,
         7.4022e-03, -4.1572e-06, -1.1500e-03, -1.9387e-05,  1.2002e-01,
         3.0055e-01,  5.2962e-02, -1.1705e-04,  1.4024e-01,  1.5552e-01,
         9.3676e-02, -1.9667e-07, -3.1705e-03,  2.3467e-01, -4.4118e-11,
         3.4235e-02, -4.8566e-06, -1.2340e-08,  2.2774e-06,  4.0217e-02,
        -8.3980e-05, -1.2745e-05,  8.9851e-04,  2.0818e-01, -7.5815e-10,
        -1.5347e-03, -8.6358e-04,  1.7184e-01,  2.5339e-01, -2.0457e-03,
         2.6280e-01, -1.4979e-05,  1.1679e-01, -1.8296e-05,  2.5717e-01,
         2.5912e-01,  2.1005e-01, -1.1784e-05,  3.1638e-01, -5.0202e-06,
         1.8794e-01,  1.8933e-01,  1.5751e-01,  1.0195e-01, -4.4276e-07,
        -4.3634e-03,  1.1502e-01,  2.0820e-01,  4.8085e-02,  2.3668e-01,
        -3.2453e-05, -2.6344e-04, -2.2401e-05, -3.1737e-05, -3.0665e-09,
         8.4865e-02,  8.1512e-02, -3.5472e-03,  1.7122e-01], device='cuda:0')
domian_feature+Z: tensor([[ 0.2099,  0.0387, -0.0369,  0.0183, -0.0042, -0.2208, -0.1257,  0.0828,
          0.0968,  0.0008],
        [ 0.2099,  0.0387, -0.0369,  0.0183, -0.0042, -0.2208, -0.1257,  0.0828,
          0.0968, -0.0055]], device='cuda:0')
Epoch:20 Time:78.9 Data:0.0 Loss:0.1019 Cls Loss:0.0830 Cls Loss Theta:12.5486 Pair Loss:0.0188 KL Loss:60.5668 KLD Theta:60.5668 Recon Loss:0.0001 Acc:0.9822 Theta Acc:0.0022 
=> Test at epoch 20
Extracted features for query set, obtained torch.Size([2228, 702]) matrix
Extracted features for gallery set, obtained torch.Size([17661, 702]) matrix
Extracting features complete in 0m 10s
Distance computing in 0m 1s
Computing CMC and mAP through Classifier
Results ---------------------------------------------------
top1:1.1% top5:2.3% top10:3.6% top20:5.9% mAP:1.3%
-----------------------------------------------------------
Using 0m 2s
=> centroids.dtype: torch.float32
=> Only CVAE KL
=> Use Multivariate Gaussian As the Prior
image_tensor: tensor([-0.0302,  0.0082,  0.0273,  ...,  0.0055,  0.0130,  0.0048],
       device='cuda:0')
x_proj_norm.shape:torch.Size([64, 64]), tensor([-3.4847e-04,  3.2379e-02,  2.0025e-01, -3.7549e-05,  3.1370e-01,
        -2.3731e-03, -3.7492e-06,  9.6809e-03, -2.5428e-05,  2.7966e-02,
         1.4390e-01,  1.2441e-01, -7.0114e-05,  7.8160e-02,  1.5286e-02,
         2.8463e-02, -3.5893e-08,  1.9627e-02,  2.2503e-01, -1.3915e-10,
         1.3450e-01, -1.8337e-06, -6.2074e-10, -2.8929e-06,  8.4517e-02,
         4.6783e-02, -7.1082e-06, -1.9849e-04,  4.1147e-02, -1.7163e-09,
         3.5818e-02,  4.9295e-02,  1.7477e-01,  1.0683e-01,  1.3901e-02,
         2.4501e-01, -6.6098e-05,  1.9644e-01, -1.4102e-05,  2.9857e-01,
         1.2124e-01,  1.5551e-01, -9.2802e-06,  7.9410e-02, -5.7124e-06,
         3.4051e-01,  1.6963e-01,  3.4564e-01,  3.6085e-01, -2.6965e-07,
        -1.3369e-03,  1.1595e-01,  7.0911e-02,  3.0435e-02,  5.3873e-02,
         5.2201e-05, -7.9060e-04, -3.2141e-06, -4.1719e-05, -2.3134e-09,
         1.0525e-01,  1.4363e-01,  2.3824e-02,  9.0208e-02], device='cuda:0')
domian_feature+Z: tensor([[-0.0377,  0.0771, -0.0847, -0.0216,  0.1101, -0.1630, -0.0760,  0.0978,
          0.1361, -0.0003],
        [-0.0377,  0.0771, -0.0847, -0.0216,  0.1101, -0.1630, -0.0760,  0.0978,
          0.1361,  0.0324]], device='cuda:0')
Epoch:21 Time:75.7 Data:0.0 Loss:0.0820 Cls Loss:0.0631 Cls Loss Theta:12.5185 Pair Loss:0.0189 KL Loss:60.5664 KLD Theta:60.5664 Recon Loss:0.0001 Acc:0.9880 Theta Acc:0.0022 
=> centroids.dtype: torch.float32
=> Only CVAE KL
=> Use Multivariate Gaussian As the Prior
image_tensor: tensor([-0.0414, -0.0561, -0.0124,  ..., -0.0105,  0.0166, -0.0056],
       device='cuda:0')
x_proj_norm.shape:torch.Size([64, 64]), tensor([-2.4135e-04, -1.7240e-03,  1.7300e-01, -1.2739e-04,  1.8114e-01,
        -3.4608e-03, -3.9247e-06,  5.2836e-04, -2.0462e-05,  1.1346e-01,
         1.7793e-01,  5.6269e-02, -9.4112e-05,  2.2343e-01,  1.9137e-01,
         4.9474e-02, -7.1921e-08, -4.7618e-03,  2.6377e-01, -1.6412e-10,
         4.8807e-02, -1.8565e-06, -1.1385e-08, -1.5914e-06,  1.3747e-01,
        -6.0530e-04, -7.3657e-06, -2.2347e-04,  1.0063e-01, -1.3536e-09,
         1.6337e-01,  1.0764e-01,  1.5795e-01,  5.3834e-02, -4.9132e-03,
         2.4753e-01, -5.7388e-05,  1.5714e-01, -1.0386e-05,  1.0987e-01,
         1.5405e-01,  1.8063e-01, -4.3772e-06,  2.2688e-01, -5.0060e-06,
         1.4574e-01,  3.0744e-01,  1.2967e-01,  2.2141e-01, -1.5991e-07,
         3.9921e-02,  3.0562e-01,  5.6531e-02,  7.8045e-02,  1.7567e-01,
        -4.6255e-05, -5.6873e-04, -1.1054e-05, -9.5355e-06, -1.5126e-09,
         9.7684e-02,  1.4271e-02,  2.9225e-03,  3.1767e-01], device='cuda:0')
domian_feature+Z: tensor([[ 0.0889,  0.0487, -0.0671, -0.0429,  0.1366, -0.1915, -0.0237,  0.1169,
          0.1233, -0.0002],
        [ 0.0889,  0.0487, -0.0671, -0.0429,  0.1366, -0.1915, -0.0237,  0.1169,
          0.1233, -0.0017]], device='cuda:0')
Epoch:22 Time:78.0 Data:0.0 Loss:0.0808 Cls Loss:0.0618 Cls Loss Theta:12.5298 Pair Loss:0.0190 KL Loss:60.5666 KLD Theta:60.5666 Recon Loss:0.0001 Acc:0.9888 Theta Acc:0.0021 
=> centroids.dtype: torch.float32
=> Only CVAE KL
=> Use Multivariate Gaussian As the Prior
image_tensor: tensor([-0.0003, -0.0115,  0.0412,  ...,  0.0135,  0.0059, -0.0017],
       device='cuda:0')
x_proj_norm.shape:torch.Size([64, 64]), tensor([ 3.4571e-04, -2.7065e-03,  2.2271e-01, -1.3336e-04,  3.1614e-01,
         1.8964e-02, -2.2444e-06,  1.7359e-03, -2.6886e-05,  8.8054e-02,
         1.9881e-01,  2.1288e-02, -7.7890e-05,  5.0949e-02,  2.1742e-01,
         1.9099e-02, -1.2635e-07,  3.1970e-02,  1.4580e-01,  6.7326e-10,
         3.0857e-02, -6.1896e-06,  5.5492e-08, -4.9118e-06,  2.1583e-01,
        -5.3564e-03, -6.1819e-06, -4.1892e-05,  1.8209e-01, -1.0386e-09,
         1.6771e-01,  6.2076e-02,  1.0744e-01,  1.0985e-01, -1.6420e-03,
         5.1157e-02,  1.5272e-04,  1.2032e-01, -1.3945e-05,  3.0746e-01,
         2.4170e-01,  9.1173e-02,  9.6873e-06,  1.8333e-01, -5.7355e-06,
         2.2440e-01,  3.1431e-01,  2.3282e-01,  1.2978e-01, -4.7105e-07,
        -3.3740e-03,  2.6663e-01,  9.1971e-02,  6.3848e-03,  1.9968e-01,
         1.7403e-05,  4.1380e-04, -1.1723e-05, -4.3818e-05, -1.8866e-09,
         1.5546e-01,  6.5189e-02, -1.0581e-03,  1.1556e-01], device='cuda:0')
domian_feature+Z: tensor([[ 0.1303,  0.0595, -0.0165, -0.0020,  0.0633, -0.1227,  0.0546,  0.0927,
         -0.0216,  0.0003],
        [ 0.1303,  0.0595, -0.0165, -0.0020,  0.0633, -0.1227,  0.0546,  0.0927,
         -0.0216, -0.0027]], device='cuda:0')
Epoch:23 Time:79.4 Data:0.0 Loss:0.0743 Cls Loss:0.0571 Cls Loss Theta:12.5427 Pair Loss:0.0173 KL Loss:60.5664 KLD Theta:60.5664 Recon Loss:0.0001 Acc:0.9904 Theta Acc:0.0020 
=> centroids.dtype: torch.float32
=> Only CVAE KL
=> Use Multivariate Gaussian As the Prior
image_tensor: tensor([-0.0522, -0.0050, -0.0186,  ...,  0.0003,  0.0181,  0.0030],
       device='cuda:0')
x_proj_norm.shape:torch.Size([64, 64]), tensor([-1.0049e-04,  2.8689e-03,  2.9469e-01, -8.5746e-05,  2.2671e-01,
         7.8439e-03, -6.3186e-06, -2.4454e-03, -2.5098e-05,  5.3000e-02,
         1.5294e-01,  4.0542e-03, -7.6226e-05,  2.6685e-01,  7.6994e-02,
        -1.6916e-03,  9.9595e-08, -3.8746e-03,  8.9661e-02, -2.4685e-11,
         5.8166e-02, -3.7252e-06, -2.1191e-08, -4.4286e-06,  4.3156e-02,
         3.5149e-02, -5.0778e-06, -3.7034e-05,  3.0203e-01, -1.8918e-09,
         1.8503e-01,  8.6505e-02,  6.3591e-02,  2.5273e-01, -2.9815e-03,
         3.1914e-01, -1.2057e-04,  8.0790e-02, -1.8198e-05,  2.4820e-01,
         2.4604e-01,  1.6226e-01, -6.2024e-06,  9.5359e-02, -8.4321e-06,
         2.3269e-01,  1.2038e-01,  2.0236e-01,  2.7537e-01, -6.7187e-07,
        -1.3040e-03,  4.3373e-02,  5.5918e-02,  1.0920e-01,  1.5057e-01,
        -3.3536e-06, -4.4692e-04, -4.5955e-07, -3.3738e-05, -1.4546e-10,
         1.2641e-01,  1.0375e-01,  1.2596e-02,  1.5791e-01], device='cuda:0')
domian_feature+Z: tensor([[ 0.0372,  0.0714,  0.0503, -0.0848,  0.0245, -0.0341, -0.0991,  0.0258,
         -0.0713, -0.0001],
        [ 0.0372,  0.0714,  0.0503, -0.0848,  0.0245, -0.0341, -0.0991,  0.0258,
         -0.0713,  0.0029]], device='cuda:0')
Epoch:24 Time:80.4 Data:0.0 Loss:0.0678 Cls Loss:0.0497 Cls Loss Theta:12.5654 Pair Loss:0.0181 KL Loss:60.5664 KLD Theta:60.5664 Recon Loss:0.0001 Acc:0.9923 Theta Acc:0.0018 
=> centroids.dtype: torch.float32
=> Only CVAE KL
=> Use Multivariate Gaussian As the Prior
image_tensor: tensor([-0.0049,  0.0208,  0.0258,  ..., -0.0045,  0.0049,  0.0009],
       device='cuda:0')
x_proj_norm.shape:torch.Size([64, 64]), tensor([-1.2922e-04,  2.4189e-03,  2.4362e-01, -1.3011e-04,  1.5321e-01,
         2.3680e-02, -3.7409e-06,  6.3496e-03, -1.5910e-05,  1.5165e-01,
         2.0416e-01,  6.1635e-02, -6.7521e-05,  2.2900e-01,  8.8296e-02,
         5.5077e-02, -1.9582e-07,  8.2349e-03,  1.3193e-01, -1.9872e-10,
         7.5982e-03, -1.4604e-06, -1.9241e-08,  8.4471e-06,  1.3973e-01,
         5.2093e-02, -1.3132e-06,  6.0650e-04,  2.2053e-01, -1.2060e-09,
         6.2623e-02,  7.6939e-02,  3.8703e-01,  1.7253e-01, -3.7151e-03,
         2.0119e-01, -1.4751e-04,  1.4169e-01, -1.8503e-05,  1.3029e-01,
         2.9986e-01,  7.5691e-02, -2.2674e-05,  2.5454e-02, -1.7338e-06,
         1.6480e-01,  1.3542e-01,  2.7880e-01,  1.5772e-01, -3.4477e-07,
        -1.5231e-03,  8.3769e-02,  3.2734e-01,  1.9869e-02,  3.4643e-02,
         1.1147e-05,  3.4445e-04, -1.8295e-05, -8.0404e-05, -3.1092e-09,
         2.4240e-01,  8.5660e-02,  2.9623e-03,  5.5357e-02], device='cuda:0')
domian_feature+Z: tensor([[ 1.3259e-02,  4.2056e-02, -6.5915e-02,  1.4041e-02,  6.8681e-02,
         -2.0078e-01, -2.7459e-02, -5.4046e-02,  1.6795e-01, -1.2922e-04],
        [ 1.3259e-02,  4.2056e-02, -6.5915e-02,  1.4041e-02,  6.8681e-02,
         -2.0078e-01, -2.7459e-02, -5.4046e-02,  1.6795e-01,  2.4189e-03]],
       device='cuda:0')
Epoch:25 Time:80.5 Data:0.0 Loss:0.0680 Cls Loss:0.0505 Cls Loss Theta:12.5101 Pair Loss:0.0175 KL Loss:60.5667 KLD Theta:60.5667 Recon Loss:0.0001 Acc:0.9919 Theta Acc:0.0019 
=> Test at epoch 25
Extracted features for query set, obtained torch.Size([2228, 702]) matrix
Extracted features for gallery set, obtained torch.Size([17661, 702]) matrix
Extracting features complete in 0m 9s
Distance computing in 0m 1s
Computing CMC and mAP through Classifier
Results ---------------------------------------------------
top1:0.8% top5:1.7% top10:2.6% top20:5.0% mAP:1.2%
-----------------------------------------------------------
Using 0m 2s
=> centroids.dtype: torch.float32
=> Only CVAE KL
=> Use Multivariate Gaussian As the Prior
image_tensor: tensor([-0.0132, -0.0328,  0.0289,  ...,  0.0027,  0.0112, -0.0100],
       device='cuda:0')
x_proj_norm.shape:torch.Size([64, 64]), tensor([-2.9446e-05,  5.6722e-03,  1.8316e-01, -9.4551e-05,  1.9529e-01,
        -6.7918e-03, -3.5532e-06, -7.5087e-05, -2.6633e-05,  9.4875e-02,
         1.8650e-01,  1.6796e-02, -6.8450e-05,  2.0988e-01,  1.6291e-01,
         7.8683e-03, -1.1572e-07,  4.0470e-02,  2.6853e-01, -8.0514e-11,
         8.5054e-02, -5.2619e-06,  1.0082e-07, -1.6006e-06,  1.6728e-01,
         2.4299e-02, -5.3695e-06, -7.5059e-05,  2.4835e-01, -1.0733e-09,
         2.1415e-01,  1.4784e-01,  1.5650e-01,  2.4449e-01, -3.5907e-03,
         8.7582e-02,  5.6841e-04,  2.0126e-01, -1.8041e-05,  7.2290e-02,
         1.5473e-01,  2.8593e-01, -6.4115e-06,  1.7354e-01, -5.8938e-06,
         1.6707e-01,  1.8034e-01,  1.1166e-01,  1.9384e-01, -3.4663e-07,
         8.3491e-03,  1.7337e-01,  8.7373e-02,  4.0243e-02,  8.5999e-02,
        -3.9485e-05,  2.4263e-04, -7.5011e-06, -2.3065e-05, -3.0310e-09,
         1.7060e-01,  1.8029e-02,  1.5124e-02,  3.3771e-01], device='cuda:0')
domian_feature+Z: tensor([[ 1.3646e-01,  7.3622e-02, -1.3388e-03,  1.0485e-02,  1.7777e-03,
         -1.3756e-01, -4.4018e-02,  3.5412e-03,  6.6780e-02, -2.9446e-05],
        [ 1.3646e-01,  7.3622e-02, -1.3388e-03,  1.0485e-02,  1.7777e-03,
         -1.3756e-01, -4.4018e-02,  3.5412e-03,  6.6780e-02,  5.6722e-03]],
       device='cuda:0')
Epoch:26 Time:75.8 Data:0.0 Loss:0.0738 Cls Loss:0.0550 Cls Loss Theta:12.5415 Pair Loss:0.0188 KL Loss:60.5665 KLD Theta:60.5665 Recon Loss:0.0001 Acc:0.9903 Theta Acc:0.0016 
=> centroids.dtype: torch.float32
=> Only CVAE KL
=> Use Multivariate Gaussian As the Prior
image_tensor: tensor([-0.0530, -0.0245,  0.0203,  ...,  0.0109,  0.0050, -0.0036],
       device='cuda:0')
x_proj_norm.shape:torch.Size([64, 64]), tensor([-3.8847e-07, -2.1111e-03,  1.1683e-01, -1.6720e-04,  3.5795e-01,
         4.8268e-03, -4.4560e-06, -8.8490e-04, -2.3537e-05,  1.6640e-01,
        -8.3556e-04,  1.3577e-02, -1.0097e-04,  3.2108e-01,  2.1526e-01,
         2.5785e-02, -1.6564e-07,  1.1558e-03,  2.0270e-01, -1.0365e-10,
         1.2621e-02, -9.2132e-06, -1.2611e-08, -3.4504e-06,  1.2591e-01,
        -4.5170e-03, -5.8973e-06, -2.9866e-05,  2.1361e-01, -1.0264e-09,
         1.7205e-01,  9.8715e-02,  2.0149e-01,  1.9719e-01, -5.4652e-03,
         1.6592e-01,  1.2973e-04,  5.0690e-02, -1.3086e-05,  4.1347e-02,
         1.5118e-01,  1.1055e-01, -3.3270e-06,  1.8539e-01, -4.6762e-06,
         1.0035e-01,  2.6144e-01,  1.6835e-01,  2.1879e-01, -1.7767e-07,
         2.3071e-02,  2.7105e-01,  4.9211e-02,  8.7240e-02,  1.1320e-01,
        -4.5788e-05, -1.3526e-04, -1.9049e-05, -1.7098e-05, -2.0785e-09,
         1.8435e-01, -6.0582e-03, -1.8245e-03,  2.6783e-01], device='cuda:0')
domian_feature+Z: tensor([[-1.1449e-01, -3.0038e-02, -1.1541e-01, -1.4328e-02, -2.1182e-03,
         -2.4008e-01, -2.4542e-02, -6.8617e-02,  1.1437e-01, -3.8847e-07],
        [-1.1449e-01, -3.0038e-02, -1.1541e-01, -1.4328e-02, -2.1182e-03,
         -2.4008e-01, -2.4542e-02, -6.8617e-02,  1.1437e-01, -2.1111e-03]],
       device='cuda:0')
Epoch:27 Time:77.2 Data:0.0 Loss:0.0706 Cls Loss:0.0537 Cls Loss Theta:12.5453 Pair Loss:0.0170 KL Loss:60.5664 KLD Theta:60.5664 Recon Loss:0.0001 Acc:0.9912 Theta Acc:0.0023 
=> centroids.dtype: torch.float32
=> Only CVAE KL
=> Use Multivariate Gaussian As the Prior
image_tensor: tensor([-0.0006,  0.0099,  0.0381,  ...,  0.0017,  0.0099, -0.0069],
       device='cuda:0')
x_proj_norm.shape:torch.Size([64, 64]), tensor([ 3.0474e-04, -4.9449e-04,  2.0511e-01, -8.2402e-05,  1.5052e-01,
        -9.5364e-04, -2.3117e-06,  1.5123e-02, -2.3843e-05,  6.7778e-02,
         3.9986e-01,  1.9443e-02, -7.0035e-05,  8.5642e-02,  2.0277e-01,
         1.1150e-02, -7.4652e-08,  2.1899e-02,  2.0965e-01,  3.8747e-10,
         4.7509e-02, -3.5415e-06,  1.1232e-07, -8.1122e-07,  1.2616e-01,
         8.5331e-03, -3.0830e-06,  8.7075e-06,  1.4129e-01, -1.1257e-09,
         1.8267e-01,  1.0578e-01,  7.8206e-02,  2.3162e-01, -9.0769e-04,
         3.2654e-02,  2.6382e-04,  1.5747e-01, -1.4667e-05,  2.5436e-01,
         2.2435e-01,  2.0097e-01, -9.4166e-08,  2.3457e-01, -5.9059e-06,
         2.0606e-01,  3.5563e-01,  6.9726e-02,  1.4221e-01, -1.7454e-07,
        -1.7876e-03,  2.0794e-01,  3.7803e-02,  5.9618e-02,  1.1716e-01,
        -2.2831e-05,  5.4842e-04, -4.9630e-06, -1.1270e-05, -2.2808e-09,
         1.3613e-01,  9.8260e-02,  2.4591e-02,  1.1588e-01], device='cuda:0')
domian_feature+Z: tensor([[ 0.1964,  0.0834, -0.0561,  0.0065,  0.0363, -0.1329, -0.1802,  0.0835,
          0.0636,  0.0003],
        [ 0.1964,  0.0834, -0.0561,  0.0065,  0.0363, -0.1329, -0.1802,  0.0835,
          0.0636, -0.0005]], device='cuda:0')
Epoch:28 Time:78.5 Data:0.0 Loss:0.0631 Cls Loss:0.0472 Cls Loss Theta:12.5276 Pair Loss:0.0159 KL Loss:60.5665 KLD Theta:60.5665 Recon Loss:0.0001 Acc:0.9936 Theta Acc:0.0019 
=> centroids.dtype: torch.float32
=> Only CVAE KL
=> Use Multivariate Gaussian As the Prior
image_tensor: tensor([-0.0009, -0.0341,  0.0496,  ..., -0.0059, -0.0069, -0.0075],
       device='cuda:0')
x_proj_norm.shape:torch.Size([64, 64]), tensor([-2.5999e-04,  2.1060e-02,  1.8022e-01, -4.4459e-05,  1.6526e-01,
        -9.0712e-03, -3.7729e-06,  1.1238e-02, -2.7967e-05,  4.2960e-02,
         1.6801e-01,  6.7030e-02, -6.9686e-05,  2.0732e-01,  1.5230e-01,
         6.3344e-02, -8.8361e-08,  5.2521e-02,  2.7604e-01, -1.7455e-10,
         1.3836e-01, -2.0592e-06,  7.0382e-08, -6.1519e-07,  1.0062e-01,
         3.7148e-02,  1.9750e-05, -2.3227e-04,  1.7934e-01, -1.4362e-09,
         1.7511e-01,  1.0490e-01,  1.6049e-01,  2.0319e-01, -7.7296e-04,
         3.1932e-02, -1.1308e-05,  2.9693e-01, -2.2525e-05,  1.3017e-01,
         2.9327e-01,  3.0392e-01, -8.1336e-06,  1.4855e-01, -5.7018e-06,
         1.4208e-01,  1.4690e-01,  6.9601e-03,  2.6293e-01, -2.5364e-07,
        -1.5130e-04,  1.9210e-01,  4.7644e-02,  6.9398e-02,  1.8957e-01,
        -2.3362e-05, -2.0629e-04,  2.7042e-06, -2.3897e-05, -2.2272e-09,
         3.7710e-02,  1.2977e-01,  3.9607e-02,  2.5866e-01], device='cuda:0')
domian_feature+Z: tensor([[ 0.2080,  0.0334, -0.0598,  0.1066,  0.0778, -0.1367, -0.1373,  0.0933,
          0.1271, -0.0003],
        [ 0.2080,  0.0334, -0.0598,  0.1066,  0.0778, -0.1367, -0.1373,  0.0933,
          0.1271,  0.0211]], device='cuda:0')
Epoch:29 Time:79.2 Data:0.0 Loss:0.0702 Cls Loss:0.0525 Cls Loss Theta:12.5867 Pair Loss:0.0177 KL Loss:60.5666 KLD Theta:60.5666 Recon Loss:0.0001 Acc:0.9911 Theta Acc:0.0023 
=> centroids.dtype: torch.float32
=> Only CVAE KL
=> Use Multivariate Gaussian As the Prior
image_tensor: tensor([ 0.0145, -0.0112,  0.0462,  ...,  0.0091,  0.0115, -0.0047],
       device='cuda:0')
x_proj_norm.shape:torch.Size([64, 64]), tensor([-3.4888e-04,  5.0913e-02,  3.0855e-01, -2.2961e-05,  2.8376e-01,
        -8.5705e-03, -3.0988e-06,  2.6804e-02, -2.7286e-05, -1.5449e-03,
         7.9633e-02,  1.1923e-01, -4.1861e-05,  4.4252e-03,  1.6762e-01,
         8.2776e-02, -1.1663e-07,  1.0041e-01,  7.7239e-02,  2.1978e-10,
         2.4442e-01,  1.6307e-06,  1.3581e-07, -3.3169e-06,  2.7986e-01,
         8.8624e-02,  2.4366e-05, -3.0581e-04,  2.8445e-02, -1.6476e-09,
         5.0660e-02,  4.9204e-02,  2.1578e-01,  2.8830e-01,  3.8752e-02,
         1.0856e-01, -1.6347e-04,  2.9549e-01, -2.5807e-05,  2.1536e-01,
         9.7580e-02,  3.6614e-01, -2.8233e-05,  4.9938e-03, -9.0273e-06,
         1.0126e-01,  4.1985e-02,  1.2461e-01,  2.8930e-01, -4.1756e-07,
        -2.8713e-03,  1.0410e-01,  8.7109e-02,  1.2398e-02,  1.0781e-01,
         9.0877e-05, -1.7260e-04, -2.6753e-06, -8.0733e-05, -2.0041e-09,
         8.6412e-02,  1.5000e-01,  7.2677e-02,  2.1717e-02], device='cuda:0')
domian_feature+Z: tensor([[ 0.1378,  0.0517, -0.1543, -0.0804,  0.1316, -0.1271, -0.0644,  0.0753,
          0.1051, -0.0003],
        [ 0.1378,  0.0517, -0.1543, -0.0804,  0.1316, -0.1271, -0.0644,  0.0753,
          0.1051,  0.0509]], device='cuda:0')
Epoch:30 Time:79.8 Data:0.0 Loss:0.0641 Cls Loss:0.0483 Cls Loss Theta:12.5533 Pair Loss:0.0158 KL Loss:60.5668 KLD Theta:60.5668 Recon Loss:0.0001 Acc:0.9917 Theta Acc:0.0026 
=> Test at epoch 30
Extracted features for query set, obtained torch.Size([2228, 702]) matrix
Extracted features for gallery set, obtained torch.Size([17661, 702]) matrix
Extracting features complete in 0m 11s
Distance computing in 0m 1s
Computing CMC and mAP through Classifier
Results ---------------------------------------------------
top1:0.8% top5:2.1% top10:3.3% top20:6.3% mAP:1.5%
-----------------------------------------------------------
Using 0m 2s
=> centroids.dtype: torch.float32
=> Only CVAE KL
=> Use Multivariate Gaussian As the Prior
image_tensor: tensor([-0.0043, -0.0249,  0.0216,  ...,  0.0050,  0.0127,  0.0126],
       device='cuda:0')
x_proj_norm.shape:torch.Size([64, 64]), tensor([-4.0399e-04, -2.2545e-03,  1.8884e-02, -1.3619e-04,  1.0819e-01,
         1.0900e-02, -4.5345e-06,  6.1417e-03, -1.6706e-05,  9.1844e-02,
         1.2220e-01,  9.2997e-02, -1.0429e-04,  1.8959e-01,  3.7343e-02,
         6.8226e-02, -3.8201e-08, -6.3143e-03,  2.6891e-01, -2.1405e-10,
         7.6451e-02,  1.5426e-05, -1.4764e-08, -1.1405e-06,  2.4453e-01,
         8.1008e-02, -1.7559e-05, -2.4727e-04,  5.3015e-02, -1.3565e-09,
         1.3582e-01,  1.3381e-01,  1.1157e-01,  1.6352e-01, -7.4593e-03,
         3.4461e-01, -2.9097e-04,  6.1851e-02, -6.8313e-06,  1.3532e-01,
         1.4447e-01,  1.3520e-01, -1.8726e-05,  1.3275e-01, -6.3685e-06,
         1.4986e-01,  3.6239e-01,  1.9590e-01,  1.6965e-01, -2.6666e-07,
         3.8365e-02,  2.5473e-01,  3.7238e-01,  1.9131e-02,  1.8135e-01,
        -4.4088e-05, -7.0599e-04, -1.6447e-05, -1.5992e-05, -2.2729e-09,
         1.2340e-01,  4.2376e-02, -4.1098e-03,  1.2943e-01], device='cuda:0')
domian_feature+Z: tensor([[ 0.1116, -0.0097, -0.0301,  0.0603,  0.0878, -0.1806, -0.1204,  0.0787,
          0.0600, -0.0004],
        [ 0.1116, -0.0097, -0.0301,  0.0603,  0.0878, -0.1806, -0.1204,  0.0787,
          0.0600, -0.0023]], device='cuda:0')
Epoch:31 Time:75.7 Data:0.0 Loss:0.0670 Cls Loss:0.0500 Cls Loss Theta:12.5396 Pair Loss:0.0170 KL Loss:60.5666 KLD Theta:60.5666 Recon Loss:0.0001 Acc:0.9913 Theta Acc:0.0021 
=> centroids.dtype: torch.float32
=> Only CVAE KL
=> Use Multivariate Gaussian As the Prior
image_tensor: tensor([-0.0063,  0.0037,  0.0290,  ...,  0.0003,  0.0045,  0.0176],
       device='cuda:0')
x_proj_norm.shape:torch.Size([64, 64]), tensor([-4.9949e-05, -5.6880e-03,  8.7244e-02, -1.3758e-04,  1.5862e-01,
        -4.5898e-03, -3.2179e-06, -3.1658e-04, -2.1783e-05,  1.1300e-01,
         1.4787e-01,  3.7727e-02, -9.0658e-05,  3.4664e-02,  1.1703e-01,
         4.2818e-02, -1.2110e-07,  1.5619e-02,  3.5688e-01, -1.0198e-10,
         5.0291e-02, -4.9161e-06,  2.7397e-08, -1.9508e-06,  1.6913e-01,
        -2.4765e-03, -1.9609e-05, -5.5014e-05,  2.8061e-01, -7.1443e-10,
         1.1215e-01,  1.1774e-01,  1.7895e-01,  8.1443e-02, -3.4732e-03,
         2.3258e-01, -2.5114e-06,  1.4517e-01, -1.1219e-05,  2.6577e-01,
         9.1169e-02,  2.0144e-01, -9.3994e-06,  2.5150e-01, -3.8770e-06,
         2.0164e-01,  8.8080e-02,  2.5354e-01,  1.7217e-01, -4.5744e-07,
         1.8543e-02,  2.4768e-01,  2.4851e-01, -7.2796e-03,  1.4810e-01,
        -2.2554e-05, -3.6571e-04, -1.6362e-05, -4.0599e-05, -3.9738e-09,
         1.8012e-01,  4.0852e-02, -5.6495e-03,  1.7836e-01], device='cuda:0')
domian_feature+Z: tensor([[ 2.2302e-01,  7.6311e-02, -1.5948e-01,  6.0134e-02,  8.7197e-02,
         -4.9072e-02, -6.5192e-02,  9.1168e-02,  8.8958e-02, -4.9949e-05],
        [ 2.2302e-01,  7.6311e-02, -1.5948e-01,  6.0134e-02,  8.7197e-02,
         -4.9072e-02, -6.5192e-02,  9.1168e-02,  8.8958e-02, -5.6880e-03]],
       device='cuda:0')
Epoch:32 Time:77.0 Data:0.0 Loss:0.0622 Cls Loss:0.0464 Cls Loss Theta:12.5209 Pair Loss:0.0157 KL Loss:60.5667 KLD Theta:60.5667 Recon Loss:0.0001 Acc:0.9933 Theta Acc:0.0021 
=> centroids.dtype: torch.float32
=> Only CVAE KL
=> Use Multivariate Gaussian As the Prior
image_tensor: tensor([-0.0406, -0.0279,  0.0320,  ...,  0.0047,  0.0089,  0.0018],
       device='cuda:0')
x_proj_norm.shape:torch.Size([64, 64]), tensor([-1.1372e-05, -8.5275e-04,  2.2017e-01, -1.2148e-04,  1.1999e-01,
        -1.3639e-03, -2.9753e-06,  1.7592e-02, -1.8214e-05,  1.7456e-01,
         3.6914e-01,  2.2423e-03, -5.7918e-05,  1.8256e-01,  1.3849e-01,
         4.2471e-02, -1.4426e-07,  1.5187e-02,  5.6082e-02, -8.0885e-11,
         1.7169e-02, -3.2084e-06, -1.3654e-08,  7.3642e-06,  2.4035e-02,
        -4.4853e-03,  1.2992e-05,  3.2929e-04,  2.4545e-01, -5.2688e-10,
         2.1515e-01,  1.3850e-01,  3.7047e-01,  1.8147e-01, -2.6556e-03,
         1.2443e-01, -5.1904e-05,  7.1508e-02, -1.5822e-05,  2.2098e-01,
         2.9208e-01,  1.0594e-01, -1.3511e-05,  8.0130e-02, -1.8915e-06,
         1.4581e-01,  1.5295e-02, -3.5557e-03,  2.2693e-01, -5.4858e-07,
         6.2168e-03,  1.2760e-01,  1.5889e-01,  9.3841e-02,  1.0960e-01,
         1.5192e-04,  1.3407e-03, -1.3434e-05, -1.1659e-04, -4.1571e-10,
         2.8373e-01,  1.6405e-01,  1.5920e-02, -8.9852e-04], device='cuda:0')
domian_feature+Z: tensor([[ 4.1553e-02,  3.0708e-02, -7.3154e-02, -6.8387e-03,  4.6446e-02,
         -3.1342e-01, -9.7991e-02,  1.2946e-02,  2.6018e-01, -1.1372e-05],
        [ 4.1553e-02,  3.0708e-02, -7.3154e-02, -6.8387e-03,  4.6446e-02,
         -3.1342e-01, -9.7991e-02,  1.2946e-02,  2.6018e-01, -8.5275e-04]],
       device='cuda:0')
Epoch:33 Time:78.5 Data:0.0 Loss:0.0627 Cls Loss:0.0465 Cls Loss Theta:12.5653 Pair Loss:0.0162 KL Loss:60.5665 KLD Theta:60.5665 Recon Loss:0.0001 Acc:0.9935 Theta Acc:0.0018 
=> centroids.dtype: torch.float32
=> Only CVAE KL
=> Use Multivariate Gaussian As the Prior
image_tensor: tensor([-0.0173, -0.0644,  0.0042,  ..., -0.0077,  0.0216,  0.0098],
       device='cuda:0')
x_proj_norm.shape:torch.Size([64, 64]), tensor([ 2.8671e-04, -5.6893e-03,  1.4037e-01, -1.0231e-04,  1.2864e-02,
         1.5759e-02, -3.8843e-06, -2.7420e-03, -2.4228e-05,  7.1681e-02,
         2.6485e-01, -5.5243e-03, -7.5787e-05,  2.1024e-01,  1.8002e-01,
        -1.8975e-04, -1.7238e-08,  4.8641e-04,  2.2870e-01, -1.3722e-11,
        -9.4451e-05, -2.9822e-06,  4.0096e-08, -2.6018e-06,  2.3652e-01,
         2.4594e-02, -1.5186e-05, -1.2048e-05,  1.7929e-01, -1.0783e-09,
         2.3834e-01,  1.0366e-01,  6.0525e-02,  2.1382e-01, -7.7511e-03,
         1.7056e-01, -1.1405e-05,  1.9308e-01, -1.4248e-05,  2.1394e-01,
         1.6306e-01,  1.4474e-01, -5.4326e-06,  1.8356e-01, -6.1989e-06,
         1.3060e-01,  2.5666e-01,  2.7613e-01,  3.0720e-02, -6.2362e-07,
         9.8569e-03,  5.8121e-02,  2.8795e-01,  2.4523e-02,  1.7110e-01,
        -2.9914e-05,  8.7626e-04, -6.0383e-06, -1.4697e-05, -2.2638e-09,
         1.5230e-01, -4.3653e-03, -8.3186e-03,  2.7703e-01], device='cuda:0')
domian_feature+Z: tensor([[ 0.0839,  0.0288, -0.0575, -0.0530,  0.0664, -0.1930, -0.1558,  0.0418,
          0.0373,  0.0003],
        [ 0.0839,  0.0288, -0.0575, -0.0530,  0.0664, -0.1930, -0.1558,  0.0418,
          0.0373, -0.0057]], device='cuda:0')
Epoch:34 Time:79.6 Data:0.0 Loss:0.0642 Cls Loss:0.0490 Cls Loss Theta:12.5967 Pair Loss:0.0152 KL Loss:60.5669 KLD Theta:60.5669 Recon Loss:0.0001 Acc:0.9919 Theta Acc:0.0017 
=> centroids.dtype: torch.float32
=> Only CVAE KL
=> Use Multivariate Gaussian As the Prior
image_tensor: tensor([-0.0105, -0.0139,  0.0052,  ...,  0.0078,  0.0032,  0.0031],
       device='cuda:0')
x_proj_norm.shape:torch.Size([64, 64]), tensor([-1.4443e-04, -2.3684e-03,  1.1618e-01, -1.0338e-04,  1.4571e-01,
        -3.3990e-03, -4.4459e-06,  1.3287e-03, -2.9324e-05,  9.1679e-02,
         1.3011e-01,  1.0342e-02, -9.5390e-05,  1.9655e-01,  8.9250e-02,
         5.2848e-02, -1.9705e-08,  3.0318e-02,  3.6881e-01, -8.9549e-11,
         1.0235e-01, -2.6543e-06,  1.5728e-08, -3.4918e-06,  2.0678e-01,
         3.6159e-02, -1.8477e-05, -1.9738e-04,  1.4707e-01, -1.0026e-09,
         1.9982e-01,  1.7149e-01,  1.5761e-01,  2.5071e-01, -6.0712e-03,
         2.0041e-01, -6.5853e-05,  1.1796e-01, -1.4564e-05,  2.6075e-01,
         2.5692e-01,  1.9469e-01, -1.3991e-05,  1.2715e-01, -7.3967e-06,
         8.5592e-02,  1.0962e-01,  1.1638e-01,  1.8303e-01, -8.4687e-07,
         1.9340e-02,  1.4290e-01,  2.7431e-01,  3.0661e-02,  1.6601e-01,
        -8.8738e-06, -1.0420e-04, -5.7513e-06, -5.9274e-05, -2.0638e-09,
         2.0813e-01,  5.4066e-02, -8.8852e-03,  2.0183e-01], device='cuda:0')
domian_feature+Z: tensor([[ 1.4953e-01,  5.7870e-02, -8.8948e-02,  2.8936e-02,  1.3347e-01,
         -1.0636e-01, -5.9386e-02,  8.0300e-02,  1.2100e-01, -1.4443e-04],
        [ 1.4953e-01,  5.7870e-02, -8.8948e-02,  2.8936e-02,  1.3347e-01,
         -1.0636e-01, -5.9386e-02,  8.0300e-02,  1.2100e-01, -2.3684e-03]],
       device='cuda:0')
Epoch:35 Time:77.7 Data:0.0 Loss:0.0627 Cls Loss:0.0470 Cls Loss Theta:12.5470 Pair Loss:0.0157 KL Loss:60.5665 KLD Theta:60.5665 Recon Loss:0.0001 Acc:0.9930 Theta Acc:0.0018 
=> Test at epoch 35
Extracted features for query set, obtained torch.Size([2228, 702]) matrix
Extracted features for gallery set, obtained torch.Size([17661, 702]) matrix
Extracting features complete in 0m 11s
Distance computing in 0m 0s
Computing CMC and mAP through Classifier
Results ---------------------------------------------------
top1:0.6% top5:1.8% top10:3.0% top20:5.8% mAP:1.3%
-----------------------------------------------------------
Using 0m 2s
=> centroids.dtype: torch.float32
=> Only CVAE KL
=> Use Multivariate Gaussian As the Prior
image_tensor: tensor([-0.0289, -0.0258,  0.0414,  ..., -0.0018,  0.0190,  0.0068],
       device='cuda:0')
x_proj_norm.shape:torch.Size([64, 64]), tensor([-1.7066e-04,  6.8119e-03,  6.5167e-02, -7.4546e-05,  2.8243e-01,
        -2.5664e-03, -4.4455e-06, -3.4375e-04, -2.2488e-05,  5.8410e-02,
         3.2195e-01,  2.9414e-02, -7.0574e-05,  1.5219e-01, -1.6167e-03,
        -2.1590e-03, -5.0774e-08,  7.3984e-03,  7.9635e-02, -7.8558e-11,
         1.0832e-01, -1.6053e-06, -6.6744e-09, -2.8881e-06,  1.3477e-01,
         4.8998e-02, -8.2139e-06, -8.7494e-05,  2.3919e-01, -9.0681e-10,
         2.4351e-01,  1.3981e-01,  8.5952e-02,  2.6095e-01, -4.2555e-03,
         2.6638e-01, -9.4988e-05,  2.2619e-01, -1.4819e-05,  1.6392e-01,
         1.7257e-01,  1.5686e-01, -9.2972e-06,  1.1641e-01, -7.3804e-06,
         1.6779e-01,  1.5811e-01,  1.3975e-01,  2.0602e-01, -8.5199e-07,
         5.8606e-03,  9.9417e-02,  1.8041e-01,  2.6759e-02,  1.5253e-01,
        -2.0508e-05, -2.2326e-04, -8.8504e-06, -6.1723e-05,  3.2312e-10,
         2.1028e-01,  8.7524e-02,  9.0811e-03,  2.8982e-01], device='cuda:0')
domian_feature+Z: tensor([[ 9.5604e-02,  1.3219e-03, -6.7904e-02,  1.5358e-01,  8.5052e-02,
         -1.8308e-01, -1.1529e-01,  1.2105e-01,  6.0491e-02, -1.7066e-04],
        [ 9.5604e-02,  1.3219e-03, -6.7904e-02,  1.5358e-01,  8.5052e-02,
         -1.8308e-01, -1.1529e-01,  1.2105e-01,  6.0491e-02,  6.8119e-03]],
       device='cuda:0')
Epoch:36 Time:75.1 Data:0.0 Loss:0.0621 Cls Loss:0.0450 Cls Loss Theta:12.5928 Pair Loss:0.0171 KL Loss:60.5669 KLD Theta:60.5669 Recon Loss:0.0001 Acc:0.9937 Theta Acc:0.0022 
=> centroids.dtype: torch.float32
=> Only CVAE KL
=> Use Multivariate Gaussian As the Prior
image_tensor: tensor([-0.0047,  0.0165,  0.0419,  ..., -0.0084,  0.0268,  0.0028],
       device='cuda:0')
x_proj_norm.shape:torch.Size([64, 64]), tensor([-1.7286e-04, -1.0192e-03,  2.3587e-01, -1.0503e-04,  2.7288e-01,
        -8.0556e-03, -2.8756e-06,  4.7562e-03, -2.3416e-05,  8.2143e-02,
         5.3948e-02,  1.0986e-02, -5.9193e-05,  1.6491e-01,  1.5258e-01,
         3.1849e-03, -9.1971e-08,  4.3116e-02,  1.6177e-01, -1.3043e-11,
         7.0491e-02, -4.9340e-06,  5.9440e-08, -3.1785e-06,  2.6842e-01,
         1.2858e-03, -1.7512e-06, -2.1954e-04,  2.3173e-01, -1.3802e-09,
         2.6261e-01,  1.9604e-01,  1.6038e-01,  1.7594e-01, -3.2953e-03,
         1.2995e-01, -6.7190e-05,  2.4612e-01, -1.4932e-05,  2.0293e-01,
         7.3275e-02,  2.5815e-01, -7.6398e-06,  1.7975e-01, -4.7957e-06,
         1.4966e-01,  4.6430e-02,  1.6319e-01,  1.1371e-01, -2.1963e-07,
         4.4190e-02,  3.3415e-01,  4.2774e-02, -1.6147e-03,  2.8250e-02,
        -1.8164e-05, -2.0777e-04, -4.9534e-06, -3.3703e-05, -1.9881e-09,
         2.1376e-01,  5.3558e-02,  2.0029e-02,  1.8522e-01], device='cuda:0')
domian_feature+Z: tensor([[ 1.9352e-01,  1.2209e-01, -4.3817e-02,  7.1004e-02,  4.0364e-02,
         -1.2608e-01, -5.8688e-02,  1.4692e-01,  1.3217e-01, -1.7286e-04],
        [ 1.9352e-01,  1.2209e-01, -4.3817e-02,  7.1004e-02,  4.0364e-02,
         -1.2608e-01, -5.8688e-02,  1.4692e-01,  1.3217e-01, -1.0192e-03]],
       device='cuda:0')
Epoch:37 Time:77.9 Data:0.0 Loss:0.0652 Cls Loss:0.0489 Cls Loss Theta:12.5194 Pair Loss:0.0163 KL Loss:60.5668 KLD Theta:60.5668 Recon Loss:0.0001 Acc:0.9911 Theta Acc:0.0025 
=> centroids.dtype: torch.float32
=> Only CVAE KL
=> Use Multivariate Gaussian As the Prior
image_tensor: tensor([-0.0349, -0.0018,  0.0195,  ...,  0.0071,  0.0196,  0.0005],
       device='cuda:0')
x_proj_norm.shape:torch.Size([64, 64]), tensor([-6.8301e-05, -1.5293e-03,  2.3758e-01, -1.2595e-04,  1.5782e-01,
        -2.6700e-03, -2.3626e-06,  7.7211e-03, -3.2424e-05,  2.0028e-01,
         3.4718e-02,  1.0572e-01, -9.4335e-05,  7.0777e-02,  1.2100e-01,
         7.2336e-02, -1.0480e-07,  3.1869e-02,  1.6147e-01,  3.4705e-10,
         9.3201e-02, -1.1635e-06,  7.2601e-08, -2.3317e-06,  2.9725e-01,
         1.7258e-02, -4.2847e-06, -1.7055e-04,  9.6481e-02, -1.9669e-09,
         1.0377e-01,  1.5150e-01,  3.3151e-01,  1.5074e-01, -3.9824e-04,
         1.6287e-01, -1.0950e-04,  1.7180e-01, -1.3931e-05,  2.2163e-01,
         2.2317e-01,  2.8567e-01, -9.1188e-06,  3.1328e-01, -5.0165e-06,
         3.0927e-01,  9.7292e-02,  1.2813e-01,  1.5270e-01, -1.3287e-07,
         2.1363e-02,  1.6208e-01,  6.5479e-02,  4.8290e-02,  1.1696e-01,
        -1.1312e-05, -3.0296e-04, -9.0165e-06, -2.9321e-05, -3.2781e-09,
         1.1055e-01,  4.3842e-02, -2.0897e-03,  1.5427e-02], device='cuda:0')
domian_feature+Z: tensor([[ 1.3068e-01,  6.3976e-02, -9.2186e-02,  2.2749e-02,  1.5815e-01,
         -1.6616e-01, -6.6489e-02,  1.4360e-01,  1.9343e-01, -6.8301e-05],
        [ 1.3068e-01,  6.3976e-02, -9.2186e-02,  2.2749e-02,  1.5815e-01,
         -1.6616e-01, -6.6489e-02,  1.4360e-01,  1.9343e-01, -1.5293e-03]],
       device='cuda:0')
Epoch:38 Time:77.4 Data:0.0 Loss:0.0637 Cls Loss:0.0477 Cls Loss Theta:12.5241 Pair Loss:0.0161 KL Loss:60.5666 KLD Theta:60.5666 Recon Loss:0.0001 Acc:0.9922 Theta Acc:0.0017 
=> centroids.dtype: torch.float32
=> Only CVAE KL
=> Use Multivariate Gaussian As the Prior
image_tensor: tensor([-0.0270, -0.0166,  0.0382,  ...,  0.0105,  0.0128,  0.0029],
       device='cuda:0')
x_proj_norm.shape:torch.Size([64, 64]), tensor([-2.5903e-04,  1.7450e-02,  2.0689e-01, -1.0977e-04,  2.4894e-01,
         2.1645e-02, -4.9781e-06,  5.4369e-03, -2.2101e-05,  7.7403e-02,
         1.1628e-01,  3.0650e-02, -5.5175e-05,  2.5603e-01,  8.6242e-02,
        -8.2931e-04, -8.5100e-08,  1.7878e-02,  1.8575e-01, -1.5944e-10,
         5.7975e-02, -4.0346e-06,  2.1036e-08, -2.7802e-06,  1.9881e-01,
         7.3747e-02,  7.1460e-06, -1.6176e-04,  2.1104e-01, -1.5012e-09,
         3.1366e-01,  1.0172e-01,  1.7772e-01,  3.1961e-01, -6.7412e-03,
         1.5377e-01, -3.9431e-05,  2.0073e-01, -1.7089e-05, -7.5682e-04,
         1.6756e-01,  8.0970e-02, -8.7282e-06,  3.5646e-02, -5.6901e-06,
         2.6566e-01,  2.0481e-01,  1.7798e-01,  1.4523e-01, -3.7038e-07,
         7.9385e-03,  8.7240e-02,  2.4946e-01,  9.1311e-02,  1.2495e-01,
        -3.2880e-05,  3.1292e-04, -7.8633e-06, -2.6928e-05, -1.4501e-09,
         1.5239e-01,  6.6258e-02,  4.8358e-03,  2.0986e-01], device='cuda:0')
domian_feature+Z: tensor([[ 0.0936,  0.0162, -0.0850, -0.0722,  0.0719, -0.1794, -0.0844,  0.0504,
          0.0235, -0.0003],
        [ 0.0936,  0.0162, -0.0850, -0.0722,  0.0719, -0.1794, -0.0844,  0.0504,
          0.0235,  0.0175]], device='cuda:0')
Epoch:39 Time:77.9 Data:0.0 Loss:0.0650 Cls Loss:0.0494 Cls Loss Theta:12.5704 Pair Loss:0.0156 KL Loss:60.5667 KLD Theta:60.5667 Recon Loss:0.0001 Acc:0.9919 Theta Acc:0.0017 
=> centroids.dtype: torch.float32
=> Only CVAE KL
=> Use Multivariate Gaussian As the Prior
image_tensor: tensor([-0.0157,  0.0073,  0.0383,  ...,  0.0077,  0.0078,  0.0132],
       device='cuda:0')
x_proj_norm.shape:torch.Size([64, 64]), tensor([-3.3811e-04, -1.7279e-03,  1.5938e-01, -1.5863e-04,  2.4887e-01,
         1.1640e-02, -4.3939e-06,  8.4786e-03, -1.8570e-05,  1.0126e-01,
         4.6586e-02,  6.3325e-02, -8.1053e-05,  1.6057e-01,  1.4593e-01,
         7.4893e-02, -1.6455e-07,  9.3639e-03,  2.6256e-01, -2.2056e-10,
         4.5104e-02, -4.3560e-06, -1.0529e-08, -2.2827e-06,  1.9268e-01,
         1.4986e-02, -1.6745e-06, -2.4721e-04,  2.1183e-01, -1.1829e-09,
         2.3025e-01,  5.2974e-02,  2.4687e-01,  1.4379e-01, -5.9694e-03,
         2.0214e-01, -1.2350e-04,  2.2951e-01, -1.5587e-05,  1.1451e-01,
         1.7907e-01,  6.4445e-02, -1.0806e-05,  1.3910e-01, -3.2041e-06,
         2.3482e-01,  1.1418e-01,  1.7600e-01,  1.2151e-01, -3.1492e-07,
         2.3302e-02,  2.7477e-01,  2.9469e-01,  4.9949e-02,  2.5749e-01,
        -2.3778e-05, -3.1240e-04, -1.7008e-05, -4.4400e-05, -1.8665e-09,
         9.6737e-02,  1.0614e-01, -2.3774e-03,  1.5491e-01], device='cuda:0')
domian_feature+Z: tensor([[ 0.1152, -0.0061, -0.1312,  0.0066,  0.1524, -0.1159, -0.0923, -0.0446,
          0.0808, -0.0003],
        [ 0.1152, -0.0061, -0.1312,  0.0066,  0.1524, -0.1159, -0.0923, -0.0446,
          0.0808, -0.0017]], device='cuda:0')
Epoch:40 Time:79.9 Data:0.0 Loss:0.0613 Cls Loss:0.0460 Cls Loss Theta:12.5294 Pair Loss:0.0153 KL Loss:60.5668 KLD Theta:60.5668 Recon Loss:0.0001 Acc:0.9933 Theta Acc:0.0021 
=> Test at epoch 40
Extracted features for query set, obtained torch.Size([2228, 702]) matrix
Extracted features for gallery set, obtained torch.Size([17661, 702]) matrix
Extracting features complete in 0m 11s
Distance computing in 0m 0s
Computing CMC and mAP through Classifier
Results ---------------------------------------------------
top1:1.1% top5:2.5% top10:4.4% top20:7.8% mAP:1.7%
-----------------------------------------------------------
Using 0m 2s
=> centroids.dtype: torch.float32
=> Only CVAE KL
=> Use Multivariate Gaussian As the Prior
image_tensor: tensor([-0.0180, -0.0061,  0.0290,  ..., -0.0039,  0.0179, -0.0028],
       device='cuda:0')
x_proj_norm.shape:torch.Size([64, 64]), tensor([-1.7190e-04, -5.4424e-04,  2.9883e-01, -1.2023e-04,  1.9428e-01,
        -8.9418e-04, -4.5754e-06,  8.0928e-04, -2.6170e-05,  8.6028e-02,
         1.7399e-01, -1.8625e-03, -6.9266e-05,  3.3328e-02,  1.4665e-01,
         8.8768e-04,  9.2197e-08,  2.7209e-02,  2.4404e-01,  2.9075e-10,
         8.5267e-02, -9.7546e-07,  4.7876e-08, -5.9301e-06,  2.3355e-01,
         2.8127e-02, -1.0283e-05, -1.9550e-04,  2.7702e-01, -1.6933e-09,
         2.0635e-01,  1.3631e-01,  2.7005e-02,  1.1587e-01, -1.3570e-03,
         2.5407e-01, -1.3737e-04,  1.8667e-01, -1.5916e-05,  2.2578e-01,
         1.5609e-01,  1.5010e-01, -6.6306e-06,  1.0097e-01, -9.5173e-06,
         1.6373e-01,  2.2763e-01,  2.1574e-01,  2.5857e-01, -6.0975e-07,
        -2.1652e-06,  1.9970e-01,  4.2212e-02, -1.1836e-03,  1.6058e-01,
        -7.6621e-06, -2.2896e-04, -2.3592e-06, -3.8113e-05, -1.6737e-09,
         2.3427e-01, -1.7277e-03, -1.0387e-03,  1.2546e-01], device='cuda:0')
domian_feature+Z: tensor([[ 0.1597,  0.0314, -0.1444,  0.0751,  0.0943, -0.1092, -0.0368,  0.0297,
          0.0416, -0.0002],
        [ 0.1597,  0.0314, -0.1444,  0.0751,  0.0943, -0.1092, -0.0368,  0.0297,
          0.0416, -0.0005]], device='cuda:0')
Epoch:41 Time:74.6 Data:0.0 Loss:0.0570 Cls Loss:0.0431 Cls Loss Theta:12.5479 Pair Loss:0.0139 KL Loss:60.5668 KLD Theta:60.5668 Recon Loss:0.0001 Acc:0.9933 Theta Acc:0.0021 
=> centroids.dtype: torch.float32
=> Only CVAE KL
=> Use Multivariate Gaussian As the Prior
image_tensor: tensor([-0.0106, -0.0195,  0.0544,  ...,  0.0013,  0.0107, -0.0033],
       device='cuda:0')
x_proj_norm.shape:torch.Size([64, 64]), tensor([-1.8196e-04,  4.5811e-03,  1.7128e-01, -7.4527e-05,  3.0096e-01,
        -9.0313e-03, -2.9381e-06,  1.0951e-02, -3.0295e-05,  9.5507e-02,
         9.4576e-02,  3.6185e-02, -5.8024e-05,  1.0025e-01,  8.8284e-02,
        -4.4499e-03, -2.8284e-08,  4.6768e-02,  2.5361e-01, -4.9372e-11,
         1.1034e-01, -4.4580e-06,  1.0727e-07, -3.8856e-06,  2.3700e-01,
         1.4551e-02, -7.1770e-06, -2.2208e-04,  2.6736e-01, -1.3794e-09,
         2.4037e-01,  2.3087e-01,  1.8287e-01,  1.4356e-01, -2.6527e-03,
         9.4258e-02,  1.0070e-04,  2.1033e-01, -1.1182e-05,  1.5826e-01,
         1.0388e-01,  2.3658e-01, -2.2009e-06,  2.0120e-01, -5.3375e-06,
         1.7183e-01,  1.1943e-01,  1.1621e-01,  2.7445e-01, -3.9920e-07,
         3.8966e-02,  2.2846e-01,  5.8802e-02,  2.3315e-02,  4.0887e-02,
        -3.0697e-05, -1.4554e-04, -2.8102e-07, -2.6857e-05, -2.3032e-09,
         1.7440e-01,  3.8553e-02,  1.5187e-02,  2.4751e-01], device='cuda:0')
domian_feature+Z: tensor([[ 1.5545e-01,  2.3033e-02, -1.0513e-01,  4.9936e-02,  5.4022e-02,
         -1.8707e-01, -6.9668e-02,  8.1670e-02,  1.5964e-01, -1.8196e-04],
        [ 1.5545e-01,  2.3033e-02, -1.0513e-01,  4.9936e-02,  5.4022e-02,
         -1.8707e-01, -6.9668e-02,  8.1670e-02,  1.5964e-01,  4.5811e-03]],
       device='cuda:0')
Epoch:42 Time:77.4 Data:0.0 Loss:0.0577 Cls Loss:0.0431 Cls Loss Theta:12.5658 Pair Loss:0.0146 KL Loss:60.5669 KLD Theta:60.5669 Recon Loss:0.0001 Acc:0.9940 Theta Acc:0.0019 
=> centroids.dtype: torch.float32
=> Only CVAE KL
=> Use Multivariate Gaussian As the Prior
image_tensor: tensor([-0.0052, -0.0028,  0.0501,  ...,  0.0023,  0.0083, -0.0059],
       device='cuda:0')
x_proj_norm.shape:torch.Size([64, 64]), tensor([-3.5555e-04,  4.5519e-02,  3.4540e-01, -4.1832e-05,  2.6541e-01,
        -2.5441e-03, -4.0576e-06,  2.0481e-02, -2.8463e-05,  1.9236e-02,
         1.0651e-01,  1.0166e-01, -5.6167e-05,  6.2375e-02,  1.9244e-01,
         6.2832e-02, -8.0982e-08,  7.6483e-02,  9.0763e-02,  1.4983e-10,
         1.8797e-01, -2.9335e-07,  1.0310e-07, -3.8601e-06,  2.4643e-01,
         9.0953e-02,  3.0013e-05, -3.0122e-04, -2.6537e-03, -2.0385e-09,
         1.4035e-01,  3.3419e-02,  1.9341e-01,  2.8244e-01,  2.8489e-02,
         1.4799e-01, -1.9317e-04,  3.0590e-01, -2.5997e-05,  2.0284e-01,
         1.4200e-01,  2.9207e-01, -2.3990e-05,  4.8711e-03, -9.4777e-06,
         1.7498e-01,  1.1426e-01,  2.0283e-01,  2.6822e-01, -3.0175e-07,
        -3.3034e-03,  8.0046e-02,  7.3203e-02,  5.9611e-02,  1.1722e-01,
         8.2985e-05, -2.0772e-04, -1.5682e-06, -5.8456e-05, -1.9677e-09,
         1.1253e-01,  1.4162e-01,  5.2490e-02, -3.4521e-03], device='cuda:0')
domian_feature+Z: tensor([[ 0.1275,  0.0545, -0.1182, -0.0423,  0.1293, -0.1803, -0.0866,  0.0736,
          0.1133, -0.0004],
        [ 0.1275,  0.0545, -0.1182, -0.0423,  0.1293, -0.1803, -0.0866,  0.0736,
          0.1133,  0.0455]], device='cuda:0')
Epoch:43 Time:77.3 Data:0.0 Loss:0.0592 Cls Loss:0.0442 Cls Loss Theta:12.5241 Pair Loss:0.0150 KL Loss:60.5665 KLD Theta:60.5665 Recon Loss:0.0001 Acc:0.9935 Theta Acc:0.0018 
=> centroids.dtype: torch.float32
=> Only CVAE KL
=> Use Multivariate Gaussian As the Prior
image_tensor: tensor([-0.0421, -0.0443, -0.0105,  ...,  0.0004,  0.0040,  0.0065],
       device='cuda:0')
x_proj_norm.shape:torch.Size([64, 64]), tensor([-2.9109e-04, -5.0160e-03,  1.1263e-01, -1.2216e-04,  1.0760e-01,
        -5.7556e-03, -4.3564e-06, -2.7682e-04, -1.8589e-05,  1.3418e-01,
         1.2859e-01,  4.6357e-02, -9.5655e-05,  1.5158e-01,  4.8857e-02,
         2.8060e-02, -5.1118e-08, -3.8628e-03,  3.2758e-01, -2.3862e-10,
         3.6542e-02,  3.2133e-07, -1.1448e-08,  1.0354e-06,  1.1124e-01,
         3.8915e-02, -9.2976e-06, -1.6352e-04,  3.0615e-01, -1.4066e-09,
         2.3747e-01,  2.1068e-01,  1.7374e-01,  4.1084e-02, -7.4020e-03,
         2.4713e-01, -1.9117e-04,  1.5249e-01, -1.0307e-05,  8.0877e-02,
         2.8704e-01,  2.3755e-01, -1.0561e-05,  2.3666e-01, -3.7449e-06,
         1.2766e-01,  1.0986e-01,  5.7728e-02,  1.7875e-01, -2.4938e-07,
         4.2971e-02,  2.8912e-01,  2.0863e-01,  4.0843e-02,  1.3985e-01,
        -5.1132e-05, -5.6705e-04, -7.8079e-06, -1.8089e-06, -2.9828e-09,
         1.3506e-01,  7.8102e-02, -1.8378e-03,  1.9964e-01], device='cuda:0')
domian_feature+Z: tensor([[ 0.1718,  0.0994, -0.0561,  0.0766,  0.0372, -0.0622,  0.0148,  0.2081,
          0.0763, -0.0003],
        [ 0.1718,  0.0994, -0.0561,  0.0766,  0.0372, -0.0622,  0.0148,  0.2081,
          0.0763, -0.0050]], device='cuda:0')
Epoch:44 Time:78.2 Data:0.0 Loss:0.0606 Cls Loss:0.0451 Cls Loss Theta:12.5696 Pair Loss:0.0155 KL Loss:60.5668 KLD Theta:60.5668 Recon Loss:0.0001 Acc:0.9925 Theta Acc:0.0021 
=> centroids.dtype: torch.float32
=> Only CVAE KL
=> Use Multivariate Gaussian As the Prior
image_tensor: tensor([-0.0050, -0.0323,  0.0471,  ...,  0.0079,  0.0111,  0.0047],
       device='cuda:0')
x_proj_norm.shape:torch.Size([64, 64]), tensor([-1.3369e-04, -2.3474e-03,  1.2893e-01, -1.1273e-04,  2.5591e-01,
         1.7930e-02, -4.2122e-06,  1.3678e-03, -2.0098e-05,  6.4046e-02,
         2.5804e-01,  1.8198e-02, -8.8459e-05,  2.3069e-01,  1.8148e-01,
         2.6643e-02, -1.2085e-07,  7.2880e-03,  6.3222e-02, -5.7778e-11,
         2.3165e-02, -3.7134e-06, -1.2715e-08, -2.1403e-06,  1.8745e-01,
         2.9198e-02, -3.5530e-06, -4.4758e-05,  1.3150e-01, -1.1322e-09,
         2.3883e-01,  8.2871e-02,  1.2556e-01,  2.3497e-01, -4.6790e-03,
         1.9011e-01, -2.0762e-04,  2.3047e-01, -1.8128e-05,  2.4076e-01,
         2.1753e-01,  1.1617e-01, -1.4520e-05,  1.1575e-01, -5.9059e-06,
         6.7730e-02,  2.5057e-01,  2.5638e-01,  8.7624e-02, -4.4278e-07,
         9.9377e-03,  2.2921e-01,  2.4061e-01,  3.0276e-02,  1.5025e-01,
        -1.3768e-05, -6.6076e-05, -1.3822e-05, -4.5737e-05, -1.2074e-09,
         2.0711e-01,  1.0280e-01,  4.7516e-03,  1.3057e-01], device='cuda:0')
domian_feature+Z: tensor([[ 1.1019e-01,  1.8655e-02, -7.7405e-02,  2.9892e-02,  7.5048e-02,
         -1.4808e-01, -1.4068e-01,  3.9264e-02,  4.4834e-02, -1.3369e-04],
        [ 1.1019e-01,  1.8655e-02, -7.7405e-02,  2.9892e-02,  7.5048e-02,
         -1.4808e-01, -1.4068e-01,  3.9264e-02,  4.4834e-02, -2.3474e-03]],
       device='cuda:0')
Epoch:45 Time:78.7 Data:0.0 Loss:0.0574 Cls Loss:0.0429 Cls Loss Theta:12.5760 Pair Loss:0.0145 KL Loss:60.5664 KLD Theta:60.5664 Recon Loss:0.0001 Acc:0.9935 Theta Acc:0.0018 
=> Test at epoch 45
Extracted features for query set, obtained torch.Size([2228, 702]) matrix
Extracted features for gallery set, obtained torch.Size([17661, 702]) matrix
Extracting features complete in 0m 11s
Distance computing in 0m 0s
Computing CMC and mAP through Classifier
Results ---------------------------------------------------
top1:0.8% top5:1.7% top10:2.8% top20:4.8% mAP:1.2%
-----------------------------------------------------------
Using 0m 3s
=> centroids.dtype: torch.float32
=> Only CVAE KL
=> Use Multivariate Gaussian As the Prior
image_tensor: tensor([ 0.0028, -0.0279,  0.0113,  ..., -0.0044,  0.0030,  0.0053],
       device='cuda:0')
x_proj_norm.shape:torch.Size([64, 64]), tensor([-1.9791e-04, -3.9268e-03,  8.9708e-02, -7.3977e-05,  2.2569e-01,
        -7.9282e-03, -3.4490e-06,  4.9678e-03, -2.5979e-05,  8.0191e-02,
         1.2923e-01,  3.9932e-02, -7.3457e-05,  5.4281e-02,  7.8076e-02,
        -2.6591e-03, -2.9094e-08,  2.0782e-02,  2.9661e-01, -1.2586e-10,
         7.1235e-02, -3.7300e-06,  5.1067e-08, -2.4452e-06,  1.7114e-01,
         1.8432e-02, -8.9708e-06, -1.7358e-04,  3.3618e-01, -1.2484e-09,
         2.6620e-01,  2.1119e-01,  1.5925e-01,  7.2455e-02, -4.7364e-03,
         1.2525e-01, -6.6567e-05,  2.4102e-01, -1.0683e-05,  1.5840e-01,
         1.9650e-01,  2.4046e-01, -3.3418e-06,  2.7907e-01, -4.0298e-06,
         1.2141e-01,  6.7881e-02,  9.3091e-02,  2.0317e-01, -4.5099e-07,
         4.0899e-02,  2.2797e-01,  1.8457e-01,  3.2196e-02,  1.3408e-01,
        -4.7469e-05, -2.5102e-04, -1.2467e-06, -4.5453e-06, -2.6979e-09,
         9.0672e-02,  8.8371e-02,  7.6189e-04,  2.4404e-01], device='cuda:0')
domian_feature+Z: tensor([[ 0.0684,  0.0426, -0.1420,  0.1074,  0.1235, -0.1888, -0.0266,  0.0139,
          0.1745, -0.0002],
        [ 0.0684,  0.0426, -0.1420,  0.1074,  0.1235, -0.1888, -0.0266,  0.0139,
          0.1745, -0.0039]], device='cuda:0')
Epoch:46 Time:75.3 Data:0.0 Loss:0.0582 Cls Loss:0.0426 Cls Loss Theta:12.5296 Pair Loss:0.0157 KL Loss:60.5663 KLD Theta:60.5663 Recon Loss:0.0001 Acc:0.9944 Theta Acc:0.0016 
=> centroids.dtype: torch.float32
=> Only CVAE KL
=> Use Multivariate Gaussian As the Prior
image_tensor: tensor([-0.0205,  0.0010,  0.0603,  ..., -0.0023,  0.0051,  0.0094],
       device='cuda:0')
x_proj_norm.shape:torch.Size([64, 64]), tensor([ 2.8262e-04, -1.6408e-03,  1.8362e-01, -1.1655e-04,  2.0595e-01,
         1.0383e-02, -3.1556e-06, -2.7425e-03, -2.1010e-05,  9.7054e-02,
         2.1044e-01,  3.9869e-02, -7.9123e-05,  1.1618e-01,  1.5802e-01,
         4.4740e-02, -2.2205e-07,  3.1265e-02,  2.1159e-01, -1.3108e-10,
         1.0655e-03, -6.3606e-06, -2.9968e-09, -6.6035e-07,  5.6507e-02,
        -3.0834e-03, -3.9184e-06,  7.4808e-04,  2.9848e-01, -8.8256e-10,
         5.5794e-02, -4.5541e-03,  2.0593e-01,  4.6233e-02, -7.8784e-04,
         1.1376e-01,  2.4979e-04,  2.6505e-01, -2.2258e-05,  2.2792e-01,
         2.7347e-01,  1.1477e-01, -5.9942e-06,  1.3187e-01, -2.2777e-06,
         2.5829e-01,  1.3179e-01,  3.9782e-01,  1.4497e-01, -3.3786e-07,
        -8.9029e-03,  1.4735e-01,  1.5840e-01, -7.9888e-03,  1.5701e-01,
         1.7843e-05, -8.7194e-05, -1.6758e-05, -4.8387e-05, -4.1519e-09,
         1.6455e-01,  7.1421e-02, -1.0204e-03,  1.8574e-01], device='cuda:0')
domian_feature+Z: tensor([[ 0.1098,  0.1505, -0.1044,  0.0316,  0.0350, -0.2010, -0.0037,  0.0772,
          0.1191,  0.0003],
        [ 0.1098,  0.1505, -0.1044,  0.0316,  0.0350, -0.2010, -0.0037,  0.0772,
          0.1191, -0.0016]], device='cuda:0')
Epoch:47 Time:79.1 Data:0.0 Loss:0.0634 Cls Loss:0.0490 Cls Loss Theta:12.5661 Pair Loss:0.0144 KL Loss:60.5663 KLD Theta:60.5663 Recon Loss:0.0001 Acc:0.9919 Theta Acc:0.0019 
=> centroids.dtype: torch.float32
=> Only CVAE KL
=> Use Multivariate Gaussian As the Prior
image_tensor: tensor([-0.0068,  0.0213,  0.0435,  ..., -0.0002,  0.0235,  0.0036],
       device='cuda:0')
x_proj_norm.shape:torch.Size([64, 64]), tensor([-1.9951e-04, -3.1841e-04,  6.3116e-02, -1.0884e-04,  3.4426e-01,
         5.4614e-03, -4.0120e-06,  6.3973e-03, -1.9178e-05,  8.2479e-02,
         2.0317e-01,  5.4311e-02, -9.3499e-05,  9.6238e-02,  9.2875e-02,
         2.5286e-02, -1.5070e-07,  2.1444e-02,  1.0802e-01, -5.1950e-11,
         6.8647e-02, -4.3467e-06, -2.9876e-09, -2.4845e-06,  1.9551e-01,
         4.2456e-02, -3.7176e-06, -1.0380e-04,  9.8563e-02, -1.2017e-09,
         2.2028e-01,  7.6022e-02,  1.2868e-01,  2.7576e-01, -1.5291e-03,
         2.7140e-01, -2.1550e-04,  3.4658e-01, -1.7908e-05,  2.0391e-01,
         8.0613e-02,  1.4568e-01, -1.5154e-05,  1.8690e-01, -6.1280e-06,
         1.7488e-01,  1.3506e-01,  2.9183e-01,  6.9897e-02, -2.5512e-07,
         1.2630e-02,  2.2850e-01,  1.5652e-01, -2.7853e-04,  8.8922e-02,
        -2.4115e-05, -3.5260e-04, -1.6866e-05, -3.3722e-05, -1.9214e-09,
         2.4131e-01,  9.3438e-02,  5.5446e-04,  7.5097e-02], device='cuda:0')
domian_feature+Z: tensor([[ 1.7201e-01,  9.6801e-02, -2.1625e-01,  5.1148e-02,  3.8191e-02,
         -1.2643e-01, -6.0429e-02,  8.7116e-02,  2.1493e-01, -1.9951e-04],
        [ 1.7201e-01,  9.6801e-02, -2.1625e-01,  5.1148e-02,  3.8191e-02,
         -1.2643e-01, -6.0429e-02,  8.7116e-02,  2.1493e-01, -3.1841e-04]],
       device='cuda:0')
Epoch:48 Time:78.2 Data:0.0 Loss:0.0584 Cls Loss:0.0446 Cls Loss Theta:12.5530 Pair Loss:0.0139 KL Loss:60.5663 KLD Theta:60.5663 Recon Loss:0.0001 Acc:0.9938 Theta Acc:0.0016 
=> centroids.dtype: torch.float32
=> Only CVAE KL
=> Use Multivariate Gaussian As the Prior
image_tensor: tensor([-0.0102,  0.0105,  0.0142,  ...,  0.0056,  0.0029,  0.0196],
       device='cuda:0')
x_proj_norm.shape:torch.Size([64, 64]), tensor([-2.6759e-04, -2.2176e-03,  1.8342e-02, -1.7672e-04,  1.8588e-01,
        -3.7112e-03, -2.5898e-06,  3.0701e-03, -1.7076e-05,  1.5292e-01,
         1.2180e-01,  8.6296e-02, -9.2571e-05,  1.5604e-01,  7.1976e-02,
         1.2244e-01, -2.0817e-07,  9.9819e-03,  2.4666e-01, -2.4908e-10,
         8.5732e-02, -2.7592e-07, -1.7945e-08, -5.4972e-07,  1.9170e-01,
        -3.7174e-03, -1.3078e-05, -2.0005e-04,  1.7305e-01, -2.4657e-10,
         6.2982e-02,  9.1643e-02,  2.7682e-01,  1.2576e-02, -5.7626e-03,
         2.2213e-01, -7.4553e-05,  8.5994e-02, -9.9221e-06,  1.5873e-01,
         2.0095e-01,  1.0038e-01, -1.3736e-05,  1.0957e-01, -2.4673e-06,
         1.6202e-01,  1.8884e-01,  1.2379e-01,  2.0791e-01, -5.4961e-07,
         1.9414e-02,  3.5547e-01,  2.9270e-01, -9.6496e-03,  2.7022e-01,
        -3.6146e-06, -4.6226e-04, -2.6805e-05, -9.9076e-05, -1.7398e-09,
         1.8078e-01,  4.2540e-02, -3.9843e-03,  2.5633e-01], device='cuda:0')
domian_feature+Z: tensor([[ 0.0828,  0.0665, -0.1451, -0.0251,  0.0975, -0.1107,  0.0216,  0.0788,
          0.1282, -0.0003],
        [ 0.0828,  0.0665, -0.1451, -0.0251,  0.0975, -0.1107,  0.0216,  0.0788,
          0.1282, -0.0022]], device='cuda:0')
Epoch:49 Time:79.5 Data:0.0 Loss:0.0565 Cls Loss:0.0426 Cls Loss Theta:12.5353 Pair Loss:0.0139 KL Loss:60.5668 KLD Theta:60.5668 Recon Loss:0.0001 Acc:0.9935 Theta Acc:0.0019 
=> centroids.dtype: torch.float32
=> Only CVAE KL
=> Use Multivariate Gaussian As the Prior
image_tensor: tensor([-0.0435, -0.0016,  0.0028,  ...,  0.0005,  0.0066, -0.0055],
       device='cuda:0')
x_proj_norm.shape:torch.Size([64, 64]), tensor([-8.0305e-05,  5.3663e-03,  1.9913e-01, -5.6860e-05,  3.3760e-02,
        -2.6594e-03, -4.6354e-06, -1.2187e-03, -3.1662e-05,  8.5907e-02,
         2.8093e-01,  6.4675e-02, -9.7615e-05,  6.2569e-02,  1.2563e-01,
         3.6978e-02,  1.0446e-07,  2.1538e-02,  2.3331e-01,  1.4298e-10,
         1.3222e-01,  1.3587e-05,  8.6311e-08, -2.5172e-06,  1.6348e-01,
         8.3773e-02, -1.2151e-05, -9.2708e-05,  1.2741e-01, -1.8936e-09,
         1.2312e-01,  9.8480e-02,  5.6785e-02,  1.9119e-01,  4.0345e-03,
         2.3668e-01, -1.3999e-04,  2.0064e-01, -1.9813e-05,  1.8872e-01,
         2.9325e-01,  3.5279e-01, -1.3406e-05,  1.9232e-01, -1.0826e-05,
         1.6363e-01,  2.7514e-01,  1.6045e-01,  2.6529e-01, -5.1592e-07,
        -4.9389e-03, -6.9808e-04,  9.1668e-02,  5.3004e-02,  1.9414e-01,
        -2.6573e-05, -3.1420e-04, -4.9036e-07, -4.6165e-06, -3.2312e-09,
         9.8313e-02,  2.6929e-02,  8.6956e-04,  1.5241e-01], device='cuda:0')
domian_feature+Z: tensor([[ 1.6989e-01,  6.1827e-02, -5.6582e-02, -2.1824e-03,  7.9938e-02,
         -1.2585e-01, -1.5052e-01,  7.7742e-02,  2.9368e-02, -8.0305e-05],
        [ 1.6989e-01,  6.1827e-02, -5.6582e-02, -2.1824e-03,  7.9938e-02,
         -1.2585e-01, -1.5052e-01,  7.7742e-02,  2.9368e-02,  5.3663e-03]],
       device='cuda:0')
Epoch:50 Time:79.5 Data:0.0 Loss:0.0571 Cls Loss:0.0425 Cls Loss Theta:12.5440 Pair Loss:0.0146 KL Loss:60.5665 KLD Theta:60.5665 Recon Loss:0.0001 Acc:0.9935 Theta Acc:0.0020 
=> Test at epoch 50
Extracted features for query set, obtained torch.Size([2228, 702]) matrix
Extracted features for gallery set, obtained torch.Size([17661, 702]) matrix
Extracting features complete in 0m 11s
Distance computing in 0m 0s
Computing CMC and mAP through Classifier
Results ---------------------------------------------------
top1:1.0% top5:2.2% top10:4.2% top20:7.4% mAP:1.6%
-----------------------------------------------------------
Using 0m 2s
=> centroids.dtype: torch.float32
=> Only CVAE KL
=> Use Multivariate Gaussian As the Prior
image_tensor: tensor([-0.0191,  0.0065,  0.0266,  ...,  0.0059,  0.0184,  0.0006],
       device='cuda:0')
x_proj_norm.shape:torch.Size([64, 64]), tensor([-3.6205e-04,  1.5782e-02,  1.7850e-01, -4.2150e-05,  2.3849e-01,
        -1.4751e-03, -4.3308e-06,  2.5281e-02, -2.0515e-05, -5.8178e-03,
         2.1995e-01,  1.0937e-02, -2.8294e-05,  2.0184e-01, -8.3857e-03,
        -2.4836e-03,  5.1599e-07, -4.0236e-04,  2.4093e-01, -9.5670e-11,
         1.2790e-01,  5.2942e-06, -3.8090e-09, -3.9144e-06,  2.4538e-01,
         7.0684e-02, -7.4355e-06, -2.5173e-04,  2.5503e-01, -1.5387e-09,
         1.2743e-01,  1.9605e-01,  2.0718e-02,  3.1220e-01, -6.3726e-03,
         1.9053e-01, -1.0897e-04,  1.6020e-01, -7.9992e-06,  2.0399e-01,
         1.4192e-01,  7.1204e-04, -1.8524e-06,  7.7504e-02, -6.8135e-06,
         9.3432e-02,  3.1914e-01,  1.4388e-02,  2.3353e-01, -7.8826e-07,
         3.7830e-02,  1.2994e-01,  1.8780e-01,  4.1180e-02,  1.0315e-01,
        -3.9756e-05, -1.2122e-04,  3.8085e-05, -3.4050e-05,  7.3724e-09,
         7.8554e-02,  5.6221e-02,  2.0124e-02,  3.0482e-01], device='cuda:0')
domian_feature+Z: tensor([[ 0.1145, -0.0107, -0.0252,  0.0232,  0.0520, -0.1448, -0.0471,  0.0735,
          0.0345, -0.0004],
        [ 0.1145, -0.0107, -0.0252,  0.0232,  0.0520, -0.1448, -0.0471,  0.0735,
          0.0345,  0.0158]], device='cuda:0')
Epoch:51 Time:75.4 Data:0.0 Loss:0.0562 Cls Loss:0.0425 Cls Loss Theta:12.5107 Pair Loss:0.0136 KL Loss:60.5662 KLD Theta:60.5662 Recon Loss:0.0001 Acc:0.9938 Theta Acc:0.0019 
=> centroids.dtype: torch.float32
=> Only CVAE KL
=> Use Multivariate Gaussian As the Prior
image_tensor: tensor([-0.0194,  0.0009,  0.0203,  ...,  0.0093,  0.0008,  0.0111],
       device='cuda:0')
x_proj_norm.shape:torch.Size([64, 64]), tensor([-4.7318e-05, -1.6254e-03,  8.5612e-02, -1.0186e-04,  3.1135e-01,
         7.7660e-03, -3.9518e-06, -3.6130e-05, -2.9600e-05,  1.0804e-01,
         1.3734e-01,  1.8828e-02, -9.8665e-05,  2.2805e-01,  1.1048e-01,
         3.5678e-02, -7.7450e-08,  2.7031e-02,  2.6253e-01, -1.0250e-10,
         4.4875e-02, -5.5459e-06, -1.0851e-08, -3.8271e-06,  1.2392e-01,
        -1.9188e-03, -9.7950e-06, -1.8195e-05,  2.1538e-01, -1.1578e-09,
         9.0228e-02,  9.9300e-02,  1.5757e-01,  1.3977e-01, -3.4871e-03,
         1.1869e-01, -5.9326e-05,  1.9150e-01, -1.6023e-05,  2.7888e-01,
         3.2565e-01,  3.4684e-02, -1.6583e-06,  1.4978e-01, -5.0133e-06,
         8.2638e-02,  2.6217e-01,  2.4910e-01,  2.4557e-01, -5.7352e-07,
        -1.2213e-03,  1.9090e-01,  1.0018e-01,  8.4972e-03,  1.4393e-01,
        -1.0343e-05, -8.5661e-05, -7.8439e-06, -4.2483e-05, -1.9436e-09,
         1.9489e-01,  2.9333e-02, -5.0792e-03,  2.0271e-01], device='cuda:0')
domian_feature+Z: tensor([[ 5.5692e-02, -7.3240e-03, -2.1630e-02,  1.0970e-01,  8.3262e-02,
         -2.2201e-01, -3.8947e-02,  8.0071e-02,  1.3602e-01, -4.7318e-05],
        [ 5.5692e-02, -7.3240e-03, -2.1630e-02,  1.0970e-01,  8.3262e-02,
         -2.2201e-01, -3.8947e-02,  8.0071e-02,  1.3602e-01, -1.6254e-03]],
       device='cuda:0')
Epoch:52 Time:76.6 Data:0.0 Loss:0.0557 Cls Loss:0.0425 Cls Loss Theta:12.5167 Pair Loss:0.0132 KL Loss:60.5665 KLD Theta:60.5665 Recon Loss:0.0001 Acc:0.9936 Theta Acc:0.0021 
=> centroids.dtype: torch.float32
=> Only CVAE KL
=> Use Multivariate Gaussian As the Prior
image_tensor: tensor([-0.0451, -0.0201,  0.0322,  ...,  0.0043, -0.0041,  0.0075],
       device='cuda:0')
x_proj_norm.shape:torch.Size([64, 64]), tensor([ 2.6581e-04, -4.4854e-03,  1.1767e-01, -1.1554e-04,  1.3952e-01,
        -3.0870e-03, -4.0416e-06, -4.5271e-03, -2.6959e-05,  7.9639e-02,
         9.0238e-02,  7.0892e-02, -1.1327e-04,  1.2170e-01,  1.9075e-01,
         6.3307e-02, -1.3271e-07,  7.3904e-03,  2.3618e-01, -5.3659e-11,
         6.0755e-02, -4.7732e-06, -1.1534e-09, -2.6001e-06,  7.2783e-02,
        -1.1992e-03, -1.6008e-05,  6.8820e-05,  2.5435e-01, -1.0993e-09,
         6.0828e-02,  2.0469e-02,  9.7970e-02,  5.7954e-02, -1.0529e-03,
         2.0589e-01, -6.2495e-06,  7.0031e-02, -1.7389e-05,  2.6816e-01,
         2.4877e-01,  3.3142e-01, -8.2617e-06,  2.4371e-01, -6.2354e-06,
         2.2026e-01,  1.6811e-01,  2.8446e-01,  2.3640e-01, -3.9619e-07,
        -4.9176e-03,  1.8815e-01,  1.6285e-01,  1.4132e-02,  2.6877e-01,
        -1.5308e-05, -5.7236e-04, -1.4768e-05, -1.4809e-05, -4.2474e-09,
         2.8974e-02,  7.8118e-02, -1.1400e-03,  1.9990e-01], device='cuda:0')
domian_feature+Z: tensor([[ 0.1091,  0.1145,  0.0085,  0.0064, -0.0124, -0.1892, -0.1861,  0.1830,
          0.0811,  0.0003],
        [ 0.1091,  0.1145,  0.0085,  0.0064, -0.0124, -0.1892, -0.1861,  0.1830,
          0.0811, -0.0045]], device='cuda:0')
Epoch:53 Time:75.3 Data:0.0 Loss:0.0584 Cls Loss:0.0447 Cls Loss Theta:12.5202 Pair Loss:0.0137 KL Loss:60.5667 KLD Theta:60.5667 Recon Loss:0.0001 Acc:0.9933 Theta Acc:0.0021 
=> centroids.dtype: torch.float32
=> Only CVAE KL
=> Use Multivariate Gaussian As the Prior
image_tensor: tensor([-0.0300, -0.0117,  0.0306,  ...,  0.0177,  0.0097,  0.0024],
       device='cuda:0')
x_proj_norm.shape:torch.Size([64, 64]), tensor([-2.4839e-04,  1.1956e-02,  1.4509e-01, -1.3811e-04,  1.6612e-01,
        -1.3800e-03, -3.6450e-06,  1.2071e-02, -2.4231e-05,  1.3462e-01,
         1.1835e-01,  4.7603e-02, -4.7742e-05,  1.6380e-01,  1.3682e-01,
         3.5508e-02, -1.3437e-07,  4.4262e-02,  1.8921e-01, -1.7368e-10,
         9.3476e-02, -2.9597e-06,  7.8870e-08, -2.3099e-06,  2.7999e-01,
         2.9484e-02, -2.8123e-06, -2.2843e-04,  2.5057e-01, -9.1504e-10,
         2.7660e-01,  1.1817e-01,  2.8828e-01,  2.1578e-01, -5.2838e-03,
         1.2736e-01,  6.8327e-05,  2.0630e-01, -1.5147e-05, -3.1081e-04,
         4.7153e-02,  1.2708e-01, -1.1193e-05,  6.6911e-02, -4.3967e-06,
         2.4873e-01,  1.4462e-01,  1.2994e-01,  2.2412e-01, -4.5911e-07,
         2.1397e-02,  1.2715e-01,  2.9275e-01,  4.2770e-02,  2.0237e-01,
        -2.1999e-05,  7.4990e-04, -1.5016e-05, -6.9416e-05, -1.8818e-09,
         1.6829e-01,  1.6539e-02,  3.8074e-03,  2.3617e-01], device='cuda:0')
domian_feature+Z: tensor([[ 0.0936,  0.0162, -0.0850, -0.0722,  0.0719, -0.1794, -0.0844,  0.0504,
          0.0235, -0.0002],
        [ 0.0936,  0.0162, -0.0850, -0.0722,  0.0719, -0.1794, -0.0844,  0.0504,
          0.0235,  0.0120]], device='cuda:0')
Epoch:54 Time:94.5 Data:0.0 Loss:0.0551 Cls Loss:0.0421 Cls Loss Theta:12.4842 Pair Loss:0.0130 KL Loss:60.5666 KLD Theta:60.5666 Recon Loss:0.0001 Acc:0.9936 Theta Acc:0.0022 
=> centroids.dtype: torch.float32
=> Only CVAE KL
=> Use Multivariate Gaussian As the Prior
image_tensor: tensor([-0.0051, -0.0466,  0.0103,  ..., -0.0170,  0.0077,  0.0096],
       device='cuda:0')
x_proj_norm.shape:torch.Size([64, 64]), tensor([-6.0543e-05,  5.2662e-03,  2.4209e-01, -1.0348e-04,  1.5434e-01,
         1.6745e-02, -4.7566e-06, -8.9723e-04, -1.6466e-05,  7.5480e-02,
         2.0699e-01,  3.9779e-02, -7.3306e-05,  2.9112e-01,  1.3204e-01,
         2.1145e-02, -1.1240e-07, -2.6855e-03,  1.3683e-01, -1.5681e-10,
         1.2157e-02, -1.6931e-06, -2.0529e-08,  1.4807e-06,  6.3659e-02,
         5.2107e-02, -5.7632e-06,  9.5795e-04,  2.8776e-01, -1.5301e-09,
        -4.3462e-03,  5.2868e-02,  1.4625e-01,  1.6011e-01, -1.9894e-03,
         2.2890e-01, -1.3035e-04,  4.7962e-02, -1.8302e-05,  1.7144e-01,
         2.5699e-01,  1.3253e-01, -1.5779e-05,  3.0615e-02, -4.8643e-06,
         1.1077e-01,  3.5604e-01,  3.4051e-01,  2.8647e-01, -1.9947e-07,
        -4.6985e-03,  1.2331e-01,  1.7295e-01,  1.4784e-02,  3.4504e-02,
        -1.9294e-05, -2.4508e-04, -1.2439e-05, -2.8224e-05, -3.3076e-09,
         1.6991e-01,  3.8523e-02,  3.3587e-02,  1.4951e-01], device='cuda:0')
domian_feature+Z: tensor([[ 1.3259e-02,  4.2056e-02, -6.5915e-02,  1.4041e-02,  6.8681e-02,
         -2.0078e-01, -2.7459e-02, -5.4046e-02,  1.6795e-01, -6.0543e-05],
        [ 1.3259e-02,  4.2056e-02, -6.5915e-02,  1.4041e-02,  6.8681e-02,
         -2.0078e-01, -2.7459e-02, -5.4046e-02,  1.6795e-01,  5.2662e-03]],
       device='cuda:0')
Epoch:55 Time:75.1 Data:0.0 Loss:0.0577 Cls Loss:0.0428 Cls Loss Theta:12.5245 Pair Loss:0.0149 KL Loss:60.5669 KLD Theta:60.5669 Recon Loss:0.0001 Acc:0.9937 Theta Acc:0.0018 
=> Test at epoch 55
Extracted features for query set, obtained torch.Size([2228, 702]) matrix
Extracted features for gallery set, obtained torch.Size([17661, 702]) matrix
Extracting features complete in 0m 11s
Distance computing in 0m 0s
Computing CMC and mAP through Classifier
Results ---------------------------------------------------
top1:0.9% top5:1.6% top10:3.4% top20:5.5% mAP:1.3%
-----------------------------------------------------------
Using 0m 2s
=> centroids.dtype: torch.float32
=> Only CVAE KL
=> Use Multivariate Gaussian As the Prior
image_tensor: tensor([-0.0109, -0.0111,  0.0263,  ...,  0.0042,  0.0040, -0.0075],
       device='cuda:0')
x_proj_norm.shape:torch.Size([64, 64]), tensor([ 4.6995e-04, -9.1324e-04,  2.7079e-01, -6.6824e-05,  2.6234e-01,
         4.3555e-03, -3.3086e-06,  4.4874e-03, -2.7243e-05,  4.3767e-02,
         3.1765e-01,  1.6331e-02, -7.0201e-05,  6.4568e-02,  1.2900e-01,
        -3.0883e-03, -1.3436e-08,  6.4464e-03,  2.2871e-01,  6.9729e-10,
         6.6041e-02, -4.2961e-06,  6.1331e-08, -3.9513e-06,  1.5818e-01,
         2.5143e-02, -9.0019e-06,  1.0683e-04,  1.8981e-01, -1.5121e-09,
         1.0604e-01,  1.0428e-01,  6.1515e-02,  2.3979e-01, -1.3588e-03,
         1.3944e-01,  3.2204e-04,  1.5660e-01, -1.3495e-05,  2.7031e-01,
         2.4809e-01,  1.5941e-01,  1.0766e-05,  2.6142e-01, -7.4952e-06,
         1.8914e-01,  3.0438e-01,  1.3795e-01,  1.4463e-01, -6.0490e-07,
        -1.6718e-03,  8.8054e-02,  3.6102e-02,  6.5493e-02,  9.7525e-02,
        -3.3520e-05,  1.8465e-04,  1.6753e-06, -6.9584e-06, -1.4751e-09,
         9.5495e-02,  5.2382e-02,  2.6037e-03,  2.3777e-01], device='cuda:0')
domian_feature+Z: tensor([[ 0.1699,  0.0618, -0.0566, -0.0022,  0.0799, -0.1259, -0.1505,  0.0777,
          0.0294,  0.0005],
        [ 0.1699,  0.0618, -0.0566, -0.0022,  0.0799, -0.1259, -0.1505,  0.0777,
          0.0294, -0.0009]], device='cuda:0')
Epoch:56 Time:73.5 Data:0.0 Loss:0.0573 Cls Loss:0.0433 Cls Loss Theta:12.5148 Pair Loss:0.0140 KL Loss:60.5666 KLD Theta:60.5666 Recon Loss:0.0001 Acc:0.9933 Theta Acc:0.0019 
=> centroids.dtype: torch.float32
=> Only CVAE KL
=> Use Multivariate Gaussian As the Prior
image_tensor: tensor([-0.0530, -0.0245,  0.0203,  ...,  0.0109,  0.0050, -0.0036],
       device='cuda:0')
x_proj_norm.shape:torch.Size([64, 64]), tensor([-3.8847e-07, -2.1111e-03,  1.1683e-01, -1.6720e-04,  3.5795e-01,
         4.8268e-03, -4.4560e-06, -8.8490e-04, -2.3537e-05,  1.6640e-01,
        -8.3556e-04,  1.3577e-02, -1.0097e-04,  3.2108e-01,  2.1526e-01,
         2.5785e-02, -1.6564e-07,  1.1558e-03,  2.0270e-01, -1.0365e-10,
         1.2621e-02, -9.2132e-06, -1.2611e-08, -3.4504e-06,  1.2591e-01,
        -4.5170e-03, -5.8973e-06, -2.9866e-05,  2.1361e-01, -1.0264e-09,
         1.7205e-01,  9.8715e-02,  2.0149e-01,  1.9719e-01, -5.4652e-03,
         1.6592e-01,  1.2973e-04,  5.0690e-02, -1.3086e-05,  4.1347e-02,
         1.5118e-01,  1.1055e-01, -3.3270e-06,  1.8539e-01, -4.6762e-06,
         1.0035e-01,  2.6144e-01,  1.6835e-01,  2.1879e-01, -1.7767e-07,
         2.3071e-02,  2.7105e-01,  4.9211e-02,  8.7240e-02,  1.1320e-01,
        -4.5788e-05, -1.3526e-04, -1.9049e-05, -1.7098e-05, -2.0785e-09,
         1.8435e-01, -6.0582e-03, -1.8245e-03,  2.6783e-01], device='cuda:0')
domian_feature+Z: tensor([[-1.1449e-01, -3.0038e-02, -1.1541e-01, -1.4328e-02, -2.1182e-03,
         -2.4008e-01, -2.4542e-02, -6.8617e-02,  1.1437e-01, -3.8847e-07],
        [-1.1449e-01, -3.0038e-02, -1.1541e-01, -1.4328e-02, -2.1182e-03,
         -2.4008e-01, -2.4542e-02, -6.8617e-02,  1.1437e-01, -2.1111e-03]],
       device='cuda:0')
Epoch:57 Time:77.2 Data:0.0 Loss:0.0591 Cls Loss:0.0449 Cls Loss Theta:12.5124 Pair Loss:0.0142 KL Loss:60.5668 KLD Theta:60.5668 Recon Loss:0.0001 Acc:0.9928 Theta Acc:0.0023 
=> centroids.dtype: torch.float32
=> Only CVAE KL
=> Use Multivariate Gaussian As the Prior
image_tensor: tensor([-0.0263, -0.0353,  0.0240,  ...,  0.0039,  0.0176,  0.0018],
       device='cuda:0')
x_proj_norm.shape:torch.Size([64, 64]), tensor([-2.0545e-06, -1.0761e-03,  2.0975e-01, -1.2183e-04,  1.1696e-01,
        -3.8757e-04, -3.1219e-06,  1.3174e-02, -1.9665e-05,  1.8089e-01,
         3.6786e-01,  5.1799e-03, -6.1565e-05,  1.8020e-01,  1.4934e-01,
         3.6056e-02, -1.4277e-07,  1.4816e-02,  3.6088e-02, -7.3072e-11,
         1.6695e-02, -3.0411e-06, -1.2095e-08,  5.3229e-06,  4.3966e-02,
        -2.7227e-03,  9.3729e-06,  3.0816e-04,  2.2939e-01, -5.4381e-10,
         2.4826e-01,  1.3398e-01,  3.7301e-01,  1.8061e-01, -3.1412e-03,
         1.3192e-01, -5.6830e-05,  8.3347e-02, -1.6224e-05,  1.8920e-01,
         2.9827e-01,  1.1970e-01, -1.4368e-05,  8.0645e-02, -2.4348e-06,
         1.4095e-01,  2.2960e-02,  3.4011e-03,  2.1587e-01, -6.1144e-07,
         4.6982e-03,  9.0039e-02,  1.9049e-01,  1.0336e-01,  1.2990e-01,
         1.3330e-04,  1.5971e-03, -1.4017e-05, -1.1354e-04, -4.9657e-10,
         2.7914e-01,  1.5099e-01,  9.6100e-03,  2.0510e-02], device='cuda:0')
domian_feature+Z: tensor([[ 4.1553e-02,  3.0708e-02, -7.3154e-02, -6.8387e-03,  4.6446e-02,
         -3.1342e-01, -9.7991e-02,  1.2946e-02,  2.6018e-01, -2.0545e-06],
        [ 4.1553e-02,  3.0708e-02, -7.3154e-02, -6.8387e-03,  4.6446e-02,
         -3.1342e-01, -9.7991e-02,  1.2946e-02,  2.6018e-01, -1.0761e-03]],
       device='cuda:0')
Epoch:58 Time:76.7 Data:0.0 Loss:0.0552 Cls Loss:0.0404 Cls Loss Theta:12.4838 Pair Loss:0.0147 KL Loss:60.5666 KLD Theta:60.5666 Recon Loss:0.0001 Acc:0.9947 Theta Acc:0.0019 
=> centroids.dtype: torch.float32
=> Only CVAE KL
=> Use Multivariate Gaussian As the Prior
image_tensor: tensor([-0.0175, -0.0074,  0.0226,  ...,  0.0083,  0.0199,  0.0110],
       device='cuda:0')
x_proj_norm.shape:torch.Size([64, 64]), tensor([-2.7171e-04, -3.1476e-03,  1.5103e-01, -6.9174e-05,  2.2346e-01,
        -3.6795e-03, -4.7401e-06,  4.1044e-03, -2.3799e-05, -1.3782e-04,
         9.1855e-02, -1.2801e-03, -6.7009e-05,  2.3767e-01,  7.2404e-02,
        -1.3559e-03,  2.2309e-07,  7.7840e-03,  1.8370e-01, -7.7516e-11,
         6.4855e-02, -3.4223e-06, -7.9981e-09, -4.1742e-06,  2.1504e-01,
         2.7664e-02, -8.8937e-06, -2.2909e-04,  2.7110e-01, -1.5551e-09,
         2.6907e-01,  1.9319e-01,  3.8394e-02,  2.4337e-01, -6.3858e-03,
         2.1007e-01, -2.1122e-04,  1.9419e-01, -1.2964e-05,  3.5225e-01,
         1.4739e-01,  1.5901e-01, -7.2659e-06,  1.4822e-01, -6.1921e-06,
         9.6533e-02,  9.7104e-02,  1.8365e-01,  1.5296e-01, -5.7907e-07,
         4.6176e-02,  2.4641e-01,  2.0710e-01,  2.4426e-02,  1.1709e-01,
        -1.5690e-05, -3.7862e-04,  1.4449e-05, -2.6566e-05, -4.3244e-10,
         1.3505e-01,  1.2519e-01,  3.9371e-03,  1.5232e-01], device='cuda:0')
domian_feature+Z: tensor([[ 0.1875,  0.0282, -0.0426, -0.0298,  0.0990, -0.1258, -0.0886,  0.0643,
          0.1396, -0.0003],
        [ 0.1875,  0.0282, -0.0426, -0.0298,  0.0990, -0.1258, -0.0886,  0.0643,
          0.1396, -0.0031]], device='cuda:0')
Epoch:59 Time:76.3 Data:0.0 Loss:0.0612 Cls Loss:0.0465 Cls Loss Theta:12.4840 Pair Loss:0.0147 KL Loss:60.5667 KLD Theta:60.5667 Recon Loss:0.0001 Acc:0.9922 Theta Acc:0.0019 
=> centroids.dtype: torch.float32
=> Only CVAE KL
=> Use Multivariate Gaussian As the Prior
image_tensor: tensor([ 0.0063, -0.0171,  0.0441,  ..., -0.0096,  0.0101,  0.0117],
       device='cuda:0')
x_proj_norm.shape:torch.Size([64, 64]), tensor([-2.7508e-04,  5.5088e-04,  9.0918e-02, -5.3206e-05,  1.0339e-01,
        -5.8412e-03, -3.0846e-06,  2.4922e-03, -3.4324e-05,  6.8913e-02,
         1.0961e-01,  2.7724e-02, -5.7365e-05,  2.4609e-01,  8.5719e-02,
         9.3198e-03,  4.4523e-07,  3.2301e-02,  1.8563e-01, -1.1032e-10,
         1.0150e-01,  8.3783e-07,  5.3313e-08, -4.7175e-06,  3.0792e-01,
        -1.2265e-03, -1.0494e-05, -3.4030e-04,  1.7307e-01, -1.6304e-09,
         1.9869e-01,  1.9054e-01,  8.9987e-02,  8.4716e-02, -4.8169e-03,
         1.1302e-01, -8.3011e-05,  2.8207e-01, -1.0454e-05,  2.9737e-01,
         8.1810e-02,  1.2374e-01,  2.0901e-05,  1.5193e-01, -5.8081e-06,
         1.7469e-01,  2.6495e-01,  2.3569e-01,  2.9564e-01, -4.8355e-07,
         4.1968e-02,  1.7160e-01,  8.2483e-02, -1.7499e-03,  1.7090e-01,
        -8.9535e-06, -3.1057e-04,  3.0399e-05, -3.1408e-05, -6.0372e-10,
         1.0889e-01, -5.4023e-03, -1.4107e-03,  2.9168e-01], device='cuda:0')
domian_feature+Z: tensor([[ 0.1555,  0.0230, -0.1051,  0.0499,  0.0540, -0.1871, -0.0697,  0.0817,
          0.1596, -0.0003],
        [ 0.1555,  0.0230, -0.1051,  0.0499,  0.0540, -0.1871, -0.0697,  0.0817,
          0.1596,  0.0006]], device='cuda:0')
Epoch:60 Time:75.5 Data:0.0 Loss:0.0559 Cls Loss:0.0403 Cls Loss Theta:12.5290 Pair Loss:0.0156 KL Loss:60.5665 KLD Theta:60.5665 Recon Loss:0.0001 Acc:0.9938 Theta Acc:0.0013 
=> Test at epoch 60
Extracted features for query set, obtained torch.Size([2228, 702]) matrix
Extracted features for gallery set, obtained torch.Size([17661, 702]) matrix
Extracting features complete in 0m 10s
Distance computing in 0m 0s
Computing CMC and mAP through Classifier
Results ---------------------------------------------------
top1:1.1% top5:2.0% top10:3.5% top20:6.1% mAP:1.4%
-----------------------------------------------------------
Using 0m 2s
=> Best Rank-1 1.1% achieved at epoch 20
Finished. Total elapsed time (h:m:s): 1:21:54. Training time (h:m:s): 1:19:11.
Shutting down background jobs, please wait a moment...
Done!
Waiting for the remaining 19 operations to synchronize with Neptune. Do not kill this process.
All 19 operations synced, thanks for waiting!
Explore the metadata in the Neptune app:
https://app.neptune.ai/Zhengwei-Lab/NIPSTransferReID/e/NIPS-504/metadata
