https://app.neptune.ai/Zhengwei-Lab/NIPSTransferReID/e/NIPS-688
=> merge config from ./configs/clipreid_cvae_kl.yaml
Use centroid as domain embedding
/home/zhengwei/Desktop/Zhengwei/Projects/CVAE/main.py:95: NeptuneUnsupportedType: You're attempting to log a type that is not directly supported by Neptune (<class 'list'>).
        Convert the value to a supported type, such as a string or float, or use stringify_unsupported(obj)
        for dictionaries or collections that contain unsupported values.
        For more, see https://docs.neptune.ai/help/value_of_unsupported_type
  run["parameters"] = param
=> Configurations:
-------------------------
AMP: True
AUG:
  RC_PROB: 0.5
  RE_PROB: 0.5
DATA:
  CUHK03_CLASSIC_SPLIT: False
  CUHK03_LABELED: False
  DATASET: duke
  FORMAT_TAG: tensor
  HEIGHT: 256
  NUM_INSTANCES: 4
  NUM_WORKERS: 4
  ROOT: /home/zhengwei/Desktop/Zhengwei/Projects/datasets
  SPLIT_ID: 0
  TEST_BATCH: 512
  TRAIN_BATCH: 64
  TRAIN_FORMAT: base
  WIDTH: 128
EVAL_MODE: False
GPU: 0
LOSS:
  CLA_LOSS: crossentropylabelsmooth
  CLA_M: 0.0
  CLA_S: 16.0
  PAIR_LOSS: triplet
  PAIR_M: 0.3
  PAIR_S: 16.0
  RECON_LOSS: mse
MODEL:
  CONDITIONAL: False
  FEATURE_DIM: 1280
  FEAT_FUSION: True
  FLOW_TYPE: yuke_mlpflow
  GAUSSIAN: MultivariateNormal
  LATENT_SIZE: 64
  NAME: CVAE
  ONLY_CVAE_KL: False
  ONLY_X_INPUT: False
  PRETRAIN: CLIPreidNew
  RES4_STRIDE: 1
  RESUME: 
  TRAIN_STAGE: klstage
  USE_CENTROID: True
  VAE_TYPE: cvae
OUTPUT: ./outputs/duke/clipreid_cvae_decouple/2024-05-09/fp32_l4vae+LeakRelu+bn_64z_AdapterU_bpfusion_Lrecon+pari+reid_1e3
SAVED_NAME: fp32_l4vae+LeakRelu+bn_64z_AdapterU_bpfusion_Lrecon+pari+reid_1e3
SEED: 0
TAG: clipreid_cvae_decouple
TEST:
  DISTANCE: cosine
  EVAL_STEP: 5
  START_EVAL: -1
TRAIN:
  AMP: False
  LR_SCHEDULER:
    DECAY_RATE: 0.1
    NAME: MultiStepLR
    STEPSIZE: [20, 40]
  MAX_EPOCH: 60
  OPTIMIZER:
    LR: 0.001
    NAME: adam
    WEIGHT_DECAY: 0.0001
  START_EPOCH: 0
----------------------
Initializing dataset duke
Warning: string series 'monitoring/a364c295/stdout' value was longer than 1000 characters and was truncated. This warning is printed only once per series.
Loading cluster results from '/home/zhengwei/Desktop/Zhengwei/Projects/datasets/DukeMTMC-reID/kmeans_results/CLIPreidNew/train_all_129k_euclidean.pt'
Clustering stastistics: [(0, 83), (1, 48), (2, 58), (3, 100), (4, 96), (5, 59), (6, 109), (7, 142), (8, 122), (9, 100), (10, 53), (11, 138), (12, 83), (13, 99), (14, 142), (15, 224), (16, 181), (17, 153), (18, 172), (19, 254), (20, 162), (21, 110), (22, 191), (23, 102), (24, 41), (25, 136), (26, 144), (27, 152), (28, 151), (29, 142), (30, 100), (31, 128), (32, 245), (33, 131), (34, 85), (35, 81), (36, 58), (37, 143), (38, 71), (39, 219), (40, 113), (41, 56), (42, 61), (43, 158), (44, 116), (45, 33), (46, 143), (47, 95), (48, 325), (49, 145), (50, 63), (51, 150), (52, 75), (53, 111), (54, 108), (55, 88), (56, 108), (57, 158), (58, 333), (59, 38), (60, 165), (61, 159), (62, 175), (63, 173), (64, 71), (65, 68), (66, 90), (67, 194), (68, 66), (69, 75), (70, 199), (71, 119), (72, 83), (73, 63), (74, 213), (75, 369), (76, 137), (77, 126), (78, 51), (79, 196), (80, 134), (81, 189), (82, 100), (83, 250), (84, 23), (85, 100), (86, 149), (87, 231), (88, 66), (89, 40), (90, 181), (91, 77), (92, 143), (93, 145), (94, 126), (95, 159), (96, 219), (97, 117), (98, 185), (99, 139), (100, 135), (101, 108), (102, 64), (103, 178), (104, 104), (105, 131), (106, 64), (107, 106), (108, 153), (109, 133), (110, 75), (111, 83), (112, 94), (113, 255), (114, 80), (115, 99), (116, 209), (117, 90), (118, 189), (119, 103), (120, 236), (121, 163), (122, 9), (123, 47), (124, 33), (125, 97), (126, 121), (127, 153), (128, 160)]
Loading cluster results from '/home/zhengwei/Desktop/Zhengwei/Projects/datasets/DukeMTMC-reID/kmeans_results/CLIPreidNew/query_129k_euclidean.pt'
Clustering stastistics: [(0, 7), (1, 22), (2, 26), (3, 6), (4, 35), (5, 24), (6, 10), (7, 12), (8, 9), (9, 8), (10, 22), (11, 7), (12, 22), (13, 6), (14, 33), (15, 16), (16, 43), (17, 11), (18, 9), (19, 17), (20, 9), (21, 28), (22, 26), (23, 12), (24, 10), (25, 9), (26, 8), (27, 15), (28, 15), (29, 40), (30, 3), (31, 9), (32, 11), (33, 9), (34, 33), (35, 12), (36, 19), (37, 13), (38, 10), (39, 26), (40, 29), (41, 9), (42, 14), (43, 12), (44, 17), (45, 10), (46, 12), (47, 12), (48, 31), (49, 28), (50, 21), (51, 9), (52, 17), (53, 18), (54, 13), (55, 7), (56, 13), (57, 31), (58, 17), (59, 55), (60, 26), (61, 6), (62, 18), (63, 15), (64, 26), (65, 28), (66, 23), (67, 35), (68, 20), (69, 27), (70, 22), (71, 19), (72, 7), (73, 13), (74, 13), (75, 27), (76, 12), (77, 18), (78, 23), (79, 11), (80, 19), (81, 21), (82, 14), (83, 15), (84, 6), (85, 19), (86, 24), (87, 4), (88, 21), (89, 12), (90, 12), (91, 27), (92, 27), (93, 8), (94, 20), (95, 25), (96, 18), (97, 17), (98, 8), (99, 22), (100, 4), (101, 13), (102, 25), (103, 16), (104, 19), (105, 26), (106, 9), (107, 14), (108, 21), (109, 12), (110, 15), (111, 19), (112, 22), (113, 37), (114, 7), (115, 23), (116, 4), (117, 30), (118, 20), (119, 29), (120, 17), (121, 9), (122, 6), (123, 8), (124, 13), (125, 16), (126, 8), (127, 5), (128, 16)]
Loading cluster results from '/home/zhengwei/Desktop/Zhengwei/Projects/datasets/DukeMTMC-reID/kmeans_results/CLIPreidNew/gallery_129k_euclidean.pt'
Clustering stastistics: [(0, 166), (1, 257), (2, 94), (3, 25), (4, 246), (5, 88), (6, 199), (7, 160), (8, 125), (9, 124), (10, 195), (11, 90), (12, 94), (13, 155), (14, 179), (15, 172), (16, 73), (17, 139), (18, 55), (19, 88), (20, 115), (21, 118), (22, 140), (23, 114), (24, 74), (25, 194), (26, 190), (27, 80), (28, 202), (29, 117), (30, 185), (31, 156), (32, 63), (33, 149), (34, 161), (35, 102), (36, 127), (37, 92), (38, 143), (39, 188), (40, 79), (41, 191), (42, 128), (43, 105), (44, 167), (45, 255), (46, 213), (47, 67), (48, 193), (49, 118), (50, 127), (51, 213), (52, 84), (53, 147), (54, 61), (55, 91), (56, 159), (57, 116), (58, 146), (59, 189), (60, 100), (61, 159), (62, 166), (63, 142), (64, 183), (65, 120), (66, 118), (67, 70), (68, 150), (69, 113), (70, 167), (71, 93), (72, 107), (73, 138), (74, 191), (75, 154), (76, 72), (77, 255), (78, 83), (79, 102), (80, 129), (81, 48), (82, 97), (83, 129), (84, 216), (85, 178), (86, 127), (87, 254), (88, 191), (89, 126), (90, 170), (91, 154), (92, 52), (93, 149), (94, 179), (95, 99), (96, 96), (97, 142), (98, 154), (99, 193), (100, 143), (101, 118), (102, 153), (103, 44), (104, 142), (105, 87), (106, 84), (107, 196), (108, 143), (109, 156), (110, 63), (111, 178), (112, 52), (113, 165), (114, 106), (115, 38), (116, 112), (117, 183), (118, 63), (119, 299), (120, 96), (121, 53), (122, 143), (123, 132), (124, 288), (125, 151), (126, 104), (127, 95), (128, 225)]
=> DukeMTMC-reID tensor loaded
Dataset statistics:
  ------------------------------
  subset   | # ids | # images
  ------------------------------
  train    |   702 |    16522
  query    |   702 |     2228
  gallery  |  1110 |    17661
  ------------------------------
  total    |  1404 |    36411
  ------------------------------
Initializing vae model: cvae
Using Adapter for domain feature
Model size: 105.88621M
Using MLPClassBlock with hiidem_dim_list: [64, 128, 256, 512]
Classifier size: 0.53555M
set param.requires_grad = True for VAE.encoder.MLP.L0.weight
set param.requires_grad = True for VAE.encoder.MLP.BN0.weight
set param.requires_grad = True for VAE.encoder.MLP.BN0.bias
set param.requires_grad = True for VAE.encoder.MLP.L1.weight
set param.requires_grad = True for VAE.encoder.MLP.BN1.weight
set param.requires_grad = True for VAE.encoder.MLP.BN1.bias
set param.requires_grad = True for VAE.encoder.MLP.L2.weight
set param.requires_grad = True for VAE.encoder.MLP.BN2.weight
set param.requires_grad = True for VAE.encoder.MLP.BN2.bias
set param.requires_grad = True for VAE.encoder.MLP.L3.weight
set param.requires_grad = True for VAE.encoder.MLP.BN3.weight
set param.requires_grad = True for VAE.encoder.MLP.BN3.bias
set param.requires_grad = True for VAE.encoder.MLP.L4.weight
set param.requires_grad = True for VAE.encoder.linear_means.weight
set param.requires_grad = True for VAE.encoder.linear_log_var.weight
set param.requires_grad = True for VAE.encoder.BN_out.weight
set param.requires_grad = True for VAE.encoder.BN_out.bias
set param.requires_grad = True for VAE.decoder.MLP.L0.weight
set param.requires_grad = True for VAE.decoder.MLP.BN0.weight
set param.requires_grad = True for VAE.decoder.MLP.BN0.bias
set param.requires_grad = True for VAE.decoder.MLP.L1.weight
set param.requires_grad = True for VAE.decoder.MLP.BN1.weight
set param.requires_grad = True for VAE.decoder.MLP.BN1.bias
set param.requires_grad = True for VAE.decoder.MLP.L2.weight
set param.requires_grad = True for VAE.decoder.MLP.BN2.weight
set param.requires_grad = True for VAE.decoder.MLP.BN2.bias
set param.requires_grad = True for VAE.decoder.MLP.L3.weight
set param.requires_grad = True for VAE.decoder.MLP.BN3.weight
set param.requires_grad = True for VAE.decoder.MLP.BN3.bias
set param.requires_grad = True for VAE.decoder.MLP.L4.weight
set param.requires_grad = True for domain_embeding.layers.0.sla1.linear.weight
set param.requires_grad = True for domain_embeding.layers.0.sla1.bn.weight
set param.requires_grad = True for domain_embeding.layers.0.sla1.bn.bias
set param.requires_grad = True for domain_embeding.layers.0.sla1.parallel_adapter.gate.0.weight
set param.requires_grad = True for domain_embeding.layers.0.sla1.parallel_adapter.adapters.0.weight
set param.requires_grad = True for domain_embeding.layers.0.sla1.parallel_adapter.adapters.1.weight
set param.requires_grad = True for domain_embeding.layers.0.sla1.parallel_adapter.adapters.2.weight
set param.requires_grad = True for domain_embeding.layers.0.sla1.parallel_adapter.adapters.3.weight
set param.requires_grad = True for domain_embeding.layers.0.sla1.parallel_adapter.adapters.4.weight
set param.requires_grad = True for domain_embeding.layers.0.sla1.parallel_adapter.adapters.5.weight
set param.requires_grad = True for domain_embeding.layers.0.sla1.parallel_adapter.adapters.6.weight
set param.requires_grad = True for domain_embeding.layers.0.sla1.parallel_adapter.adapters.7.weight
set param.requires_grad = True for domain_embeding.layers.0.sla1.parallel_adapter.adapters.8.weight
set param.requires_grad = True for domain_embeding.layers.0.sla1.parallel_adapter.adapters.9.weight
set param.requires_grad = True for domain_embeding.layers.0.sla1.parallel_adapter.adapters.10.weight
set param.requires_grad = True for domain_embeding.layers.0.sla1.parallel_adapter.adapters.11.weight
set param.requires_grad = True for domain_embeding.layers.0.sla1.parallel_adapter.adapters.12.weight
set param.requires_grad = True for domain_embeding.layers.0.sla1.parallel_adapter.adapters.13.weight
set param.requires_grad = True for domain_embeding.layers.0.sla1.parallel_adapter.adapters.14.weight
set param.requires_grad = True for domain_embeding.layers.0.sla1.parallel_adapter.adapters.15.weight
set param.requires_grad = True for domain_embeding.layers.0.sla1.parallel_adapter.adapters.16.weight
set param.requires_grad = True for domain_embeding.layers.0.sla1.parallel_adapter.adapters.17.weight
set param.requires_grad = True for domain_embeding.layers.0.sla1.parallel_adapter.adapters.18.weight
set param.requires_grad = True for domain_embeding.layers.0.sla1.parallel_adapter.adapters.19.weight
set param.requires_grad = True for domain_embeding.layers.0.sla1.parallel_adapter.adapters.20.weight
set param.requires_grad = True for domain_embeding.layers.0.sla1.parallel_adapter.adapters.21.weight
set param.requires_grad = True for domain_embeding.layers.0.sla1.parallel_adapter.adapters.22.weight
set param.requires_grad = True for domain_embeding.layers.0.sla1.parallel_adapter.adapters.23.weight
set param.requires_grad = True for domain_embeding.layers.0.sla1.parallel_adapter.adapters.24.weight
set param.requires_grad = True for domain_embeding.layers.0.sla1.parallel_adapter.adapters.25.weight
set param.requires_grad = True for domain_embeding.layers.0.sla1.parallel_adapter.adapters.26.weight
set param.requires_grad = True for domain_embeding.layers.0.sla1.parallel_adapter.adapters.27.weight
set param.requires_grad = True for domain_embeding.layers.0.sla1.parallel_adapter.adapters.28.weight
set param.requires_grad = True for domain_embeding.layers.0.sla1.parallel_adapter.adapters.29.weight
set param.requires_grad = True for domain_embeding.layers.0.sla1.parallel_adapter.adapters.30.weight
set param.requires_grad = True for domain_embeding.layers.0.sla1.parallel_adapter.adapters.31.weight
set param.requires_grad = True for domain_embeding.layers.0.sla1.parallel_adapter.adapters.32.weight
set param.requires_grad = True for domain_embeding.layers.0.sla1.parallel_adapter.adapters.33.weight
set param.requires_grad = True for domain_embeding.layers.0.sla1.parallel_adapter.adapters.34.weight
set param.requires_grad = True for domain_embeding.layers.0.sla1.parallel_adapter.adapters.35.weight
set param.requires_grad = True for domain_embeding.layers.0.sla1.parallel_adapter.adapters.36.weight
set param.requires_grad = True for domain_embeding.layers.0.sla1.parallel_adapter.adapters.37.weight
set param.requires_grad = True for domain_embeding.layers.0.sla1.parallel_adapter.adapters.38.weight
set param.requires_grad = True for domain_embeding.layers.0.sla1.parallel_adapter.adapters.39.weight
set param.requires_grad = True for domain_embeding.layers.0.sla1.parallel_adapter.adapters.40.weight
set param.requires_grad = True for domain_embeding.layers.0.sla1.parallel_adapter.adapters.41.weight
set param.requires_grad = True for domain_embeding.layers.0.sla1.parallel_adapter.adapters.42.weight
set param.requires_grad = True for domain_embeding.layers.0.sla1.parallel_adapter.adapters.43.weight
set param.requires_grad = True for domain_embeding.layers.0.sla1.parallel_adapter.adapters.44.weight
set param.requires_grad = True for domain_embeding.layers.0.sla1.parallel_adapter.adapters.45.weight
set param.requires_grad = True for domain_embeding.layers.0.sla1.parallel_adapter.adapters.46.weight
set param.requires_grad = True for domain_embeding.layers.0.sla1.parallel_adapter.adapters.47.weight
set param.requires_grad = True for domain_embeding.layers.0.sla1.parallel_adapter.adapters.48.weight
set param.requires_grad = True for domain_embeding.layers.0.sla1.parallel_adapter.adapters.49.weight
set param.requires_grad = True for domain_embeding.layers.0.sla1.parallel_adapter.adapters.50.weight
set param.requires_grad = True for domain_embeding.layers.0.sla1.parallel_adapter.adapters.51.weight
set param.requires_grad = True for domain_embeding.layers.0.sla1.parallel_adapter.adapters.52.weight
set param.requires_grad = True for domain_embeding.layers.0.sla1.parallel_adapter.adapters.53.weight
set param.requires_grad = True for domain_embeding.layers.0.sla1.parallel_adapter.adapters.54.weight
set param.requires_grad = True for domain_embeding.layers.0.sla1.parallel_adapter.adapters.55.weight
set param.requires_grad = True for domain_embeding.layers.0.sla1.parallel_adapter.adapters.56.weight
set param.requires_grad = True for domain_embeding.layers.0.sla1.parallel_adapter.adapters.57.weight
set param.requires_grad = True for domain_embeding.layers.0.sla1.parallel_adapter.adapters.58.weight
set param.requires_grad = True for domain_embeding.layers.0.sla1.parallel_adapter.adapters.59.weight
set param.requires_grad = True for domain_embeding.layers.0.sla1.parallel_adapter.adapters.60.weight
set param.requires_grad = True for domain_embeding.layers.0.sla1.parallel_adapter.adapters.61.weight
set param.requires_grad = True for domain_embeding.layers.0.sla1.parallel_adapter.adapters.62.weight
set param.requires_grad = True for domain_embeding.layers.0.sla1.parallel_adapter.adapters.63.weight
set param.requires_grad = True for domain_embeding.layers.0.sla1.parallel_adapter.adapters.64.weight
set param.requires_grad = True for domain_embeding.layers.0.sla1.parallel_adapter.adapters.65.weight
set param.requires_grad = True for domain_embeding.layers.0.sla1.parallel_adapter.adapters.66.weight
set param.requires_grad = True for domain_embeding.layers.0.sla1.parallel_adapter.adapters.67.weight
set param.requires_grad = True for domain_embeding.layers.0.sla1.parallel_adapter.adapters.68.weight
set param.requires_grad = True for domain_embeding.layers.0.sla1.parallel_adapter.adapters.69.weight
set param.requires_grad = True for domain_embeding.layers.0.sla1.parallel_adapter.adapters.70.weight
set param.requires_grad = True for domain_embeding.layers.0.sla1.parallel_adapter.adapters.71.weight
set param.requires_grad = True for domain_embeding.layers.0.sla1.parallel_adapter.adapters.72.weight
set param.requires_grad = True for domain_embeding.layers.0.sla1.parallel_adapter.adapters.73.weight
set param.requires_grad = True for domain_embeding.layers.0.sla1.parallel_adapter.adapters.74.weight
set param.requires_grad = True for domain_embeding.layers.0.sla1.parallel_adapter.adapters.75.weight
set param.requires_grad = True for domain_embeding.layers.0.sla1.parallel_adapter.adapters.76.weight
set param.requires_grad = True for domain_embeding.layers.0.sla1.parallel_adapter.adapters.77.weight
set param.requires_grad = True for domain_embeding.layers.0.sla1.parallel_adapter.adapters.78.weight
set param.requires_grad = True for domain_embeding.layers.0.sla1.parallel_adapter.adapters.79.weight
set param.requires_grad = True for domain_embeding.layers.0.sla1.parallel_adapter.adapters.80.weight
set param.requires_grad = True for domain_embeding.layers.0.sla1.parallel_adapter.adapters.81.weight
set param.requires_grad = True for domain_embeding.layers.0.sla1.parallel_adapter.adapters.82.weight
set param.requires_grad = True for domain_embeding.layers.0.sla1.parallel_adapter.adapters.83.weight
set param.requires_grad = True for domain_embeding.layers.0.sla1.parallel_adapter.adapters.84.weight
set param.requires_grad = True for domain_embeding.layers.0.sla1.parallel_adapter.adapters.85.weight
set param.requires_grad = True for domain_embeding.layers.0.sla1.parallel_adapter.adapters.86.weight
set param.requires_grad = True for domain_embeding.layers.0.sla1.parallel_adapter.adapters.87.weight
set param.requires_grad = True for domain_embeding.layers.0.sla1.parallel_adapter.adapters.88.weight
set param.requires_grad = True for domain_embeding.layers.0.sla1.parallel_adapter.adapters.89.weight
set param.requires_grad = True for domain_embeding.layers.0.sla1.parallel_adapter.adapters.90.weight
set param.requires_grad = True for domain_embeding.layers.0.sla1.parallel_adapter.adapters.91.weight
set param.requires_grad = True for domain_embeding.layers.0.sla1.parallel_adapter.adapters.92.weight
set param.requires_grad = True for domain_embeding.layers.0.sla1.parallel_adapter.adapters.93.weight
set param.requires_grad = True for domain_embeding.layers.0.sla1.parallel_adapter.adapters.94.weight
set param.requires_grad = True for domain_embeding.layers.0.sla1.parallel_adapter.adapters.95.weight
set param.requires_grad = True for domain_embeding.layers.0.sla1.parallel_adapter.adapters.96.weight
set param.requires_grad = True for domain_embeding.layers.0.sla1.parallel_adapter.adapters.97.weight
set param.requires_grad = True for domain_embeding.layers.0.sla1.parallel_adapter.adapters.98.weight
set param.requires_grad = True for domain_embeding.layers.0.sla1.parallel_adapter.adapters.99.weight
set param.requires_grad = True for domain_embeding.layers.0.sla1.parallel_adapter.adapters.100.weight
set param.requires_grad = True for domain_embeding.layers.0.sla1.parallel_adapter.adapters.101.weight
set param.requires_grad = True for domain_embeding.layers.0.sla1.parallel_adapter.adapters.102.weight
set param.requires_grad = True for domain_embeding.layers.0.sla1.parallel_adapter.adapters.103.weight
set param.requires_grad = True for domain_embeding.layers.0.sla1.parallel_adapter.adapters.104.weight
set param.requires_grad = True for domain_embeding.layers.0.sla1.parallel_adapter.adapters.105.weight
set param.requires_grad = True for domain_embeding.layers.0.sla1.parallel_adapter.adapters.106.weight
set param.requires_grad = True for domain_embeding.layers.0.sla1.parallel_adapter.adapters.107.weight
set param.requires_grad = True for domain_embeding.layers.0.sla1.parallel_adapter.adapters.108.weight
set param.requires_grad = True for domain_embeding.layers.0.sla1.parallel_adapter.adapters.109.weight
set param.requires_grad = True for domain_embeding.layers.0.sla1.parallel_adapter.adapters.110.weight
set param.requires_grad = True for domain_embeding.layers.0.sla1.parallel_adapter.adapters.111.weight
set param.requires_grad = True for domain_embeding.layers.0.sla1.parallel_adapter.adapters.112.weight
set param.requires_grad = True for domain_embeding.layers.0.sla1.parallel_adapter.adapters.113.weight
set param.requires_grad = True for domain_embeding.layers.0.sla1.parallel_adapter.adapters.114.weight
set param.requires_grad = True for domain_embeding.layers.0.sla1.parallel_adapter.adapters.115.weight
set param.requires_grad = True for domain_embeding.layers.0.sla1.parallel_adapter.adapters.116.weight
set param.requires_grad = True for domain_embeding.layers.0.sla1.parallel_adapter.adapters.117.weight
set param.requires_grad = True for domain_embeding.layers.0.sla1.parallel_adapter.adapters.118.weight
set param.requires_grad = True for domain_embeding.layers.0.sla1.parallel_adapter.adapters.119.weight
set param.requires_grad = True for domain_embeding.layers.0.sla1.parallel_adapter.adapters.120.weight
set param.requires_grad = True for domain_embeding.layers.0.sla1.parallel_adapter.adapters.121.weight
set param.requires_grad = True for domain_embeding.layers.0.sla1.parallel_adapter.adapters.122.weight
set param.requires_grad = True for domain_embeding.layers.0.sla1.parallel_adapter.adapters.123.weight
set param.requires_grad = True for domain_embeding.layers.0.sla1.parallel_adapter.adapters.124.weight
set param.requires_grad = True for domain_embeding.layers.0.sla1.parallel_adapter.adapters.125.weight
set param.requires_grad = True for domain_embeding.layers.0.sla1.parallel_adapter.adapters.126.weight
set param.requires_grad = True for domain_embeding.layers.0.sla1.parallel_adapter.adapters.127.weight
set param.requires_grad = True for domain_embeding.layers.0.sla2.linear.weight
set param.requires_grad = True for domain_embeding.layers.0.sla2.bn.weight
set param.requires_grad = True for domain_embeding.layers.0.sla2.bn.bias
set param.requires_grad = True for domain_embeding.layers.0.sla2.parallel_adapter.gate.0.weight
set param.requires_grad = True for domain_embeding.layers.0.sla2.parallel_adapter.adapters.0.weight
set param.requires_grad = True for domain_embeding.layers.0.sla2.parallel_adapter.adapters.1.weight
set param.requires_grad = True for domain_embeding.layers.0.sla2.parallel_adapter.adapters.2.weight
set param.requires_grad = True for domain_embeding.layers.0.sla2.parallel_adapter.adapters.3.weight
set param.requires_grad = True for domain_embeding.layers.0.sla2.parallel_adapter.adapters.4.weight
set param.requires_grad = True for domain_embeding.layers.0.sla2.parallel_adapter.adapters.5.weight
set param.requires_grad = True for domain_embeding.layers.0.sla2.parallel_adapter.adapters.6.weight
set param.requires_grad = True for domain_embeding.layers.0.sla2.parallel_adapter.adapters.7.weight
set param.requires_grad = True for domain_embeding.layers.0.sla2.parallel_adapter.adapters.8.weight
set param.requires_grad = True for domain_embeding.layers.0.sla2.parallel_adapter.adapters.9.weight
set param.requires_grad = True for domain_embeding.layers.0.sla2.parallel_adapter.adapters.10.weight
set param.requires_grad = True for domain_embeding.layers.0.sla2.parallel_adapter.adapters.11.weight
set param.requires_grad = True for domain_embeding.layers.0.sla2.parallel_adapter.adapters.12.weight
set param.requires_grad = True for domain_embeding.layers.0.sla2.parallel_adapter.adapters.13.weight
set param.requires_grad = True for domain_embeding.layers.0.sla2.parallel_adapter.adapters.14.weight
set param.requires_grad = True for domain_embeding.layers.0.sla2.parallel_adapter.adapters.15.weight
set param.requires_grad = True for domain_embeding.layers.0.sla2.parallel_adapter.adapters.16.weight
set param.requires_grad = True for domain_embeding.layers.0.sla2.parallel_adapter.adapters.17.weight
set param.requires_grad = True for domain_embeding.layers.0.sla2.parallel_adapter.adapters.18.weight
set param.requires_grad = True for domain_embeding.layers.0.sla2.parallel_adapter.adapters.19.weight
set param.requires_grad = True for domain_embeding.layers.0.sla2.parallel_adapter.adapters.20.weight
set param.requires_grad = True for domain_embeding.layers.0.sla2.parallel_adapter.adapters.21.weight
set param.requires_grad = True for domain_embeding.layers.0.sla2.parallel_adapter.adapters.22.weight
set param.requires_grad = True for domain_embeding.layers.0.sla2.parallel_adapter.adapters.23.weight
set param.requires_grad = True for domain_embeding.layers.0.sla2.parallel_adapter.adapters.24.weight
set param.requires_grad = True for domain_embeding.layers.0.sla2.parallel_adapter.adapters.25.weight
set param.requires_grad = True for domain_embeding.layers.0.sla2.parallel_adapter.adapters.26.weight
set param.requires_grad = True for domain_embeding.layers.0.sla2.parallel_adapter.adapters.27.weight
set param.requires_grad = True for domain_embeding.layers.0.sla2.parallel_adapter.adapters.28.weight
set param.requires_grad = True for domain_embeding.layers.0.sla2.parallel_adapter.adapters.29.weight
set param.requires_grad = True for domain_embeding.layers.0.sla2.parallel_adapter.adapters.30.weight
set param.requires_grad = True for domain_embeding.layers.0.sla2.parallel_adapter.adapters.31.weight
set param.requires_grad = True for domain_embeding.layers.0.sla2.parallel_adapter.adapters.32.weight
set param.requires_grad = True for domain_embeding.layers.0.sla2.parallel_adapter.adapters.33.weight
set param.requires_grad = True for domain_embeding.layers.0.sla2.parallel_adapter.adapters.34.weight
set param.requires_grad = True for domain_embeding.layers.0.sla2.parallel_adapter.adapters.35.weight
set param.requires_grad = True for domain_embeding.layers.0.sla2.parallel_adapter.adapters.36.weight
set param.requires_grad = True for domain_embeding.layers.0.sla2.parallel_adapter.adapters.37.weight
set param.requires_grad = True for domain_embeding.layers.0.sla2.parallel_adapter.adapters.38.weight
set param.requires_grad = True for domain_embeding.layers.0.sla2.parallel_adapter.adapters.39.weight
set param.requires_grad = True for domain_embeding.layers.0.sla2.parallel_adapter.adapters.40.weight
set param.requires_grad = True for domain_embeding.layers.0.sla2.parallel_adapter.adapters.41.weight
set param.requires_grad = True for domain_embeding.layers.0.sla2.parallel_adapter.adapters.42.weight
set param.requires_grad = True for domain_embeding.layers.0.sla2.parallel_adapter.adapters.43.weight
set param.requires_grad = True for domain_embeding.layers.0.sla2.parallel_adapter.adapters.44.weight
set param.requires_grad = True for domain_embeding.layers.0.sla2.parallel_adapter.adapters.45.weight
set param.requires_grad = True for domain_embeding.layers.0.sla2.parallel_adapter.adapters.46.weight
set param.requires_grad = True for domain_embeding.layers.0.sla2.parallel_adapter.adapters.47.weight
set param.requires_grad = True for domain_embeding.layers.0.sla2.parallel_adapter.adapters.48.weight
set param.requires_grad = True for domain_embeding.layers.0.sla2.parallel_adapter.adapters.49.weight
set param.requires_grad = True for domain_embeding.layers.0.sla2.parallel_adapter.adapters.50.weight
set param.requires_grad = True for domain_embeding.layers.0.sla2.parallel_adapter.adapters.51.weight
set param.requires_grad = True for domain_embeding.layers.0.sla2.parallel_adapter.adapters.52.weight
set param.requires_grad = True for domain_embeding.layers.0.sla2.parallel_adapter.adapters.53.weight
set param.requires_grad = True for domain_embeding.layers.0.sla2.parallel_adapter.adapters.54.weight
set param.requires_grad = True for domain_embeding.layers.0.sla2.parallel_adapter.adapters.55.weight
set param.requires_grad = True for domain_embeding.layers.0.sla2.parallel_adapter.adapters.56.weight
set param.requires_grad = True for domain_embeding.layers.0.sla2.parallel_adapter.adapters.57.weight
set param.requires_grad = True for domain_embeding.layers.0.sla2.parallel_adapter.adapters.58.weight
set param.requires_grad = True for domain_embeding.layers.0.sla2.parallel_adapter.adapters.59.weight
set param.requires_grad = True for domain_embeding.layers.0.sla2.parallel_adapter.adapters.60.weight
set param.requires_grad = True for domain_embeding.layers.0.sla2.parallel_adapter.adapters.61.weight
set param.requires_grad = True for domain_embeding.layers.0.sla2.parallel_adapter.adapters.62.weight
set param.requires_grad = True for domain_embeding.layers.0.sla2.parallel_adapter.adapters.63.weight
set param.requires_grad = True for domain_embeding.layers.0.sla2.parallel_adapter.adapters.64.weight
set param.requires_grad = True for domain_embeding.layers.0.sla2.parallel_adapter.adapters.65.weight
set param.requires_grad = True for domain_embeding.layers.0.sla2.parallel_adapter.adapters.66.weight
set param.requires_grad = True for domain_embeding.layers.0.sla2.parallel_adapter.adapters.67.weight
set param.requires_grad = True for domain_embeding.layers.0.sla2.parallel_adapter.adapters.68.weight
set param.requires_grad = True for domain_embeding.layers.0.sla2.parallel_adapter.adapters.69.weight
set param.requires_grad = True for domain_embeding.layers.0.sla2.parallel_adapter.adapters.70.weight
set param.requires_grad = True for domain_embeding.layers.0.sla2.parallel_adapter.adapters.71.weight
set param.requires_grad = True for domain_embeding.layers.0.sla2.parallel_adapter.adapters.72.weight
set param.requires_grad = True for domain_embeding.layers.0.sla2.parallel_adapter.adapters.73.weight
set param.requires_grad = True for domain_embeding.layers.0.sla2.parallel_adapter.adapters.74.weight
set param.requires_grad = True for domain_embeding.layers.0.sla2.parallel_adapter.adapters.75.weight
set param.requires_grad = True for domain_embeding.layers.0.sla2.parallel_adapter.adapters.76.weight
set param.requires_grad = True for domain_embeding.layers.0.sla2.parallel_adapter.adapters.77.weight
set param.requires_grad = True for domain_embeding.layers.0.sla2.parallel_adapter.adapters.78.weight
set param.requires_grad = True for domain_embeding.layers.0.sla2.parallel_adapter.adapters.79.weight
set param.requires_grad = True for domain_embeding.layers.0.sla2.parallel_adapter.adapters.80.weight
set param.requires_grad = True for domain_embeding.layers.0.sla2.parallel_adapter.adapters.81.weight
set param.requires_grad = True for domain_embeding.layers.0.sla2.parallel_adapter.adapters.82.weight
set param.requires_grad = True for domain_embeding.layers.0.sla2.parallel_adapter.adapters.83.weight
set param.requires_grad = True for domain_embeding.layers.0.sla2.parallel_adapter.adapters.84.weight
set param.requires_grad = True for domain_embeding.layers.0.sla2.parallel_adapter.adapters.85.weight
set param.requires_grad = True for domain_embeding.layers.0.sla2.parallel_adapter.adapters.86.weight
set param.requires_grad = True for domain_embeding.layers.0.sla2.parallel_adapter.adapters.87.weight
set param.requires_grad = True for domain_embeding.layers.0.sla2.parallel_adapter.adapters.88.weight
set param.requires_grad = True for domain_embeding.layers.0.sla2.parallel_adapter.adapters.89.weight
set param.requires_grad = True for domain_embeding.layers.0.sla2.parallel_adapter.adapters.90.weight
set param.requires_grad = True for domain_embeding.layers.0.sla2.parallel_adapter.adapters.91.weight
set param.requires_grad = True for domain_embeding.layers.0.sla2.parallel_adapter.adapters.92.weight
set param.requires_grad = True for domain_embeding.layers.0.sla2.parallel_adapter.adapters.93.weight
set param.requires_grad = True for domain_embeding.layers.0.sla2.parallel_adapter.adapters.94.weight
set param.requires_grad = True for domain_embeding.layers.0.sla2.parallel_adapter.adapters.95.weight
set param.requires_grad = True for domain_embeding.layers.0.sla2.parallel_adapter.adapters.96.weight
set param.requires_grad = True for domain_embeding.layers.0.sla2.parallel_adapter.adapters.97.weight
set param.requires_grad = True for domain_embeding.layers.0.sla2.parallel_adapter.adapters.98.weight
set param.requires_grad = True for domain_embeding.layers.0.sla2.parallel_adapter.adapters.99.weight
set param.requires_grad = True for domain_embeding.layers.0.sla2.parallel_adapter.adapters.100.weight
set param.requires_grad = True for domain_embeding.layers.0.sla2.parallel_adapter.adapters.101.weight
set param.requires_grad = True for domain_embeding.layers.0.sla2.parallel_adapter.adapters.102.weight
set param.requires_grad = True for domain_embeding.layers.0.sla2.parallel_adapter.adapters.103.weight
set param.requires_grad = True for domain_embeding.layers.0.sla2.parallel_adapter.adapters.104.weight
set param.requires_grad = True for domain_embeding.layers.0.sla2.parallel_adapter.adapters.105.weight
set param.requires_grad = True for domain_embeding.layers.0.sla2.parallel_adapter.adapters.106.weight
set param.requires_grad = True for domain_embeding.layers.0.sla2.parallel_adapter.adapters.107.weight
set param.requires_grad = True for domain_embeding.layers.0.sla2.parallel_adapter.adapters.108.weight
set param.requires_grad = True for domain_embeding.layers.0.sla2.parallel_adapter.adapters.109.weight
set param.requires_grad = True for domain_embeding.layers.0.sla2.parallel_adapter.adapters.110.weight
set param.requires_grad = True for domain_embeding.layers.0.sla2.parallel_adapter.adapters.111.weight
set param.requires_grad = True for domain_embeding.layers.0.sla2.parallel_adapter.adapters.112.weight
set param.requires_grad = True for domain_embeding.layers.0.sla2.parallel_adapter.adapters.113.weight
set param.requires_grad = True for domain_embeding.layers.0.sla2.parallel_adapter.adapters.114.weight
set param.requires_grad = True for domain_embeding.layers.0.sla2.parallel_adapter.adapters.115.weight
set param.requires_grad = True for domain_embeding.layers.0.sla2.parallel_adapter.adapters.116.weight
set param.requires_grad = True for domain_embeding.layers.0.sla2.parallel_adapter.adapters.117.weight
set param.requires_grad = True for domain_embeding.layers.0.sla2.parallel_adapter.adapters.118.weight
set param.requires_grad = True for domain_embeding.layers.0.sla2.parallel_adapter.adapters.119.weight
set param.requires_grad = True for domain_embeding.layers.0.sla2.parallel_adapter.adapters.120.weight
set param.requires_grad = True for domain_embeding.layers.0.sla2.parallel_adapter.adapters.121.weight
set param.requires_grad = True for domain_embeding.layers.0.sla2.parallel_adapter.adapters.122.weight
set param.requires_grad = True for domain_embeding.layers.0.sla2.parallel_adapter.adapters.123.weight
set param.requires_grad = True for domain_embeding.layers.0.sla2.parallel_adapter.adapters.124.weight
set param.requires_grad = True for domain_embeding.layers.0.sla2.parallel_adapter.adapters.125.weight
set param.requires_grad = True for domain_embeding.layers.0.sla2.parallel_adapter.adapters.126.weight
set param.requires_grad = True for domain_embeding.layers.0.sla2.parallel_adapter.adapters.127.weight
set param.requires_grad = True for domain_embeding.layers.1.sla1.linear.weight
set param.requires_grad = True for domain_embeding.layers.1.sla1.bn.weight
set param.requires_grad = True for domain_embeding.layers.1.sla1.bn.bias
set param.requires_grad = True for domain_embeding.layers.1.sla1.parallel_adapter.gate.0.weight
set param.requires_grad = True for domain_embeding.layers.1.sla1.parallel_adapter.adapters.0.weight
set param.requires_grad = True for domain_embeding.layers.1.sla1.parallel_adapter.adapters.1.weight
set param.requires_grad = True for domain_embeding.layers.1.sla1.parallel_adapter.adapters.2.weight
set param.requires_grad = True for domain_embeding.layers.1.sla1.parallel_adapter.adapters.3.weight
set param.requires_grad = True for domain_embeding.layers.1.sla1.parallel_adapter.adapters.4.weight
set param.requires_grad = True for domain_embeding.layers.1.sla1.parallel_adapter.adapters.5.weight
set param.requires_grad = True for domain_embeding.layers.1.sla1.parallel_adapter.adapters.6.weight
set param.requires_grad = True for domain_embeding.layers.1.sla1.parallel_adapter.adapters.7.weight
set param.requires_grad = True for domain_embeding.layers.1.sla1.parallel_adapter.adapters.8.weight
set param.requires_grad = True for domain_embeding.layers.1.sla1.parallel_adapter.adapters.9.weight
set param.requires_grad = True for domain_embeding.layers.1.sla1.parallel_adapter.adapters.10.weight
set param.requires_grad = True for domain_embeding.layers.1.sla1.parallel_adapter.adapters.11.weight
set param.requires_grad = True for domain_embeding.layers.1.sla1.parallel_adapter.adapters.12.weight
set param.requires_grad = True for domain_embeding.layers.1.sla1.parallel_adapter.adapters.13.weight
set param.requires_grad = True for domain_embeding.layers.1.sla1.parallel_adapter.adapters.14.weight
set param.requires_grad = True for domain_embeding.layers.1.sla1.parallel_adapter.adapters.15.weight
set param.requires_grad = True for domain_embeding.layers.1.sla1.parallel_adapter.adapters.16.weight
set param.requires_grad = True for domain_embeding.layers.1.sla1.parallel_adapter.adapters.17.weight
set param.requires_grad = True for domain_embeding.layers.1.sla1.parallel_adapter.adapters.18.weight
set param.requires_grad = True for domain_embeding.layers.1.sla1.parallel_adapter.adapters.19.weight
set param.requires_grad = True for domain_embeding.layers.1.sla1.parallel_adapter.adapters.20.weight
set param.requires_grad = True for domain_embeding.layers.1.sla1.parallel_adapter.adapters.21.weight
set param.requires_grad = True for domain_embeding.layers.1.sla1.parallel_adapter.adapters.22.weight
set param.requires_grad = True for domain_embeding.layers.1.sla1.parallel_adapter.adapters.23.weight
set param.requires_grad = True for domain_embeding.layers.1.sla1.parallel_adapter.adapters.24.weight
set param.requires_grad = True for domain_embeding.layers.1.sla1.parallel_adapter.adapters.25.weight
set param.requires_grad = True for domain_embeding.layers.1.sla1.parallel_adapter.adapters.26.weight
set param.requires_grad = True for domain_embeding.layers.1.sla1.parallel_adapter.adapters.27.weight
set param.requires_grad = True for domain_embeding.layers.1.sla1.parallel_adapter.adapters.28.weight
set param.requires_grad = True for domain_embeding.layers.1.sla1.parallel_adapter.adapters.29.weight
set param.requires_grad = True for domain_embeding.layers.1.sla1.parallel_adapter.adapters.30.weight
set param.requires_grad = True for domain_embeding.layers.1.sla1.parallel_adapter.adapters.31.weight
set param.requires_grad = True for domain_embeding.layers.1.sla1.parallel_adapter.adapters.32.weight
set param.requires_grad = True for domain_embeding.layers.1.sla1.parallel_adapter.adapters.33.weight
set param.requires_grad = True for domain_embeding.layers.1.sla1.parallel_adapter.adapters.34.weight
set param.requires_grad = True for domain_embeding.layers.1.sla1.parallel_adapter.adapters.35.weight
set param.requires_grad = True for domain_embeding.layers.1.sla1.parallel_adapter.adapters.36.weight
set param.requires_grad = True for domain_embeding.layers.1.sla1.parallel_adapter.adapters.37.weight
set param.requires_grad = True for domain_embeding.layers.1.sla1.parallel_adapter.adapters.38.weight
set param.requires_grad = True for domain_embeding.layers.1.sla1.parallel_adapter.adapters.39.weight
set param.requires_grad = True for domain_embeding.layers.1.sla1.parallel_adapter.adapters.40.weight
set param.requires_grad = True for domain_embeding.layers.1.sla1.parallel_adapter.adapters.41.weight
set param.requires_grad = True for domain_embeding.layers.1.sla1.parallel_adapter.adapters.42.weight
set param.requires_grad = True for domain_embeding.layers.1.sla1.parallel_adapter.adapters.43.weight
set param.requires_grad = True for domain_embeding.layers.1.sla1.parallel_adapter.adapters.44.weight
set param.requires_grad = True for domain_embeding.layers.1.sla1.parallel_adapter.adapters.45.weight
set param.requires_grad = True for domain_embeding.layers.1.sla1.parallel_adapter.adapters.46.weight
set param.requires_grad = True for domain_embeding.layers.1.sla1.parallel_adapter.adapters.47.weight
set param.requires_grad = True for domain_embeding.layers.1.sla1.parallel_adapter.adapters.48.weight
set param.requires_grad = True for domain_embeding.layers.1.sla1.parallel_adapter.adapters.49.weight
set param.requires_grad = True for domain_embeding.layers.1.sla1.parallel_adapter.adapters.50.weight
set param.requires_grad = True for domain_embeding.layers.1.sla1.parallel_adapter.adapters.51.weight
set param.requires_grad = True for domain_embeding.layers.1.sla1.parallel_adapter.adapters.52.weight
set param.requires_grad = True for domain_embeding.layers.1.sla1.parallel_adapter.adapters.53.weight
set param.requires_grad = True for domain_embeding.layers.1.sla1.parallel_adapter.adapters.54.weight
set param.requires_grad = True for domain_embeding.layers.1.sla1.parallel_adapter.adapters.55.weight
set param.requires_grad = True for domain_embeding.layers.1.sla1.parallel_adapter.adapters.56.weight
set param.requires_grad = True for domain_embeding.layers.1.sla1.parallel_adapter.adapters.57.weight
set param.requires_grad = True for domain_embeding.layers.1.sla1.parallel_adapter.adapters.58.weight
set param.requires_grad = True for domain_embeding.layers.1.sla1.parallel_adapter.adapters.59.weight
set param.requires_grad = True for domain_embeding.layers.1.sla1.parallel_adapter.adapters.60.weight
set param.requires_grad = True for domain_embeding.layers.1.sla1.parallel_adapter.adapters.61.weight
set param.requires_grad = True for domain_embeding.layers.1.sla1.parallel_adapter.adapters.62.weight
set param.requires_grad = True for domain_embeding.layers.1.sla1.parallel_adapter.adapters.63.weight
set param.requires_grad = True for domain_embeding.layers.1.sla1.parallel_adapter.adapters.64.weight
set param.requires_grad = True for domain_embeding.layers.1.sla1.parallel_adapter.adapters.65.weight
set param.requires_grad = True for domain_embeding.layers.1.sla1.parallel_adapter.adapters.66.weight
set param.requires_grad = True for domain_embeding.layers.1.sla1.parallel_adapter.adapters.67.weight
set param.requires_grad = True for domain_embeding.layers.1.sla1.parallel_adapter.adapters.68.weight
set param.requires_grad = True for domain_embeding.layers.1.sla1.parallel_adapter.adapters.69.weight
set param.requires_grad = True for domain_embeding.layers.1.sla1.parallel_adapter.adapters.70.weight
set param.requires_grad = True for domain_embeding.layers.1.sla1.parallel_adapter.adapters.71.weight
set param.requires_grad = True for domain_embeding.layers.1.sla1.parallel_adapter.adapters.72.weight
set param.requires_grad = True for domain_embeding.layers.1.sla1.parallel_adapter.adapters.73.weight
set param.requires_grad = True for domain_embeding.layers.1.sla1.parallel_adapter.adapters.74.weight
set param.requires_grad = True for domain_embeding.layers.1.sla1.parallel_adapter.adapters.75.weight
set param.requires_grad = True for domain_embeding.layers.1.sla1.parallel_adapter.adapters.76.weight
set param.requires_grad = True for domain_embeding.layers.1.sla1.parallel_adapter.adapters.77.weight
set param.requires_grad = True for domain_embeding.layers.1.sla1.parallel_adapter.adapters.78.weight
set param.requires_grad = True for domain_embeding.layers.1.sla1.parallel_adapter.adapters.79.weight
set param.requires_grad = True for domain_embeding.layers.1.sla1.parallel_adapter.adapters.80.weight
set param.requires_grad = True for domain_embeding.layers.1.sla1.parallel_adapter.adapters.81.weight
set param.requires_grad = True for domain_embeding.layers.1.sla1.parallel_adapter.adapters.82.weight
set param.requires_grad = True for domain_embeding.layers.1.sla1.parallel_adapter.adapters.83.weight
set param.requires_grad = True for domain_embeding.layers.1.sla1.parallel_adapter.adapters.84.weight
set param.requires_grad = True for domain_embeding.layers.1.sla1.parallel_adapter.adapters.85.weight
set param.requires_grad = True for domain_embeding.layers.1.sla1.parallel_adapter.adapters.86.weight
set param.requires_grad = True for domain_embeding.layers.1.sla1.parallel_adapter.adapters.87.weight
set param.requires_grad = True for domain_embeding.layers.1.sla1.parallel_adapter.adapters.88.weight
set param.requires_grad = True for domain_embeding.layers.1.sla1.parallel_adapter.adapters.89.weight
set param.requires_grad = True for domain_embeding.layers.1.sla1.parallel_adapter.adapters.90.weight
set param.requires_grad = True for domain_embeding.layers.1.sla1.parallel_adapter.adapters.91.weight
set param.requires_grad = True for domain_embeding.layers.1.sla1.parallel_adapter.adapters.92.weight
set param.requires_grad = True for domain_embeding.layers.1.sla1.parallel_adapter.adapters.93.weight
set param.requires_grad = True for domain_embeding.layers.1.sla1.parallel_adapter.adapters.94.weight
set param.requires_grad = True for domain_embeding.layers.1.sla1.parallel_adapter.adapters.95.weight
set param.requires_grad = True for domain_embeding.layers.1.sla1.parallel_adapter.adapters.96.weight
set param.requires_grad = True for domain_embeding.layers.1.sla1.parallel_adapter.adapters.97.weight
set param.requires_grad = True for domain_embeding.layers.1.sla1.parallel_adapter.adapters.98.weight
set param.requires_grad = True for domain_embeding.layers.1.sla1.parallel_adapter.adapters.99.weight
set param.requires_grad = True for domain_embeding.layers.1.sla1.parallel_adapter.adapters.100.weight
set param.requires_grad = True for domain_embeding.layers.1.sla1.parallel_adapter.adapters.101.weight
set param.requires_grad = True for domain_embeding.layers.1.sla1.parallel_adapter.adapters.102.weight
set param.requires_grad = True for domain_embeding.layers.1.sla1.parallel_adapter.adapters.103.weight
set param.requires_grad = True for domain_embeding.layers.1.sla1.parallel_adapter.adapters.104.weight
set param.requires_grad = True for domain_embeding.layers.1.sla1.parallel_adapter.adapters.105.weight
set param.requires_grad = True for domain_embeding.layers.1.sla1.parallel_adapter.adapters.106.weight
set param.requires_grad = True for domain_embeding.layers.1.sla1.parallel_adapter.adapters.107.weight
set param.requires_grad = True for domain_embeding.layers.1.sla1.parallel_adapter.adapters.108.weight
set param.requires_grad = True for domain_embeding.layers.1.sla1.parallel_adapter.adapters.109.weight
set param.requires_grad = True for domain_embeding.layers.1.sla1.parallel_adapter.adapters.110.weight
set param.requires_grad = True for domain_embeding.layers.1.sla1.parallel_adapter.adapters.111.weight
set param.requires_grad = True for domain_embeding.layers.1.sla1.parallel_adapter.adapters.112.weight
set param.requires_grad = True for domain_embeding.layers.1.sla1.parallel_adapter.adapters.113.weight
set param.requires_grad = True for domain_embeding.layers.1.sla1.parallel_adapter.adapters.114.weight
set param.requires_grad = True for domain_embeding.layers.1.sla1.parallel_adapter.adapters.115.weight
set param.requires_grad = True for domain_embeding.layers.1.sla1.parallel_adapter.adapters.116.weight
set param.requires_grad = True for domain_embeding.layers.1.sla1.parallel_adapter.adapters.117.weight
set param.requires_grad = True for domain_embeding.layers.1.sla1.parallel_adapter.adapters.118.weight
set param.requires_grad = True for domain_embeding.layers.1.sla1.parallel_adapter.adapters.119.weight
set param.requires_grad = True for domain_embeding.layers.1.sla1.parallel_adapter.adapters.120.weight
set param.requires_grad = True for domain_embeding.layers.1.sla1.parallel_adapter.adapters.121.weight
set param.requires_grad = True for domain_embeding.layers.1.sla1.parallel_adapter.adapters.122.weight
set param.requires_grad = True for domain_embeding.layers.1.sla1.parallel_adapter.adapters.123.weight
set param.requires_grad = True for domain_embeding.layers.1.sla1.parallel_adapter.adapters.124.weight
set param.requires_grad = True for domain_embeding.layers.1.sla1.parallel_adapter.adapters.125.weight
set param.requires_grad = True for domain_embeding.layers.1.sla1.parallel_adapter.adapters.126.weight
set param.requires_grad = True for domain_embeding.layers.1.sla1.parallel_adapter.adapters.127.weight
set param.requires_grad = True for domain_embeding.layers.1.sla2.linear.weight
set param.requires_grad = True for domain_embeding.layers.1.sla2.bn.weight
set param.requires_grad = True for domain_embeding.layers.1.sla2.bn.bias
set param.requires_grad = True for domain_embeding.layers.1.sla2.parallel_adapter.gate.0.weight
set param.requires_grad = True for domain_embeding.layers.1.sla2.parallel_adapter.adapters.0.weight
set param.requires_grad = True for domain_embeding.layers.1.sla2.parallel_adapter.adapters.1.weight
set param.requires_grad = True for domain_embeding.layers.1.sla2.parallel_adapter.adapters.2.weight
set param.requires_grad = True for domain_embeding.layers.1.sla2.parallel_adapter.adapters.3.weight
set param.requires_grad = True for domain_embeding.layers.1.sla2.parallel_adapter.adapters.4.weight
set param.requires_grad = True for domain_embeding.layers.1.sla2.parallel_adapter.adapters.5.weight
set param.requires_grad = True for domain_embeding.layers.1.sla2.parallel_adapter.adapters.6.weight
set param.requires_grad = True for domain_embeding.layers.1.sla2.parallel_adapter.adapters.7.weight
set param.requires_grad = True for domain_embeding.layers.1.sla2.parallel_adapter.adapters.8.weight
set param.requires_grad = True for domain_embeding.layers.1.sla2.parallel_adapter.adapters.9.weight
set param.requires_grad = True for domain_embeding.layers.1.sla2.parallel_adapter.adapters.10.weight
set param.requires_grad = True for domain_embeding.layers.1.sla2.parallel_adapter.adapters.11.weight
set param.requires_grad = True for domain_embeding.layers.1.sla2.parallel_adapter.adapters.12.weight
set param.requires_grad = True for domain_embeding.layers.1.sla2.parallel_adapter.adapters.13.weight
set param.requires_grad = True for domain_embeding.layers.1.sla2.parallel_adapter.adapters.14.weight
set param.requires_grad = True for domain_embeding.layers.1.sla2.parallel_adapter.adapters.15.weight
set param.requires_grad = True for domain_embeding.layers.1.sla2.parallel_adapter.adapters.16.weight
set param.requires_grad = True for domain_embeding.layers.1.sla2.parallel_adapter.adapters.17.weight
set param.requires_grad = True for domain_embeding.layers.1.sla2.parallel_adapter.adapters.18.weight
set param.requires_grad = True for domain_embeding.layers.1.sla2.parallel_adapter.adapters.19.weight
set param.requires_grad = True for domain_embeding.layers.1.sla2.parallel_adapter.adapters.20.weight
set param.requires_grad = True for domain_embeding.layers.1.sla2.parallel_adapter.adapters.21.weight
set param.requires_grad = True for domain_embeding.layers.1.sla2.parallel_adapter.adapters.22.weight
set param.requires_grad = True for domain_embeding.layers.1.sla2.parallel_adapter.adapters.23.weight
set param.requires_grad = True for domain_embeding.layers.1.sla2.parallel_adapter.adapters.24.weight
set param.requires_grad = True for domain_embeding.layers.1.sla2.parallel_adapter.adapters.25.weight
set param.requires_grad = True for domain_embeding.layers.1.sla2.parallel_adapter.adapters.26.weight
set param.requires_grad = True for domain_embeding.layers.1.sla2.parallel_adapter.adapters.27.weight
set param.requires_grad = True for domain_embeding.layers.1.sla2.parallel_adapter.adapters.28.weight
set param.requires_grad = True for domain_embeding.layers.1.sla2.parallel_adapter.adapters.29.weight
set param.requires_grad = True for domain_embeding.layers.1.sla2.parallel_adapter.adapters.30.weight
set param.requires_grad = True for domain_embeding.layers.1.sla2.parallel_adapter.adapters.31.weight
set param.requires_grad = True for domain_embeding.layers.1.sla2.parallel_adapter.adapters.32.weight
set param.requires_grad = True for domain_embeding.layers.1.sla2.parallel_adapter.adapters.33.weight
set param.requires_grad = True for domain_embeding.layers.1.sla2.parallel_adapter.adapters.34.weight
set param.requires_grad = True for domain_embeding.layers.1.sla2.parallel_adapter.adapters.35.weight
set param.requires_grad = True for domain_embeding.layers.1.sla2.parallel_adapter.adapters.36.weight
set param.requires_grad = True for domain_embeding.layers.1.sla2.parallel_adapter.adapters.37.weight
set param.requires_grad = True for domain_embeding.layers.1.sla2.parallel_adapter.adapters.38.weight
set param.requires_grad = True for domain_embeding.layers.1.sla2.parallel_adapter.adapters.39.weight
set param.requires_grad = True for domain_embeding.layers.1.sla2.parallel_adapter.adapters.40.weight
set param.requires_grad = True for domain_embeding.layers.1.sla2.parallel_adapter.adapters.41.weight
set param.requires_grad = True for domain_embeding.layers.1.sla2.parallel_adapter.adapters.42.weight
set param.requires_grad = True for domain_embeding.layers.1.sla2.parallel_adapter.adapters.43.weight
set param.requires_grad = True for domain_embeding.layers.1.sla2.parallel_adapter.adapters.44.weight
set param.requires_grad = True for domain_embeding.layers.1.sla2.parallel_adapter.adapters.45.weight
set param.requires_grad = True for domain_embeding.layers.1.sla2.parallel_adapter.adapters.46.weight
set param.requires_grad = True for domain_embeding.layers.1.sla2.parallel_adapter.adapters.47.weight
set param.requires_grad = True for domain_embeding.layers.1.sla2.parallel_adapter.adapters.48.weight
set param.requires_grad = True for domain_embeding.layers.1.sla2.parallel_adapter.adapters.49.weight
set param.requires_grad = True for domain_embeding.layers.1.sla2.parallel_adapter.adapters.50.weight
set param.requires_grad = True for domain_embeding.layers.1.sla2.parallel_adapter.adapters.51.weight
set param.requires_grad = True for domain_embeding.layers.1.sla2.parallel_adapter.adapters.52.weight
set param.requires_grad = True for domain_embeding.layers.1.sla2.parallel_adapter.adapters.53.weight
set param.requires_grad = True for domain_embeding.layers.1.sla2.parallel_adapter.adapters.54.weight
set param.requires_grad = True for domain_embeding.layers.1.sla2.parallel_adapter.adapters.55.weight
set param.requires_grad = True for domain_embeding.layers.1.sla2.parallel_adapter.adapters.56.weight
set param.requires_grad = True for domain_embeding.layers.1.sla2.parallel_adapter.adapters.57.weight
set param.requires_grad = True for domain_embeding.layers.1.sla2.parallel_adapter.adapters.58.weight
set param.requires_grad = True for domain_embeding.layers.1.sla2.parallel_adapter.adapters.59.weight
set param.requires_grad = True for domain_embeding.layers.1.sla2.parallel_adapter.adapters.60.weight
set param.requires_grad = True for domain_embeding.layers.1.sla2.parallel_adapter.adapters.61.weight
set param.requires_grad = True for domain_embeding.layers.1.sla2.parallel_adapter.adapters.62.weight
set param.requires_grad = True for domain_embeding.layers.1.sla2.parallel_adapter.adapters.63.weight
set param.requires_grad = True for domain_embeding.layers.1.sla2.parallel_adapter.adapters.64.weight
set param.requires_grad = True for domain_embeding.layers.1.sla2.parallel_adapter.adapters.65.weight
set param.requires_grad = True for domain_embeding.layers.1.sla2.parallel_adapter.adapters.66.weight
set param.requires_grad = True for domain_embeding.layers.1.sla2.parallel_adapter.adapters.67.weight
set param.requires_grad = True for domain_embeding.layers.1.sla2.parallel_adapter.adapters.68.weight
set param.requires_grad = True for domain_embeding.layers.1.sla2.parallel_adapter.adapters.69.weight
set param.requires_grad = True for domain_embeding.layers.1.sla2.parallel_adapter.adapters.70.weight
set param.requires_grad = True for domain_embeding.layers.1.sla2.parallel_adapter.adapters.71.weight
set param.requires_grad = True for domain_embeding.layers.1.sla2.parallel_adapter.adapters.72.weight
set param.requires_grad = True for domain_embeding.layers.1.sla2.parallel_adapter.adapters.73.weight
set param.requires_grad = True for domain_embeding.layers.1.sla2.parallel_adapter.adapters.74.weight
set param.requires_grad = True for domain_embeding.layers.1.sla2.parallel_adapter.adapters.75.weight
set param.requires_grad = True for domain_embeding.layers.1.sla2.parallel_adapter.adapters.76.weight
set param.requires_grad = True for domain_embeding.layers.1.sla2.parallel_adapter.adapters.77.weight
set param.requires_grad = True for domain_embeding.layers.1.sla2.parallel_adapter.adapters.78.weight
set param.requires_grad = True for domain_embeding.layers.1.sla2.parallel_adapter.adapters.79.weight
set param.requires_grad = True for domain_embeding.layers.1.sla2.parallel_adapter.adapters.80.weight
set param.requires_grad = True for domain_embeding.layers.1.sla2.parallel_adapter.adapters.81.weight
set param.requires_grad = True for domain_embeding.layers.1.sla2.parallel_adapter.adapters.82.weight
set param.requires_grad = True for domain_embeding.layers.1.sla2.parallel_adapter.adapters.83.weight
set param.requires_grad = True for domain_embeding.layers.1.sla2.parallel_adapter.adapters.84.weight
set param.requires_grad = True for domain_embeding.layers.1.sla2.parallel_adapter.adapters.85.weight
set param.requires_grad = True for domain_embeding.layers.1.sla2.parallel_adapter.adapters.86.weight
set param.requires_grad = True for domain_embeding.layers.1.sla2.parallel_adapter.adapters.87.weight
set param.requires_grad = True for domain_embeding.layers.1.sla2.parallel_adapter.adapters.88.weight
set param.requires_grad = True for domain_embeding.layers.1.sla2.parallel_adapter.adapters.89.weight
set param.requires_grad = True for domain_embeding.layers.1.sla2.parallel_adapter.adapters.90.weight
set param.requires_grad = True for domain_embeding.layers.1.sla2.parallel_adapter.adapters.91.weight
set param.requires_grad = True for domain_embeding.layers.1.sla2.parallel_adapter.adapters.92.weight
set param.requires_grad = True for domain_embeding.layers.1.sla2.parallel_adapter.adapters.93.weight
set param.requires_grad = True for domain_embeding.layers.1.sla2.parallel_adapter.adapters.94.weight
set param.requires_grad = True for domain_embeding.layers.1.sla2.parallel_adapter.adapters.95.weight
set param.requires_grad = True for domain_embeding.layers.1.sla2.parallel_adapter.adapters.96.weight
set param.requires_grad = True for domain_embeding.layers.1.sla2.parallel_adapter.adapters.97.weight
set param.requires_grad = True for domain_embeding.layers.1.sla2.parallel_adapter.adapters.98.weight
set param.requires_grad = True for domain_embeding.layers.1.sla2.parallel_adapter.adapters.99.weight
set param.requires_grad = True for domain_embeding.layers.1.sla2.parallel_adapter.adapters.100.weight
set param.requires_grad = True for domain_embeding.layers.1.sla2.parallel_adapter.adapters.101.weight
set param.requires_grad = True for domain_embeding.layers.1.sla2.parallel_adapter.adapters.102.weight
set param.requires_grad = True for domain_embeding.layers.1.sla2.parallel_adapter.adapters.103.weight
set param.requires_grad = True for domain_embeding.layers.1.sla2.parallel_adapter.adapters.104.weight
set param.requires_grad = True for domain_embeding.layers.1.sla2.parallel_adapter.adapters.105.weight
set param.requires_grad = True for domain_embeding.layers.1.sla2.parallel_adapter.adapters.106.weight
set param.requires_grad = True for domain_embeding.layers.1.sla2.parallel_adapter.adapters.107.weight
set param.requires_grad = True for domain_embeding.layers.1.sla2.parallel_adapter.adapters.108.weight
set param.requires_grad = True for domain_embeding.layers.1.sla2.parallel_adapter.adapters.109.weight
set param.requires_grad = True for domain_embeding.layers.1.sla2.parallel_adapter.adapters.110.weight
set param.requires_grad = True for domain_embeding.layers.1.sla2.parallel_adapter.adapters.111.weight
set param.requires_grad = True for domain_embeding.layers.1.sla2.parallel_adapter.adapters.112.weight
set param.requires_grad = True for domain_embeding.layers.1.sla2.parallel_adapter.adapters.113.weight
set param.requires_grad = True for domain_embeding.layers.1.sla2.parallel_adapter.adapters.114.weight
set param.requires_grad = True for domain_embeding.layers.1.sla2.parallel_adapter.adapters.115.weight
set param.requires_grad = True for domain_embeding.layers.1.sla2.parallel_adapter.adapters.116.weight
set param.requires_grad = True for domain_embeding.layers.1.sla2.parallel_adapter.adapters.117.weight
set param.requires_grad = True for domain_embeding.layers.1.sla2.parallel_adapter.adapters.118.weight
set param.requires_grad = True for domain_embeding.layers.1.sla2.parallel_adapter.adapters.119.weight
set param.requires_grad = True for domain_embeding.layers.1.sla2.parallel_adapter.adapters.120.weight
set param.requires_grad = True for domain_embeding.layers.1.sla2.parallel_adapter.adapters.121.weight
set param.requires_grad = True for domain_embeding.layers.1.sla2.parallel_adapter.adapters.122.weight
set param.requires_grad = True for domain_embeding.layers.1.sla2.parallel_adapter.adapters.123.weight
set param.requires_grad = True for domain_embeding.layers.1.sla2.parallel_adapter.adapters.124.weight
set param.requires_grad = True for domain_embeding.layers.1.sla2.parallel_adapter.adapters.125.weight
set param.requires_grad = True for domain_embeding.layers.1.sla2.parallel_adapter.adapters.126.weight
set param.requires_grad = True for domain_embeding.layers.1.sla2.parallel_adapter.adapters.127.weight
set param.requires_grad = True for domain_embeding.layers.2.sla1.linear.weight
set param.requires_grad = True for domain_embeding.layers.2.sla1.bn.weight
set param.requires_grad = True for domain_embeding.layers.2.sla1.bn.bias
set param.requires_grad = True for domain_embeding.layers.2.sla1.parallel_adapter.gate.0.weight
set param.requires_grad = True for domain_embeding.layers.2.sla1.parallel_adapter.adapters.0.weight
set param.requires_grad = True for domain_embeding.layers.2.sla1.parallel_adapter.adapters.1.weight
set param.requires_grad = True for domain_embeding.layers.2.sla1.parallel_adapter.adapters.2.weight
set param.requires_grad = True for domain_embeding.layers.2.sla1.parallel_adapter.adapters.3.weight
set param.requires_grad = True for domain_embeding.layers.2.sla1.parallel_adapter.adapters.4.weight
set param.requires_grad = True for domain_embeding.layers.2.sla1.parallel_adapter.adapters.5.weight
set param.requires_grad = True for domain_embeding.layers.2.sla1.parallel_adapter.adapters.6.weight
set param.requires_grad = True for domain_embeding.layers.2.sla1.parallel_adapter.adapters.7.weight
set param.requires_grad = True for domain_embeding.layers.2.sla1.parallel_adapter.adapters.8.weight
set param.requires_grad = True for domain_embeding.layers.2.sla1.parallel_adapter.adapters.9.weight
set param.requires_grad = True for domain_embeding.layers.2.sla1.parallel_adapter.adapters.10.weight
set param.requires_grad = True for domain_embeding.layers.2.sla1.parallel_adapter.adapters.11.weight
set param.requires_grad = True for domain_embeding.layers.2.sla1.parallel_adapter.adapters.12.weight
set param.requires_grad = True for domain_embeding.layers.2.sla1.parallel_adapter.adapters.13.weight
set param.requires_grad = True for domain_embeding.layers.2.sla1.parallel_adapter.adapters.14.weight
set param.requires_grad = True for domain_embeding.layers.2.sla1.parallel_adapter.adapters.15.weight
set param.requires_grad = True for domain_embeding.layers.2.sla1.parallel_adapter.adapters.16.weight
set param.requires_grad = True for domain_embeding.layers.2.sla1.parallel_adapter.adapters.17.weight
set param.requires_grad = True for domain_embeding.layers.2.sla1.parallel_adapter.adapters.18.weight
set param.requires_grad = True for domain_embeding.layers.2.sla1.parallel_adapter.adapters.19.weight
set param.requires_grad = True for domain_embeding.layers.2.sla1.parallel_adapter.adapters.20.weight
set param.requires_grad = True for domain_embeding.layers.2.sla1.parallel_adapter.adapters.21.weight
set param.requires_grad = True for domain_embeding.layers.2.sla1.parallel_adapter.adapters.22.weight
set param.requires_grad = True for domain_embeding.layers.2.sla1.parallel_adapter.adapters.23.weight
set param.requires_grad = True for domain_embeding.layers.2.sla1.parallel_adapter.adapters.24.weight
set param.requires_grad = True for domain_embeding.layers.2.sla1.parallel_adapter.adapters.25.weight
set param.requires_grad = True for domain_embeding.layers.2.sla1.parallel_adapter.adapters.26.weight
set param.requires_grad = True for domain_embeding.layers.2.sla1.parallel_adapter.adapters.27.weight
set param.requires_grad = True for domain_embeding.layers.2.sla1.parallel_adapter.adapters.28.weight
set param.requires_grad = True for domain_embeding.layers.2.sla1.parallel_adapter.adapters.29.weight
set param.requires_grad = True for domain_embeding.layers.2.sla1.parallel_adapter.adapters.30.weight
set param.requires_grad = True for domain_embeding.layers.2.sla1.parallel_adapter.adapters.31.weight
set param.requires_grad = True for domain_embeding.layers.2.sla1.parallel_adapter.adapters.32.weight
set param.requires_grad = True for domain_embeding.layers.2.sla1.parallel_adapter.adapters.33.weight
set param.requires_grad = True for domain_embeding.layers.2.sla1.parallel_adapter.adapters.34.weight
set param.requires_grad = True for domain_embeding.layers.2.sla1.parallel_adapter.adapters.35.weight
set param.requires_grad = True for domain_embeding.layers.2.sla1.parallel_adapter.adapters.36.weight
set param.requires_grad = True for domain_embeding.layers.2.sla1.parallel_adapter.adapters.37.weight
set param.requires_grad = True for domain_embeding.layers.2.sla1.parallel_adapter.adapters.38.weight
set param.requires_grad = True for domain_embeding.layers.2.sla1.parallel_adapter.adapters.39.weight
set param.requires_grad = True for domain_embeding.layers.2.sla1.parallel_adapter.adapters.40.weight
set param.requires_grad = True for domain_embeding.layers.2.sla1.parallel_adapter.adapters.41.weight
set param.requires_grad = True for domain_embeding.layers.2.sla1.parallel_adapter.adapters.42.weight
set param.requires_grad = True for domain_embeding.layers.2.sla1.parallel_adapter.adapters.43.weight
set param.requires_grad = True for domain_embeding.layers.2.sla1.parallel_adapter.adapters.44.weight
set param.requires_grad = True for domain_embeding.layers.2.sla1.parallel_adapter.adapters.45.weight
set param.requires_grad = True for domain_embeding.layers.2.sla1.parallel_adapter.adapters.46.weight
set param.requires_grad = True for domain_embeding.layers.2.sla1.parallel_adapter.adapters.47.weight
set param.requires_grad = True for domain_embeding.layers.2.sla1.parallel_adapter.adapters.48.weight
set param.requires_grad = True for domain_embeding.layers.2.sla1.parallel_adapter.adapters.49.weight
set param.requires_grad = True for domain_embeding.layers.2.sla1.parallel_adapter.adapters.50.weight
set param.requires_grad = True for domain_embeding.layers.2.sla1.parallel_adapter.adapters.51.weight
set param.requires_grad = True for domain_embeding.layers.2.sla1.parallel_adapter.adapters.52.weight
set param.requires_grad = True for domain_embeding.layers.2.sla1.parallel_adapter.adapters.53.weight
set param.requires_grad = True for domain_embeding.layers.2.sla1.parallel_adapter.adapters.54.weight
set param.requires_grad = True for domain_embeding.layers.2.sla1.parallel_adapter.adapters.55.weight
set param.requires_grad = True for domain_embeding.layers.2.sla1.parallel_adapter.adapters.56.weight
set param.requires_grad = True for domain_embeding.layers.2.sla1.parallel_adapter.adapters.57.weight
set param.requires_grad = True for domain_embeding.layers.2.sla1.parallel_adapter.adapters.58.weight
set param.requires_grad = True for domain_embeding.layers.2.sla1.parallel_adapter.adapters.59.weight
set param.requires_grad = True for domain_embeding.layers.2.sla1.parallel_adapter.adapters.60.weight
set param.requires_grad = True for domain_embeding.layers.2.sla1.parallel_adapter.adapters.61.weight
set param.requires_grad = True for domain_embeding.layers.2.sla1.parallel_adapter.adapters.62.weight
set param.requires_grad = True for domain_embeding.layers.2.sla1.parallel_adapter.adapters.63.weight
set param.requires_grad = True for domain_embeding.layers.2.sla1.parallel_adapter.adapters.64.weight
set param.requires_grad = True for domain_embeding.layers.2.sla1.parallel_adapter.adapters.65.weight
set param.requires_grad = True for domain_embeding.layers.2.sla1.parallel_adapter.adapters.66.weight
set param.requires_grad = True for domain_embeding.layers.2.sla1.parallel_adapter.adapters.67.weight
set param.requires_grad = True for domain_embeding.layers.2.sla1.parallel_adapter.adapters.68.weight
set param.requires_grad = True for domain_embeding.layers.2.sla1.parallel_adapter.adapters.69.weight
set param.requires_grad = True for domain_embeding.layers.2.sla1.parallel_adapter.adapters.70.weight
set param.requires_grad = True for domain_embeding.layers.2.sla1.parallel_adapter.adapters.71.weight
set param.requires_grad = True for domain_embeding.layers.2.sla1.parallel_adapter.adapters.72.weight
set param.requires_grad = True for domain_embeding.layers.2.sla1.parallel_adapter.adapters.73.weight
set param.requires_grad = True for domain_embeding.layers.2.sla1.parallel_adapter.adapters.74.weight
set param.requires_grad = True for domain_embeding.layers.2.sla1.parallel_adapter.adapters.75.weight
set param.requires_grad = True for domain_embeding.layers.2.sla1.parallel_adapter.adapters.76.weight
set param.requires_grad = True for domain_embeding.layers.2.sla1.parallel_adapter.adapters.77.weight
set param.requires_grad = True for domain_embeding.layers.2.sla1.parallel_adapter.adapters.78.weight
set param.requires_grad = True for domain_embeding.layers.2.sla1.parallel_adapter.adapters.79.weight
set param.requires_grad = True for domain_embeding.layers.2.sla1.parallel_adapter.adapters.80.weight
set param.requires_grad = True for domain_embeding.layers.2.sla1.parallel_adapter.adapters.81.weight
set param.requires_grad = True for domain_embeding.layers.2.sla1.parallel_adapter.adapters.82.weight
set param.requires_grad = True for domain_embeding.layers.2.sla1.parallel_adapter.adapters.83.weight
set param.requires_grad = True for domain_embeding.layers.2.sla1.parallel_adapter.adapters.84.weight
set param.requires_grad = True for domain_embeding.layers.2.sla1.parallel_adapter.adapters.85.weight
set param.requires_grad = True for domain_embeding.layers.2.sla1.parallel_adapter.adapters.86.weight
set param.requires_grad = True for domain_embeding.layers.2.sla1.parallel_adapter.adapters.87.weight
set param.requires_grad = True for domain_embeding.layers.2.sla1.parallel_adapter.adapters.88.weight
set param.requires_grad = True for domain_embeding.layers.2.sla1.parallel_adapter.adapters.89.weight
set param.requires_grad = True for domain_embeding.layers.2.sla1.parallel_adapter.adapters.90.weight
set param.requires_grad = True for domain_embeding.layers.2.sla1.parallel_adapter.adapters.91.weight
set param.requires_grad = True for domain_embeding.layers.2.sla1.parallel_adapter.adapters.92.weight
set param.requires_grad = True for domain_embeding.layers.2.sla1.parallel_adapter.adapters.93.weight
set param.requires_grad = True for domain_embeding.layers.2.sla1.parallel_adapter.adapters.94.weight
set param.requires_grad = True for domain_embeding.layers.2.sla1.parallel_adapter.adapters.95.weight
set param.requires_grad = True for domain_embeding.layers.2.sla1.parallel_adapter.adapters.96.weight
set param.requires_grad = True for domain_embeding.layers.2.sla1.parallel_adapter.adapters.97.weight
set param.requires_grad = True for domain_embeding.layers.2.sla1.parallel_adapter.adapters.98.weight
set param.requires_grad = True for domain_embeding.layers.2.sla1.parallel_adapter.adapters.99.weight
set param.requires_grad = True for domain_embeding.layers.2.sla1.parallel_adapter.adapters.100.weight
set param.requires_grad = True for domain_embeding.layers.2.sla1.parallel_adapter.adapters.101.weight
set param.requires_grad = True for domain_embeding.layers.2.sla1.parallel_adapter.adapters.102.weight
set param.requires_grad = True for domain_embeding.layers.2.sla1.parallel_adapter.adapters.103.weight
set param.requires_grad = True for domain_embeding.layers.2.sla1.parallel_adapter.adapters.104.weight
set param.requires_grad = True for domain_embeding.layers.2.sla1.parallel_adapter.adapters.105.weight
set param.requires_grad = True for domain_embeding.layers.2.sla1.parallel_adapter.adapters.106.weight
set param.requires_grad = True for domain_embeding.layers.2.sla1.parallel_adapter.adapters.107.weight
set param.requires_grad = True for domain_embeding.layers.2.sla1.parallel_adapter.adapters.108.weight
set param.requires_grad = True for domain_embeding.layers.2.sla1.parallel_adapter.adapters.109.weight
set param.requires_grad = True for domain_embeding.layers.2.sla1.parallel_adapter.adapters.110.weight
set param.requires_grad = True for domain_embeding.layers.2.sla1.parallel_adapter.adapters.111.weight
set param.requires_grad = True for domain_embeding.layers.2.sla1.parallel_adapter.adapters.112.weight
set param.requires_grad = True for domain_embeding.layers.2.sla1.parallel_adapter.adapters.113.weight
set param.requires_grad = True for domain_embeding.layers.2.sla1.parallel_adapter.adapters.114.weight
set param.requires_grad = True for domain_embeding.layers.2.sla1.parallel_adapter.adapters.115.weight
set param.requires_grad = True for domain_embeding.layers.2.sla1.parallel_adapter.adapters.116.weight
set param.requires_grad = True for domain_embeding.layers.2.sla1.parallel_adapter.adapters.117.weight
set param.requires_grad = True for domain_embeding.layers.2.sla1.parallel_adapter.adapters.118.weight
set param.requires_grad = True for domain_embeding.layers.2.sla1.parallel_adapter.adapters.119.weight
set param.requires_grad = True for domain_embeding.layers.2.sla1.parallel_adapter.adapters.120.weight
set param.requires_grad = True for domain_embeding.layers.2.sla1.parallel_adapter.adapters.121.weight
set param.requires_grad = True for domain_embeding.layers.2.sla1.parallel_adapter.adapters.122.weight
set param.requires_grad = True for domain_embeding.layers.2.sla1.parallel_adapter.adapters.123.weight
set param.requires_grad = True for domain_embeding.layers.2.sla1.parallel_adapter.adapters.124.weight
set param.requires_grad = True for domain_embeding.layers.2.sla1.parallel_adapter.adapters.125.weight
set param.requires_grad = True for domain_embeding.layers.2.sla1.parallel_adapter.adapters.126.weight
set param.requires_grad = True for domain_embeding.layers.2.sla1.parallel_adapter.adapters.127.weight
set param.requires_grad = True for domain_embeding.layers.2.sla2.linear.weight
set param.requires_grad = True for domain_embeding.layers.2.sla2.bn.weight
set param.requires_grad = True for domain_embeding.layers.2.sla2.bn.bias
set param.requires_grad = True for domain_embeding.layers.2.sla2.parallel_adapter.gate.0.weight
set param.requires_grad = True for domain_embeding.layers.2.sla2.parallel_adapter.adapters.0.weight
set param.requires_grad = True for domain_embeding.layers.2.sla2.parallel_adapter.adapters.1.weight
set param.requires_grad = True for domain_embeding.layers.2.sla2.parallel_adapter.adapters.2.weight
set param.requires_grad = True for domain_embeding.layers.2.sla2.parallel_adapter.adapters.3.weight
set param.requires_grad = True for domain_embeding.layers.2.sla2.parallel_adapter.adapters.4.weight
set param.requires_grad = True for domain_embeding.layers.2.sla2.parallel_adapter.adapters.5.weight
set param.requires_grad = True for domain_embeding.layers.2.sla2.parallel_adapter.adapters.6.weight
set param.requires_grad = True for domain_embeding.layers.2.sla2.parallel_adapter.adapters.7.weight
set param.requires_grad = True for domain_embeding.layers.2.sla2.parallel_adapter.adapters.8.weight
set param.requires_grad = True for domain_embeding.layers.2.sla2.parallel_adapter.adapters.9.weight
set param.requires_grad = True for domain_embeding.layers.2.sla2.parallel_adapter.adapters.10.weight
set param.requires_grad = True for domain_embeding.layers.2.sla2.parallel_adapter.adapters.11.weight
set param.requires_grad = True for domain_embeding.layers.2.sla2.parallel_adapter.adapters.12.weight
set param.requires_grad = True for domain_embeding.layers.2.sla2.parallel_adapter.adapters.13.weight
set param.requires_grad = True for domain_embeding.layers.2.sla2.parallel_adapter.adapters.14.weight
set param.requires_grad = True for domain_embeding.layers.2.sla2.parallel_adapter.adapters.15.weight
set param.requires_grad = True for domain_embeding.layers.2.sla2.parallel_adapter.adapters.16.weight
set param.requires_grad = True for domain_embeding.layers.2.sla2.parallel_adapter.adapters.17.weight
set param.requires_grad = True for domain_embeding.layers.2.sla2.parallel_adapter.adapters.18.weight
set param.requires_grad = True for domain_embeding.layers.2.sla2.parallel_adapter.adapters.19.weight
set param.requires_grad = True for domain_embeding.layers.2.sla2.parallel_adapter.adapters.20.weight
set param.requires_grad = True for domain_embeding.layers.2.sla2.parallel_adapter.adapters.21.weight
set param.requires_grad = True for domain_embeding.layers.2.sla2.parallel_adapter.adapters.22.weight
set param.requires_grad = True for domain_embeding.layers.2.sla2.parallel_adapter.adapters.23.weight
set param.requires_grad = True for domain_embeding.layers.2.sla2.parallel_adapter.adapters.24.weight
set param.requires_grad = True for domain_embeding.layers.2.sla2.parallel_adapter.adapters.25.weight
set param.requires_grad = True for domain_embeding.layers.2.sla2.parallel_adapter.adapters.26.weight
set param.requires_grad = True for domain_embeding.layers.2.sla2.parallel_adapter.adapters.27.weight
set param.requires_grad = True for domain_embeding.layers.2.sla2.parallel_adapter.adapters.28.weight
set param.requires_grad = True for domain_embeding.layers.2.sla2.parallel_adapter.adapters.29.weight
set param.requires_grad = True for domain_embeding.layers.2.sla2.parallel_adapter.adapters.30.weight
set param.requires_grad = True for domain_embeding.layers.2.sla2.parallel_adapter.adapters.31.weight
set param.requires_grad = True for domain_embeding.layers.2.sla2.parallel_adapter.adapters.32.weight
set param.requires_grad = True for domain_embeding.layers.2.sla2.parallel_adapter.adapters.33.weight
set param.requires_grad = True for domain_embeding.layers.2.sla2.parallel_adapter.adapters.34.weight
set param.requires_grad = True for domain_embeding.layers.2.sla2.parallel_adapter.adapters.35.weight
set param.requires_grad = True for domain_embeding.layers.2.sla2.parallel_adapter.adapters.36.weight
set param.requires_grad = True for domain_embeding.layers.2.sla2.parallel_adapter.adapters.37.weight
set param.requires_grad = True for domain_embeding.layers.2.sla2.parallel_adapter.adapters.38.weight
set param.requires_grad = True for domain_embeding.layers.2.sla2.parallel_adapter.adapters.39.weight
set param.requires_grad = True for domain_embeding.layers.2.sla2.parallel_adapter.adapters.40.weight
set param.requires_grad = True for domain_embeding.layers.2.sla2.parallel_adapter.adapters.41.weight
set param.requires_grad = True for domain_embeding.layers.2.sla2.parallel_adapter.adapters.42.weight
set param.requires_grad = True for domain_embeding.layers.2.sla2.parallel_adapter.adapters.43.weight
set param.requires_grad = True for domain_embeding.layers.2.sla2.parallel_adapter.adapters.44.weight
set param.requires_grad = True for domain_embeding.layers.2.sla2.parallel_adapter.adapters.45.weight
set param.requires_grad = True for domain_embeding.layers.2.sla2.parallel_adapter.adapters.46.weight
set param.requires_grad = True for domain_embeding.layers.2.sla2.parallel_adapter.adapters.47.weight
set param.requires_grad = True for domain_embeding.layers.2.sla2.parallel_adapter.adapters.48.weight
set param.requires_grad = True for domain_embeding.layers.2.sla2.parallel_adapter.adapters.49.weight
set param.requires_grad = True for domain_embeding.layers.2.sla2.parallel_adapter.adapters.50.weight
set param.requires_grad = True for domain_embeding.layers.2.sla2.parallel_adapter.adapters.51.weight
set param.requires_grad = True for domain_embeding.layers.2.sla2.parallel_adapter.adapters.52.weight
set param.requires_grad = True for domain_embeding.layers.2.sla2.parallel_adapter.adapters.53.weight
set param.requires_grad = True for domain_embeding.layers.2.sla2.parallel_adapter.adapters.54.weight
set param.requires_grad = True for domain_embeding.layers.2.sla2.parallel_adapter.adapters.55.weight
set param.requires_grad = True for domain_embeding.layers.2.sla2.parallel_adapter.adapters.56.weight
set param.requires_grad = True for domain_embeding.layers.2.sla2.parallel_adapter.adapters.57.weight
set param.requires_grad = True for domain_embeding.layers.2.sla2.parallel_adapter.adapters.58.weight
set param.requires_grad = True for domain_embeding.layers.2.sla2.parallel_adapter.adapters.59.weight
set param.requires_grad = True for domain_embeding.layers.2.sla2.parallel_adapter.adapters.60.weight
set param.requires_grad = True for domain_embeding.layers.2.sla2.parallel_adapter.adapters.61.weight
set param.requires_grad = True for domain_embeding.layers.2.sla2.parallel_adapter.adapters.62.weight
set param.requires_grad = True for domain_embeding.layers.2.sla2.parallel_adapter.adapters.63.weight
set param.requires_grad = True for domain_embeding.layers.2.sla2.parallel_adapter.adapters.64.weight
set param.requires_grad = True for domain_embeding.layers.2.sla2.parallel_adapter.adapters.65.weight
set param.requires_grad = True for domain_embeding.layers.2.sla2.parallel_adapter.adapters.66.weight
set param.requires_grad = True for domain_embeding.layers.2.sla2.parallel_adapter.adapters.67.weight
set param.requires_grad = True for domain_embeding.layers.2.sla2.parallel_adapter.adapters.68.weight
set param.requires_grad = True for domain_embeding.layers.2.sla2.parallel_adapter.adapters.69.weight
set param.requires_grad = True for domain_embeding.layers.2.sla2.parallel_adapter.adapters.70.weight
set param.requires_grad = True for domain_embeding.layers.2.sla2.parallel_adapter.adapters.71.weight
set param.requires_grad = True for domain_embeding.layers.2.sla2.parallel_adapter.adapters.72.weight
set param.requires_grad = True for domain_embeding.layers.2.sla2.parallel_adapter.adapters.73.weight
set param.requires_grad = True for domain_embeding.layers.2.sla2.parallel_adapter.adapters.74.weight
set param.requires_grad = True for domain_embeding.layers.2.sla2.parallel_adapter.adapters.75.weight
set param.requires_grad = True for domain_embeding.layers.2.sla2.parallel_adapter.adapters.76.weight
set param.requires_grad = True for domain_embeding.layers.2.sla2.parallel_adapter.adapters.77.weight
set param.requires_grad = True for domain_embeding.layers.2.sla2.parallel_adapter.adapters.78.weight
set param.requires_grad = True for domain_embeding.layers.2.sla2.parallel_adapter.adapters.79.weight
set param.requires_grad = True for domain_embeding.layers.2.sla2.parallel_adapter.adapters.80.weight
set param.requires_grad = True for domain_embeding.layers.2.sla2.parallel_adapter.adapters.81.weight
set param.requires_grad = True for domain_embeding.layers.2.sla2.parallel_adapter.adapters.82.weight
set param.requires_grad = True for domain_embeding.layers.2.sla2.parallel_adapter.adapters.83.weight
set param.requires_grad = True for domain_embeding.layers.2.sla2.parallel_adapter.adapters.84.weight
set param.requires_grad = True for domain_embeding.layers.2.sla2.parallel_adapter.adapters.85.weight
set param.requires_grad = True for domain_embeding.layers.2.sla2.parallel_adapter.adapters.86.weight
set param.requires_grad = True for domain_embeding.layers.2.sla2.parallel_adapter.adapters.87.weight
set param.requires_grad = True for domain_embeding.layers.2.sla2.parallel_adapter.adapters.88.weight
set param.requires_grad = True for domain_embeding.layers.2.sla2.parallel_adapter.adapters.89.weight
set param.requires_grad = True for domain_embeding.layers.2.sla2.parallel_adapter.adapters.90.weight
set param.requires_grad = True for domain_embeding.layers.2.sla2.parallel_adapter.adapters.91.weight
set param.requires_grad = True for domain_embeding.layers.2.sla2.parallel_adapter.adapters.92.weight
set param.requires_grad = True for domain_embeding.layers.2.sla2.parallel_adapter.adapters.93.weight
set param.requires_grad = True for domain_embeding.layers.2.sla2.parallel_adapter.adapters.94.weight
set param.requires_grad = True for domain_embeding.layers.2.sla2.parallel_adapter.adapters.95.weight
set param.requires_grad = True for domain_embeding.layers.2.sla2.parallel_adapter.adapters.96.weight
set param.requires_grad = True for domain_embeding.layers.2.sla2.parallel_adapter.adapters.97.weight
set param.requires_grad = True for domain_embeding.layers.2.sla2.parallel_adapter.adapters.98.weight
set param.requires_grad = True for domain_embeding.layers.2.sla2.parallel_adapter.adapters.99.weight
set param.requires_grad = True for domain_embeding.layers.2.sla2.parallel_adapter.adapters.100.weight
set param.requires_grad = True for domain_embeding.layers.2.sla2.parallel_adapter.adapters.101.weight
set param.requires_grad = True for domain_embeding.layers.2.sla2.parallel_adapter.adapters.102.weight
set param.requires_grad = True for domain_embeding.layers.2.sla2.parallel_adapter.adapters.103.weight
set param.requires_grad = True for domain_embeding.layers.2.sla2.parallel_adapter.adapters.104.weight
set param.requires_grad = True for domain_embeding.layers.2.sla2.parallel_adapter.adapters.105.weight
set param.requires_grad = True for domain_embeding.layers.2.sla2.parallel_adapter.adapters.106.weight
set param.requires_grad = True for domain_embeding.layers.2.sla2.parallel_adapter.adapters.107.weight
set param.requires_grad = True for domain_embeding.layers.2.sla2.parallel_adapter.adapters.108.weight
set param.requires_grad = True for domain_embeding.layers.2.sla2.parallel_adapter.adapters.109.weight
set param.requires_grad = True for domain_embeding.layers.2.sla2.parallel_adapter.adapters.110.weight
set param.requires_grad = True for domain_embeding.layers.2.sla2.parallel_adapter.adapters.111.weight
set param.requires_grad = True for domain_embeding.layers.2.sla2.parallel_adapter.adapters.112.weight
set param.requires_grad = True for domain_embeding.layers.2.sla2.parallel_adapter.adapters.113.weight
set param.requires_grad = True for domain_embeding.layers.2.sla2.parallel_adapter.adapters.114.weight
set param.requires_grad = True for domain_embeding.layers.2.sla2.parallel_adapter.adapters.115.weight
set param.requires_grad = True for domain_embeding.layers.2.sla2.parallel_adapter.adapters.116.weight
set param.requires_grad = True for domain_embeding.layers.2.sla2.parallel_adapter.adapters.117.weight
set param.requires_grad = True for domain_embeding.layers.2.sla2.parallel_adapter.adapters.118.weight
set param.requires_grad = True for domain_embeding.layers.2.sla2.parallel_adapter.adapters.119.weight
set param.requires_grad = True for domain_embeding.layers.2.sla2.parallel_adapter.adapters.120.weight
set param.requires_grad = True for domain_embeding.layers.2.sla2.parallel_adapter.adapters.121.weight
set param.requires_grad = True for domain_embeding.layers.2.sla2.parallel_adapter.adapters.122.weight
set param.requires_grad = True for domain_embeding.layers.2.sla2.parallel_adapter.adapters.123.weight
set param.requires_grad = True for domain_embeding.layers.2.sla2.parallel_adapter.adapters.124.weight
set param.requires_grad = True for domain_embeding.layers.2.sla2.parallel_adapter.adapters.125.weight
set param.requires_grad = True for domain_embeding.layers.2.sla2.parallel_adapter.adapters.126.weight
set param.requires_grad = True for domain_embeding.layers.2.sla2.parallel_adapter.adapters.127.weight
set param.requires_grad = True for domain_embeding.layers.3.sla1.linear.weight
set param.requires_grad = True for domain_embeding.layers.3.sla1.bn.weight
set param.requires_grad = True for domain_embeding.layers.3.sla1.bn.bias
set param.requires_grad = True for domain_embeding.layers.3.sla1.parallel_adapter.gate.0.weight
set param.requires_grad = True for domain_embeding.layers.3.sla1.parallel_adapter.adapters.0.weight
set param.requires_grad = True for domain_embeding.layers.3.sla1.parallel_adapter.adapters.1.weight
set param.requires_grad = True for domain_embeding.layers.3.sla1.parallel_adapter.adapters.2.weight
set param.requires_grad = True for domain_embeding.layers.3.sla1.parallel_adapter.adapters.3.weight
set param.requires_grad = True for domain_embeding.layers.3.sla1.parallel_adapter.adapters.4.weight
set param.requires_grad = True for domain_embeding.layers.3.sla1.parallel_adapter.adapters.5.weight
set param.requires_grad = True for domain_embeding.layers.3.sla1.parallel_adapter.adapters.6.weight
set param.requires_grad = True for domain_embeding.layers.3.sla1.parallel_adapter.adapters.7.weight
set param.requires_grad = True for domain_embeding.layers.3.sla1.parallel_adapter.adapters.8.weight
set param.requires_grad = True for domain_embeding.layers.3.sla1.parallel_adapter.adapters.9.weight
set param.requires_grad = True for domain_embeding.layers.3.sla1.parallel_adapter.adapters.10.weight
set param.requires_grad = True for domain_embeding.layers.3.sla1.parallel_adapter.adapters.11.weight
set param.requires_grad = True for domain_embeding.layers.3.sla1.parallel_adapter.adapters.12.weight
set param.requires_grad = True for domain_embeding.layers.3.sla1.parallel_adapter.adapters.13.weight
set param.requires_grad = True for domain_embeding.layers.3.sla1.parallel_adapter.adapters.14.weight
set param.requires_grad = True for domain_embeding.layers.3.sla1.parallel_adapter.adapters.15.weight
set param.requires_grad = True for domain_embeding.layers.3.sla1.parallel_adapter.adapters.16.weight
set param.requires_grad = True for domain_embeding.layers.3.sla1.parallel_adapter.adapters.17.weight
set param.requires_grad = True for domain_embeding.layers.3.sla1.parallel_adapter.adapters.18.weight
set param.requires_grad = True for domain_embeding.layers.3.sla1.parallel_adapter.adapters.19.weight
set param.requires_grad = True for domain_embeding.layers.3.sla1.parallel_adapter.adapters.20.weight
set param.requires_grad = True for domain_embeding.layers.3.sla1.parallel_adapter.adapters.21.weight
set param.requires_grad = True for domain_embeding.layers.3.sla1.parallel_adapter.adapters.22.weight
set param.requires_grad = True for domain_embeding.layers.3.sla1.parallel_adapter.adapters.23.weight
set param.requires_grad = True for domain_embeding.layers.3.sla1.parallel_adapter.adapters.24.weight
set param.requires_grad = True for domain_embeding.layers.3.sla1.parallel_adapter.adapters.25.weight
set param.requires_grad = True for domain_embeding.layers.3.sla1.parallel_adapter.adapters.26.weight
set param.requires_grad = True for domain_embeding.layers.3.sla1.parallel_adapter.adapters.27.weight
set param.requires_grad = True for domain_embeding.layers.3.sla1.parallel_adapter.adapters.28.weight
set param.requires_grad = True for domain_embeding.layers.3.sla1.parallel_adapter.adapters.29.weight
set param.requires_grad = True for domain_embeding.layers.3.sla1.parallel_adapter.adapters.30.weight
set param.requires_grad = True for domain_embeding.layers.3.sla1.parallel_adapter.adapters.31.weight
set param.requires_grad = True for domain_embeding.layers.3.sla1.parallel_adapter.adapters.32.weight
set param.requires_grad = True for domain_embeding.layers.3.sla1.parallel_adapter.adapters.33.weight
set param.requires_grad = True for domain_embeding.layers.3.sla1.parallel_adapter.adapters.34.weight
set param.requires_grad = True for domain_embeding.layers.3.sla1.parallel_adapter.adapters.35.weight
set param.requires_grad = True for domain_embeding.layers.3.sla1.parallel_adapter.adapters.36.weight
set param.requires_grad = True for domain_embeding.layers.3.sla1.parallel_adapter.adapters.37.weight
set param.requires_grad = True for domain_embeding.layers.3.sla1.parallel_adapter.adapters.38.weight
set param.requires_grad = True for domain_embeding.layers.3.sla1.parallel_adapter.adapters.39.weight
set param.requires_grad = True for domain_embeding.layers.3.sla1.parallel_adapter.adapters.40.weight
set param.requires_grad = True for domain_embeding.layers.3.sla1.parallel_adapter.adapters.41.weight
set param.requires_grad = True for domain_embeding.layers.3.sla1.parallel_adapter.adapters.42.weight
set param.requires_grad = True for domain_embeding.layers.3.sla1.parallel_adapter.adapters.43.weight
set param.requires_grad = True for domain_embeding.layers.3.sla1.parallel_adapter.adapters.44.weight
set param.requires_grad = True for domain_embeding.layers.3.sla1.parallel_adapter.adapters.45.weight
set param.requires_grad = True for domain_embeding.layers.3.sla1.parallel_adapter.adapters.46.weight
set param.requires_grad = True for domain_embeding.layers.3.sla1.parallel_adapter.adapters.47.weight
set param.requires_grad = True for domain_embeding.layers.3.sla1.parallel_adapter.adapters.48.weight
set param.requires_grad = True for domain_embeding.layers.3.sla1.parallel_adapter.adapters.49.weight
set param.requires_grad = True for domain_embeding.layers.3.sla1.parallel_adapter.adapters.50.weight
set param.requires_grad = True for domain_embeding.layers.3.sla1.parallel_adapter.adapters.51.weight
set param.requires_grad = True for domain_embeding.layers.3.sla1.parallel_adapter.adapters.52.weight
set param.requires_grad = True for domain_embeding.layers.3.sla1.parallel_adapter.adapters.53.weight
set param.requires_grad = True for domain_embeding.layers.3.sla1.parallel_adapter.adapters.54.weight
set param.requires_grad = True for domain_embeding.layers.3.sla1.parallel_adapter.adapters.55.weight
set param.requires_grad = True for domain_embeding.layers.3.sla1.parallel_adapter.adapters.56.weight
set param.requires_grad = True for domain_embeding.layers.3.sla1.parallel_adapter.adapters.57.weight
set param.requires_grad = True for domain_embeding.layers.3.sla1.parallel_adapter.adapters.58.weight
set param.requires_grad = True for domain_embeding.layers.3.sla1.parallel_adapter.adapters.59.weight
set param.requires_grad = True for domain_embeding.layers.3.sla1.parallel_adapter.adapters.60.weight
set param.requires_grad = True for domain_embeding.layers.3.sla1.parallel_adapter.adapters.61.weight
set param.requires_grad = True for domain_embeding.layers.3.sla1.parallel_adapter.adapters.62.weight
set param.requires_grad = True for domain_embeding.layers.3.sla1.parallel_adapter.adapters.63.weight
set param.requires_grad = True for domain_embeding.layers.3.sla1.parallel_adapter.adapters.64.weight
set param.requires_grad = True for domain_embeding.layers.3.sla1.parallel_adapter.adapters.65.weight
set param.requires_grad = True for domain_embeding.layers.3.sla1.parallel_adapter.adapters.66.weight
set param.requires_grad = True for domain_embeding.layers.3.sla1.parallel_adapter.adapters.67.weight
set param.requires_grad = True for domain_embeding.layers.3.sla1.parallel_adapter.adapters.68.weight
set param.requires_grad = True for domain_embeding.layers.3.sla1.parallel_adapter.adapters.69.weight
set param.requires_grad = True for domain_embeding.layers.3.sla1.parallel_adapter.adapters.70.weight
set param.requires_grad = True for domain_embeding.layers.3.sla1.parallel_adapter.adapters.71.weight
set param.requires_grad = True for domain_embeding.layers.3.sla1.parallel_adapter.adapters.72.weight
set param.requires_grad = True for domain_embeding.layers.3.sla1.parallel_adapter.adapters.73.weight
set param.requires_grad = True for domain_embeding.layers.3.sla1.parallel_adapter.adapters.74.weight
set param.requires_grad = True for domain_embeding.layers.3.sla1.parallel_adapter.adapters.75.weight
set param.requires_grad = True for domain_embeding.layers.3.sla1.parallel_adapter.adapters.76.weight
set param.requires_grad = True for domain_embeding.layers.3.sla1.parallel_adapter.adapters.77.weight
set param.requires_grad = True for domain_embeding.layers.3.sla1.parallel_adapter.adapters.78.weight
set param.requires_grad = True for domain_embeding.layers.3.sla1.parallel_adapter.adapters.79.weight
set param.requires_grad = True for domain_embeding.layers.3.sla1.parallel_adapter.adapters.80.weight
set param.requires_grad = True for domain_embeding.layers.3.sla1.parallel_adapter.adapters.81.weight
set param.requires_grad = True for domain_embeding.layers.3.sla1.parallel_adapter.adapters.82.weight
set param.requires_grad = True for domain_embeding.layers.3.sla1.parallel_adapter.adapters.83.weight
set param.requires_grad = True for domain_embeding.layers.3.sla1.parallel_adapter.adapters.84.weight
set param.requires_grad = True for domain_embeding.layers.3.sla1.parallel_adapter.adapters.85.weight
set param.requires_grad = True for domain_embeding.layers.3.sla1.parallel_adapter.adapters.86.weight
set param.requires_grad = True for domain_embeding.layers.3.sla1.parallel_adapter.adapters.87.weight
set param.requires_grad = True for domain_embeding.layers.3.sla1.parallel_adapter.adapters.88.weight
set param.requires_grad = True for domain_embeding.layers.3.sla1.parallel_adapter.adapters.89.weight
set param.requires_grad = True for domain_embeding.layers.3.sla1.parallel_adapter.adapters.90.weight
set param.requires_grad = True for domain_embeding.layers.3.sla1.parallel_adapter.adapters.91.weight
set param.requires_grad = True for domain_embeding.layers.3.sla1.parallel_adapter.adapters.92.weight
set param.requires_grad = True for domain_embeding.layers.3.sla1.parallel_adapter.adapters.93.weight
set param.requires_grad = True for domain_embeding.layers.3.sla1.parallel_adapter.adapters.94.weight
set param.requires_grad = True for domain_embeding.layers.3.sla1.parallel_adapter.adapters.95.weight
set param.requires_grad = True for domain_embeding.layers.3.sla1.parallel_adapter.adapters.96.weight
set param.requires_grad = True for domain_embeding.layers.3.sla1.parallel_adapter.adapters.97.weight
set param.requires_grad = True for domain_embeding.layers.3.sla1.parallel_adapter.adapters.98.weight
set param.requires_grad = True for domain_embeding.layers.3.sla1.parallel_adapter.adapters.99.weight
set param.requires_grad = True for domain_embeding.layers.3.sla1.parallel_adapter.adapters.100.weight
set param.requires_grad = True for domain_embeding.layers.3.sla1.parallel_adapter.adapters.101.weight
set param.requires_grad = True for domain_embeding.layers.3.sla1.parallel_adapter.adapters.102.weight
set param.requires_grad = True for domain_embeding.layers.3.sla1.parallel_adapter.adapters.103.weight
set param.requires_grad = True for domain_embeding.layers.3.sla1.parallel_adapter.adapters.104.weight
set param.requires_grad = True for domain_embeding.layers.3.sla1.parallel_adapter.adapters.105.weight
set param.requires_grad = True for domain_embeding.layers.3.sla1.parallel_adapter.adapters.106.weight
set param.requires_grad = True for domain_embeding.layers.3.sla1.parallel_adapter.adapters.107.weight
set param.requires_grad = True for domain_embeding.layers.3.sla1.parallel_adapter.adapters.108.weight
set param.requires_grad = True for domain_embeding.layers.3.sla1.parallel_adapter.adapters.109.weight
set param.requires_grad = True for domain_embeding.layers.3.sla1.parallel_adapter.adapters.110.weight
set param.requires_grad = True for domain_embeding.layers.3.sla1.parallel_adapter.adapters.111.weight
set param.requires_grad = True for domain_embeding.layers.3.sla1.parallel_adapter.adapters.112.weight
set param.requires_grad = True for domain_embeding.layers.3.sla1.parallel_adapter.adapters.113.weight
set param.requires_grad = True for domain_embeding.layers.3.sla1.parallel_adapter.adapters.114.weight
set param.requires_grad = True for domain_embeding.layers.3.sla1.parallel_adapter.adapters.115.weight
set param.requires_grad = True for domain_embeding.layers.3.sla1.parallel_adapter.adapters.116.weight
set param.requires_grad = True for domain_embeding.layers.3.sla1.parallel_adapter.adapters.117.weight
set param.requires_grad = True for domain_embeding.layers.3.sla1.parallel_adapter.adapters.118.weight
set param.requires_grad = True for domain_embeding.layers.3.sla1.parallel_adapter.adapters.119.weight
set param.requires_grad = True for domain_embeding.layers.3.sla1.parallel_adapter.adapters.120.weight
set param.requires_grad = True for domain_embeding.layers.3.sla1.parallel_adapter.adapters.121.weight
set param.requires_grad = True for domain_embeding.layers.3.sla1.parallel_adapter.adapters.122.weight
set param.requires_grad = True for domain_embeding.layers.3.sla1.parallel_adapter.adapters.123.weight
set param.requires_grad = True for domain_embeding.layers.3.sla1.parallel_adapter.adapters.124.weight
set param.requires_grad = True for domain_embeding.layers.3.sla1.parallel_adapter.adapters.125.weight
set param.requires_grad = True for domain_embeding.layers.3.sla1.parallel_adapter.adapters.126.weight
set param.requires_grad = True for domain_embeding.layers.3.sla1.parallel_adapter.adapters.127.weight
set param.requires_grad = True for domain_embeding.layers.3.sla2.linear.weight
set param.requires_grad = True for domain_embeding.layers.3.sla2.bn.weight
set param.requires_grad = True for domain_embeding.layers.3.sla2.bn.bias
set param.requires_grad = True for domain_embeding.layers.3.sla2.parallel_adapter.gate.0.weight
set param.requires_grad = True for domain_embeding.layers.3.sla2.parallel_adapter.adapters.0.weight
set param.requires_grad = True for domain_embeding.layers.3.sla2.parallel_adapter.adapters.1.weight
set param.requires_grad = True for domain_embeding.layers.3.sla2.parallel_adapter.adapters.2.weight
set param.requires_grad = True for domain_embeding.layers.3.sla2.parallel_adapter.adapters.3.weight
set param.requires_grad = True for domain_embeding.layers.3.sla2.parallel_adapter.adapters.4.weight
set param.requires_grad = True for domain_embeding.layers.3.sla2.parallel_adapter.adapters.5.weight
set param.requires_grad = True for domain_embeding.layers.3.sla2.parallel_adapter.adapters.6.weight
set param.requires_grad = True for domain_embeding.layers.3.sla2.parallel_adapter.adapters.7.weight
set param.requires_grad = True for domain_embeding.layers.3.sla2.parallel_adapter.adapters.8.weight
set param.requires_grad = True for domain_embeding.layers.3.sla2.parallel_adapter.adapters.9.weight
set param.requires_grad = True for domain_embeding.layers.3.sla2.parallel_adapter.adapters.10.weight
set param.requires_grad = True for domain_embeding.layers.3.sla2.parallel_adapter.adapters.11.weight
set param.requires_grad = True for domain_embeding.layers.3.sla2.parallel_adapter.adapters.12.weight
set param.requires_grad = True for domain_embeding.layers.3.sla2.parallel_adapter.adapters.13.weight
set param.requires_grad = True for domain_embeding.layers.3.sla2.parallel_adapter.adapters.14.weight
set param.requires_grad = True for domain_embeding.layers.3.sla2.parallel_adapter.adapters.15.weight
set param.requires_grad = True for domain_embeding.layers.3.sla2.parallel_adapter.adapters.16.weight
set param.requires_grad = True for domain_embeding.layers.3.sla2.parallel_adapter.adapters.17.weight
set param.requires_grad = True for domain_embeding.layers.3.sla2.parallel_adapter.adapters.18.weight
set param.requires_grad = True for domain_embeding.layers.3.sla2.parallel_adapter.adapters.19.weight
set param.requires_grad = True for domain_embeding.layers.3.sla2.parallel_adapter.adapters.20.weight
set param.requires_grad = True for domain_embeding.layers.3.sla2.parallel_adapter.adapters.21.weight
set param.requires_grad = True for domain_embeding.layers.3.sla2.parallel_adapter.adapters.22.weight
set param.requires_grad = True for domain_embeding.layers.3.sla2.parallel_adapter.adapters.23.weight
set param.requires_grad = True for domain_embeding.layers.3.sla2.parallel_adapter.adapters.24.weight
set param.requires_grad = True for domain_embeding.layers.3.sla2.parallel_adapter.adapters.25.weight
set param.requires_grad = True for domain_embeding.layers.3.sla2.parallel_adapter.adapters.26.weight
set param.requires_grad = True for domain_embeding.layers.3.sla2.parallel_adapter.adapters.27.weight
set param.requires_grad = True for domain_embeding.layers.3.sla2.parallel_adapter.adapters.28.weight
set param.requires_grad = True for domain_embeding.layers.3.sla2.parallel_adapter.adapters.29.weight
set param.requires_grad = True for domain_embeding.layers.3.sla2.parallel_adapter.adapters.30.weight
set param.requires_grad = True for domain_embeding.layers.3.sla2.parallel_adapter.adapters.31.weight
set param.requires_grad = True for domain_embeding.layers.3.sla2.parallel_adapter.adapters.32.weight
set param.requires_grad = True for domain_embeding.layers.3.sla2.parallel_adapter.adapters.33.weight
set param.requires_grad = True for domain_embeding.layers.3.sla2.parallel_adapter.adapters.34.weight
set param.requires_grad = True for domain_embeding.layers.3.sla2.parallel_adapter.adapters.35.weight
set param.requires_grad = True for domain_embeding.layers.3.sla2.parallel_adapter.adapters.36.weight
set param.requires_grad = True for domain_embeding.layers.3.sla2.parallel_adapter.adapters.37.weight
set param.requires_grad = True for domain_embeding.layers.3.sla2.parallel_adapter.adapters.38.weight
set param.requires_grad = True for domain_embeding.layers.3.sla2.parallel_adapter.adapters.39.weight
set param.requires_grad = True for domain_embeding.layers.3.sla2.parallel_adapter.adapters.40.weight
set param.requires_grad = True for domain_embeding.layers.3.sla2.parallel_adapter.adapters.41.weight
set param.requires_grad = True for domain_embeding.layers.3.sla2.parallel_adapter.adapters.42.weight
set param.requires_grad = True for domain_embeding.layers.3.sla2.parallel_adapter.adapters.43.weight
set param.requires_grad = True for domain_embeding.layers.3.sla2.parallel_adapter.adapters.44.weight
set param.requires_grad = True for domain_embeding.layers.3.sla2.parallel_adapter.adapters.45.weight
set param.requires_grad = True for domain_embeding.layers.3.sla2.parallel_adapter.adapters.46.weight
set param.requires_grad = True for domain_embeding.layers.3.sla2.parallel_adapter.adapters.47.weight
set param.requires_grad = True for domain_embeding.layers.3.sla2.parallel_adapter.adapters.48.weight
set param.requires_grad = True for domain_embeding.layers.3.sla2.parallel_adapter.adapters.49.weight
set param.requires_grad = True for domain_embeding.layers.3.sla2.parallel_adapter.adapters.50.weight
set param.requires_grad = True for domain_embeding.layers.3.sla2.parallel_adapter.adapters.51.weight
set param.requires_grad = True for domain_embeding.layers.3.sla2.parallel_adapter.adapters.52.weight
set param.requires_grad = True for domain_embeding.layers.3.sla2.parallel_adapter.adapters.53.weight
set param.requires_grad = True for domain_embeding.layers.3.sla2.parallel_adapter.adapters.54.weight
set param.requires_grad = True for domain_embeding.layers.3.sla2.parallel_adapter.adapters.55.weight
set param.requires_grad = True for domain_embeding.layers.3.sla2.parallel_adapter.adapters.56.weight
set param.requires_grad = True for domain_embeding.layers.3.sla2.parallel_adapter.adapters.57.weight
set param.requires_grad = True for domain_embeding.layers.3.sla2.parallel_adapter.adapters.58.weight
set param.requires_grad = True for domain_embeding.layers.3.sla2.parallel_adapter.adapters.59.weight
set param.requires_grad = True for domain_embeding.layers.3.sla2.parallel_adapter.adapters.60.weight
set param.requires_grad = True for domain_embeding.layers.3.sla2.parallel_adapter.adapters.61.weight
set param.requires_grad = True for domain_embeding.layers.3.sla2.parallel_adapter.adapters.62.weight
set param.requires_grad = True for domain_embeding.layers.3.sla2.parallel_adapter.adapters.63.weight
set param.requires_grad = True for domain_embeding.layers.3.sla2.parallel_adapter.adapters.64.weight
set param.requires_grad = True for domain_embeding.layers.3.sla2.parallel_adapter.adapters.65.weight
set param.requires_grad = True for domain_embeding.layers.3.sla2.parallel_adapter.adapters.66.weight
set param.requires_grad = True for domain_embeding.layers.3.sla2.parallel_adapter.adapters.67.weight
set param.requires_grad = True for domain_embeding.layers.3.sla2.parallel_adapter.adapters.68.weight
set param.requires_grad = True for domain_embeding.layers.3.sla2.parallel_adapter.adapters.69.weight
set param.requires_grad = True for domain_embeding.layers.3.sla2.parallel_adapter.adapters.70.weight
set param.requires_grad = True for domain_embeding.layers.3.sla2.parallel_adapter.adapters.71.weight
set param.requires_grad = True for domain_embeding.layers.3.sla2.parallel_adapter.adapters.72.weight
set param.requires_grad = True for domain_embeding.layers.3.sla2.parallel_adapter.adapters.73.weight
set param.requires_grad = True for domain_embeding.layers.3.sla2.parallel_adapter.adapters.74.weight
set param.requires_grad = True for domain_embeding.layers.3.sla2.parallel_adapter.adapters.75.weight
set param.requires_grad = True for domain_embeding.layers.3.sla2.parallel_adapter.adapters.76.weight
set param.requires_grad = True for domain_embeding.layers.3.sla2.parallel_adapter.adapters.77.weight
set param.requires_grad = True for domain_embeding.layers.3.sla2.parallel_adapter.adapters.78.weight
set param.requires_grad = True for domain_embeding.layers.3.sla2.parallel_adapter.adapters.79.weight
set param.requires_grad = True for domain_embeding.layers.3.sla2.parallel_adapter.adapters.80.weight
set param.requires_grad = True for domain_embeding.layers.3.sla2.parallel_adapter.adapters.81.weight
set param.requires_grad = True for domain_embeding.layers.3.sla2.parallel_adapter.adapters.82.weight
set param.requires_grad = True for domain_embeding.layers.3.sla2.parallel_adapter.adapters.83.weight
set param.requires_grad = True for domain_embeding.layers.3.sla2.parallel_adapter.adapters.84.weight
set param.requires_grad = True for domain_embeding.layers.3.sla2.parallel_adapter.adapters.85.weight
set param.requires_grad = True for domain_embeding.layers.3.sla2.parallel_adapter.adapters.86.weight
set param.requires_grad = True for domain_embeding.layers.3.sla2.parallel_adapter.adapters.87.weight
set param.requires_grad = True for domain_embeding.layers.3.sla2.parallel_adapter.adapters.88.weight
set param.requires_grad = True for domain_embeding.layers.3.sla2.parallel_adapter.adapters.89.weight
set param.requires_grad = True for domain_embeding.layers.3.sla2.parallel_adapter.adapters.90.weight
set param.requires_grad = True for domain_embeding.layers.3.sla2.parallel_adapter.adapters.91.weight
set param.requires_grad = True for domain_embeding.layers.3.sla2.parallel_adapter.adapters.92.weight
set param.requires_grad = True for domain_embeding.layers.3.sla2.parallel_adapter.adapters.93.weight
set param.requires_grad = True for domain_embeding.layers.3.sla2.parallel_adapter.adapters.94.weight
set param.requires_grad = True for domain_embeding.layers.3.sla2.parallel_adapter.adapters.95.weight
set param.requires_grad = True for domain_embeding.layers.3.sla2.parallel_adapter.adapters.96.weight
set param.requires_grad = True for domain_embeding.layers.3.sla2.parallel_adapter.adapters.97.weight
set param.requires_grad = True for domain_embeding.layers.3.sla2.parallel_adapter.adapters.98.weight
set param.requires_grad = True for domain_embeding.layers.3.sla2.parallel_adapter.adapters.99.weight
set param.requires_grad = True for domain_embeding.layers.3.sla2.parallel_adapter.adapters.100.weight
set param.requires_grad = True for domain_embeding.layers.3.sla2.parallel_adapter.adapters.101.weight
set param.requires_grad = True for domain_embeding.layers.3.sla2.parallel_adapter.adapters.102.weight
set param.requires_grad = True for domain_embeding.layers.3.sla2.parallel_adapter.adapters.103.weight
set param.requires_grad = True for domain_embeding.layers.3.sla2.parallel_adapter.adapters.104.weight
set param.requires_grad = True for domain_embeding.layers.3.sla2.parallel_adapter.adapters.105.weight
set param.requires_grad = True for domain_embeding.layers.3.sla2.parallel_adapter.adapters.106.weight
set param.requires_grad = True for domain_embeding.layers.3.sla2.parallel_adapter.adapters.107.weight
set param.requires_grad = True for domain_embeding.layers.3.sla2.parallel_adapter.adapters.108.weight
set param.requires_grad = True for domain_embeding.layers.3.sla2.parallel_adapter.adapters.109.weight
set param.requires_grad = True for domain_embeding.layers.3.sla2.parallel_adapter.adapters.110.weight
set param.requires_grad = True for domain_embeding.layers.3.sla2.parallel_adapter.adapters.111.weight
set param.requires_grad = True for domain_embeding.layers.3.sla2.parallel_adapter.adapters.112.weight
set param.requires_grad = True for domain_embeding.layers.3.sla2.parallel_adapter.adapters.113.weight
set param.requires_grad = True for domain_embeding.layers.3.sla2.parallel_adapter.adapters.114.weight
set param.requires_grad = True for domain_embeding.layers.3.sla2.parallel_adapter.adapters.115.weight
set param.requires_grad = True for domain_embeding.layers.3.sla2.parallel_adapter.adapters.116.weight
set param.requires_grad = True for domain_embeding.layers.3.sla2.parallel_adapter.adapters.117.weight
set param.requires_grad = True for domain_embeding.layers.3.sla2.parallel_adapter.adapters.118.weight
set param.requires_grad = True for domain_embeding.layers.3.sla2.parallel_adapter.adapters.119.weight
set param.requires_grad = True for domain_embeding.layers.3.sla2.parallel_adapter.adapters.120.weight
set param.requires_grad = True for domain_embeding.layers.3.sla2.parallel_adapter.adapters.121.weight
set param.requires_grad = True for domain_embeding.layers.3.sla2.parallel_adapter.adapters.122.weight
set param.requires_grad = True for domain_embeding.layers.3.sla2.parallel_adapter.adapters.123.weight
set param.requires_grad = True for domain_embeding.layers.3.sla2.parallel_adapter.adapters.124.weight
set param.requires_grad = True for domain_embeding.layers.3.sla2.parallel_adapter.adapters.125.weight
set param.requires_grad = True for domain_embeding.layers.3.sla2.parallel_adapter.adapters.126.weight
set param.requires_grad = True for domain_embeding.layers.3.sla2.parallel_adapter.adapters.127.weight
set param.requires_grad = True for domain_embeding.layers.4.sla1.linear.weight
set param.requires_grad = True for domain_embeding.layers.4.sla1.bn.weight
set param.requires_grad = True for domain_embeding.layers.4.sla1.bn.bias
set param.requires_grad = True for domain_embeding.layers.4.sla1.parallel_adapter.gate.0.weight
set param.requires_grad = True for domain_embeding.layers.4.sla1.parallel_adapter.adapters.0.weight
set param.requires_grad = True for domain_embeding.layers.4.sla1.parallel_adapter.adapters.1.weight
set param.requires_grad = True for domain_embeding.layers.4.sla1.parallel_adapter.adapters.2.weight
set param.requires_grad = True for domain_embeding.layers.4.sla1.parallel_adapter.adapters.3.weight
set param.requires_grad = True for domain_embeding.layers.4.sla1.parallel_adapter.adapters.4.weight
set param.requires_grad = True for domain_embeding.layers.4.sla1.parallel_adapter.adapters.5.weight
set param.requires_grad = True for domain_embeding.layers.4.sla1.parallel_adapter.adapters.6.weight
set param.requires_grad = True for domain_embeding.layers.4.sla1.parallel_adapter.adapters.7.weight
set param.requires_grad = True for domain_embeding.layers.4.sla1.parallel_adapter.adapters.8.weight
set param.requires_grad = True for domain_embeding.layers.4.sla1.parallel_adapter.adapters.9.weight
set param.requires_grad = True for domain_embeding.layers.4.sla1.parallel_adapter.adapters.10.weight
set param.requires_grad = True for domain_embeding.layers.4.sla1.parallel_adapter.adapters.11.weight
set param.requires_grad = True for domain_embeding.layers.4.sla1.parallel_adapter.adapters.12.weight
set param.requires_grad = True for domain_embeding.layers.4.sla1.parallel_adapter.adapters.13.weight
set param.requires_grad = True for domain_embeding.layers.4.sla1.parallel_adapter.adapters.14.weight
set param.requires_grad = True for domain_embeding.layers.4.sla1.parallel_adapter.adapters.15.weight
set param.requires_grad = True for domain_embeding.layers.4.sla1.parallel_adapter.adapters.16.weight
set param.requires_grad = True for domain_embeding.layers.4.sla1.parallel_adapter.adapters.17.weight
set param.requires_grad = True for domain_embeding.layers.4.sla1.parallel_adapter.adapters.18.weight
set param.requires_grad = True for domain_embeding.layers.4.sla1.parallel_adapter.adapters.19.weight
set param.requires_grad = True for domain_embeding.layers.4.sla1.parallel_adapter.adapters.20.weight
set param.requires_grad = True for domain_embeding.layers.4.sla1.parallel_adapter.adapters.21.weight
set param.requires_grad = True for domain_embeding.layers.4.sla1.parallel_adapter.adapters.22.weight
set param.requires_grad = True for domain_embeding.layers.4.sla1.parallel_adapter.adapters.23.weight
set param.requires_grad = True for domain_embeding.layers.4.sla1.parallel_adapter.adapters.24.weight
set param.requires_grad = True for domain_embeding.layers.4.sla1.parallel_adapter.adapters.25.weight
set param.requires_grad = True for domain_embeding.layers.4.sla1.parallel_adapter.adapters.26.weight
set param.requires_grad = True for domain_embeding.layers.4.sla1.parallel_adapter.adapters.27.weight
set param.requires_grad = True for domain_embeding.layers.4.sla1.parallel_adapter.adapters.28.weight
set param.requires_grad = True for domain_embeding.layers.4.sla1.parallel_adapter.adapters.29.weight
set param.requires_grad = True for domain_embeding.layers.4.sla1.parallel_adapter.adapters.30.weight
set param.requires_grad = True for domain_embeding.layers.4.sla1.parallel_adapter.adapters.31.weight
set param.requires_grad = True for domain_embeding.layers.4.sla1.parallel_adapter.adapters.32.weight
set param.requires_grad = True for domain_embeding.layers.4.sla1.parallel_adapter.adapters.33.weight
set param.requires_grad = True for domain_embeding.layers.4.sla1.parallel_adapter.adapters.34.weight
set param.requires_grad = True for domain_embeding.layers.4.sla1.parallel_adapter.adapters.35.weight
set param.requires_grad = True for domain_embeding.layers.4.sla1.parallel_adapter.adapters.36.weight
set param.requires_grad = True for domain_embeding.layers.4.sla1.parallel_adapter.adapters.37.weight
set param.requires_grad = True for domain_embeding.layers.4.sla1.parallel_adapter.adapters.38.weight
set param.requires_grad = True for domain_embeding.layers.4.sla1.parallel_adapter.adapters.39.weight
set param.requires_grad = True for domain_embeding.layers.4.sla1.parallel_adapter.adapters.40.weight
set param.requires_grad = True for domain_embeding.layers.4.sla1.parallel_adapter.adapters.41.weight
set param.requires_grad = True for domain_embeding.layers.4.sla1.parallel_adapter.adapters.42.weight
set param.requires_grad = True for domain_embeding.layers.4.sla1.parallel_adapter.adapters.43.weight
set param.requires_grad = True for domain_embeding.layers.4.sla1.parallel_adapter.adapters.44.weight
set param.requires_grad = True for domain_embeding.layers.4.sla1.parallel_adapter.adapters.45.weight
set param.requires_grad = True for domain_embeding.layers.4.sla1.parallel_adapter.adapters.46.weight
set param.requires_grad = True for domain_embeding.layers.4.sla1.parallel_adapter.adapters.47.weight
set param.requires_grad = True for domain_embeding.layers.4.sla1.parallel_adapter.adapters.48.weight
set param.requires_grad = True for domain_embeding.layers.4.sla1.parallel_adapter.adapters.49.weight
set param.requires_grad = True for domain_embeding.layers.4.sla1.parallel_adapter.adapters.50.weight
set param.requires_grad = True for domain_embeding.layers.4.sla1.parallel_adapter.adapters.51.weight
set param.requires_grad = True for domain_embeding.layers.4.sla1.parallel_adapter.adapters.52.weight
set param.requires_grad = True for domain_embeding.layers.4.sla1.parallel_adapter.adapters.53.weight
set param.requires_grad = True for domain_embeding.layers.4.sla1.parallel_adapter.adapters.54.weight
set param.requires_grad = True for domain_embeding.layers.4.sla1.parallel_adapter.adapters.55.weight
set param.requires_grad = True for domain_embeding.layers.4.sla1.parallel_adapter.adapters.56.weight
set param.requires_grad = True for domain_embeding.layers.4.sla1.parallel_adapter.adapters.57.weight
set param.requires_grad = True for domain_embeding.layers.4.sla1.parallel_adapter.adapters.58.weight
set param.requires_grad = True for domain_embeding.layers.4.sla1.parallel_adapter.adapters.59.weight
set param.requires_grad = True for domain_embeding.layers.4.sla1.parallel_adapter.adapters.60.weight
set param.requires_grad = True for domain_embeding.layers.4.sla1.parallel_adapter.adapters.61.weight
set param.requires_grad = True for domain_embeding.layers.4.sla1.parallel_adapter.adapters.62.weight
set param.requires_grad = True for domain_embeding.layers.4.sla1.parallel_adapter.adapters.63.weight
set param.requires_grad = True for domain_embeding.layers.4.sla1.parallel_adapter.adapters.64.weight
set param.requires_grad = True for domain_embeding.layers.4.sla1.parallel_adapter.adapters.65.weight
set param.requires_grad = True for domain_embeding.layers.4.sla1.parallel_adapter.adapters.66.weight
set param.requires_grad = True for domain_embeding.layers.4.sla1.parallel_adapter.adapters.67.weight
set param.requires_grad = True for domain_embeding.layers.4.sla1.parallel_adapter.adapters.68.weight
set param.requires_grad = True for domain_embeding.layers.4.sla1.parallel_adapter.adapters.69.weight
set param.requires_grad = True for domain_embeding.layers.4.sla1.parallel_adapter.adapters.70.weight
set param.requires_grad = True for domain_embeding.layers.4.sla1.parallel_adapter.adapters.71.weight
set param.requires_grad = True for domain_embeding.layers.4.sla1.parallel_adapter.adapters.72.weight
set param.requires_grad = True for domain_embeding.layers.4.sla1.parallel_adapter.adapters.73.weight
set param.requires_grad = True for domain_embeding.layers.4.sla1.parallel_adapter.adapters.74.weight
set param.requires_grad = True for domain_embeding.layers.4.sla1.parallel_adapter.adapters.75.weight
set param.requires_grad = True for domain_embeding.layers.4.sla1.parallel_adapter.adapters.76.weight
set param.requires_grad = True for domain_embeding.layers.4.sla1.parallel_adapter.adapters.77.weight
set param.requires_grad = True for domain_embeding.layers.4.sla1.parallel_adapter.adapters.78.weight
set param.requires_grad = True for domain_embeding.layers.4.sla1.parallel_adapter.adapters.79.weight
set param.requires_grad = True for domain_embeding.layers.4.sla1.parallel_adapter.adapters.80.weight
set param.requires_grad = True for domain_embeding.layers.4.sla1.parallel_adapter.adapters.81.weight
set param.requires_grad = True for domain_embeding.layers.4.sla1.parallel_adapter.adapters.82.weight
set param.requires_grad = True for domain_embeding.layers.4.sla1.parallel_adapter.adapters.83.weight
set param.requires_grad = True for domain_embeding.layers.4.sla1.parallel_adapter.adapters.84.weight
set param.requires_grad = True for domain_embeding.layers.4.sla1.parallel_adapter.adapters.85.weight
set param.requires_grad = True for domain_embeding.layers.4.sla1.parallel_adapter.adapters.86.weight
set param.requires_grad = True for domain_embeding.layers.4.sla1.parallel_adapter.adapters.87.weight
set param.requires_grad = True for domain_embeding.layers.4.sla1.parallel_adapter.adapters.88.weight
set param.requires_grad = True for domain_embeding.layers.4.sla1.parallel_adapter.adapters.89.weight
set param.requires_grad = True for domain_embeding.layers.4.sla1.parallel_adapter.adapters.90.weight
set param.requires_grad = True for domain_embeding.layers.4.sla1.parallel_adapter.adapters.91.weight
set param.requires_grad = True for domain_embeding.layers.4.sla1.parallel_adapter.adapters.92.weight
set param.requires_grad = True for domain_embeding.layers.4.sla1.parallel_adapter.adapters.93.weight
set param.requires_grad = True for domain_embeding.layers.4.sla1.parallel_adapter.adapters.94.weight
set param.requires_grad = True for domain_embeding.layers.4.sla1.parallel_adapter.adapters.95.weight
set param.requires_grad = True for domain_embeding.layers.4.sla1.parallel_adapter.adapters.96.weight
set param.requires_grad = True for domain_embeding.layers.4.sla1.parallel_adapter.adapters.97.weight
set param.requires_grad = True for domain_embeding.layers.4.sla1.parallel_adapter.adapters.98.weight
set param.requires_grad = True for domain_embeding.layers.4.sla1.parallel_adapter.adapters.99.weight
set param.requires_grad = True for domain_embeding.layers.4.sla1.parallel_adapter.adapters.100.weight
set param.requires_grad = True for domain_embeding.layers.4.sla1.parallel_adapter.adapters.101.weight
set param.requires_grad = True for domain_embeding.layers.4.sla1.parallel_adapter.adapters.102.weight
set param.requires_grad = True for domain_embeding.layers.4.sla1.parallel_adapter.adapters.103.weight
set param.requires_grad = True for domain_embeding.layers.4.sla1.parallel_adapter.adapters.104.weight
set param.requires_grad = True for domain_embeding.layers.4.sla1.parallel_adapter.adapters.105.weight
set param.requires_grad = True for domain_embeding.layers.4.sla1.parallel_adapter.adapters.106.weight
set param.requires_grad = True for domain_embeding.layers.4.sla1.parallel_adapter.adapters.107.weight
set param.requires_grad = True for domain_embeding.layers.4.sla1.parallel_adapter.adapters.108.weight
set param.requires_grad = True for domain_embeding.layers.4.sla1.parallel_adapter.adapters.109.weight
set param.requires_grad = True for domain_embeding.layers.4.sla1.parallel_adapter.adapters.110.weight
set param.requires_grad = True for domain_embeding.layers.4.sla1.parallel_adapter.adapters.111.weight
set param.requires_grad = True for domain_embeding.layers.4.sla1.parallel_adapter.adapters.112.weight
set param.requires_grad = True for domain_embeding.layers.4.sla1.parallel_adapter.adapters.113.weight
set param.requires_grad = True for domain_embeding.layers.4.sla1.parallel_adapter.adapters.114.weight
set param.requires_grad = True for domain_embeding.layers.4.sla1.parallel_adapter.adapters.115.weight
set param.requires_grad = True for domain_embeding.layers.4.sla1.parallel_adapter.adapters.116.weight
set param.requires_grad = True for domain_embeding.layers.4.sla1.parallel_adapter.adapters.117.weight
set param.requires_grad = True for domain_embeding.layers.4.sla1.parallel_adapter.adapters.118.weight
set param.requires_grad = True for domain_embeding.layers.4.sla1.parallel_adapter.adapters.119.weight
set param.requires_grad = True for domain_embeding.layers.4.sla1.parallel_adapter.adapters.120.weight
set param.requires_grad = True for domain_embeding.layers.4.sla1.parallel_adapter.adapters.121.weight
set param.requires_grad = True for domain_embeding.layers.4.sla1.parallel_adapter.adapters.122.weight
set param.requires_grad = True for domain_embeding.layers.4.sla1.parallel_adapter.adapters.123.weight
set param.requires_grad = True for domain_embeding.layers.4.sla1.parallel_adapter.adapters.124.weight
set param.requires_grad = True for domain_embeding.layers.4.sla1.parallel_adapter.adapters.125.weight
set param.requires_grad = True for domain_embeding.layers.4.sla1.parallel_adapter.adapters.126.weight
set param.requires_grad = True for domain_embeding.layers.4.sla1.parallel_adapter.adapters.127.weight
set param.requires_grad = True for domain_embeding.layers.4.sla2.linear.weight
set param.requires_grad = True for domain_embeding.layers.4.sla2.bn.weight
set param.requires_grad = True for domain_embeding.layers.4.sla2.bn.bias
set param.requires_grad = True for domain_embeding.layers.4.sla2.parallel_adapter.gate.0.weight
set param.requires_grad = True for domain_embeding.layers.4.sla2.parallel_adapter.adapters.0.weight
set param.requires_grad = True for domain_embeding.layers.4.sla2.parallel_adapter.adapters.1.weight
set param.requires_grad = True for domain_embeding.layers.4.sla2.parallel_adapter.adapters.2.weight
set param.requires_grad = True for domain_embeding.layers.4.sla2.parallel_adapter.adapters.3.weight
set param.requires_grad = True for domain_embeding.layers.4.sla2.parallel_adapter.adapters.4.weight
set param.requires_grad = True for domain_embeding.layers.4.sla2.parallel_adapter.adapters.5.weight
set param.requires_grad = True for domain_embeding.layers.4.sla2.parallel_adapter.adapters.6.weight
set param.requires_grad = True for domain_embeding.layers.4.sla2.parallel_adapter.adapters.7.weight
set param.requires_grad = True for domain_embeding.layers.4.sla2.parallel_adapter.adapters.8.weight
set param.requires_grad = True for domain_embeding.layers.4.sla2.parallel_adapter.adapters.9.weight
set param.requires_grad = True for domain_embeding.layers.4.sla2.parallel_adapter.adapters.10.weight
set param.requires_grad = True for domain_embeding.layers.4.sla2.parallel_adapter.adapters.11.weight
set param.requires_grad = True for domain_embeding.layers.4.sla2.parallel_adapter.adapters.12.weight
set param.requires_grad = True for domain_embeding.layers.4.sla2.parallel_adapter.adapters.13.weight
set param.requires_grad = True for domain_embeding.layers.4.sla2.parallel_adapter.adapters.14.weight
set param.requires_grad = True for domain_embeding.layers.4.sla2.parallel_adapter.adapters.15.weight
set param.requires_grad = True for domain_embeding.layers.4.sla2.parallel_adapter.adapters.16.weight
set param.requires_grad = True for domain_embeding.layers.4.sla2.parallel_adapter.adapters.17.weight
set param.requires_grad = True for domain_embeding.layers.4.sla2.parallel_adapter.adapters.18.weight
set param.requires_grad = True for domain_embeding.layers.4.sla2.parallel_adapter.adapters.19.weight
set param.requires_grad = True for domain_embeding.layers.4.sla2.parallel_adapter.adapters.20.weight
set param.requires_grad = True for domain_embeding.layers.4.sla2.parallel_adapter.adapters.21.weight
set param.requires_grad = True for domain_embeding.layers.4.sla2.parallel_adapter.adapters.22.weight
set param.requires_grad = True for domain_embeding.layers.4.sla2.parallel_adapter.adapters.23.weight
set param.requires_grad = True for domain_embeding.layers.4.sla2.parallel_adapter.adapters.24.weight
set param.requires_grad = True for domain_embeding.layers.4.sla2.parallel_adapter.adapters.25.weight
set param.requires_grad = True for domain_embeding.layers.4.sla2.parallel_adapter.adapters.26.weight
set param.requires_grad = True for domain_embeding.layers.4.sla2.parallel_adapter.adapters.27.weight
set param.requires_grad = True for domain_embeding.layers.4.sla2.parallel_adapter.adapters.28.weight
set param.requires_grad = True for domain_embeding.layers.4.sla2.parallel_adapter.adapters.29.weight
set param.requires_grad = True for domain_embeding.layers.4.sla2.parallel_adapter.adapters.30.weight
set param.requires_grad = True for domain_embeding.layers.4.sla2.parallel_adapter.adapters.31.weight
set param.requires_grad = True for domain_embeding.layers.4.sla2.parallel_adapter.adapters.32.weight
set param.requires_grad = True for domain_embeding.layers.4.sla2.parallel_adapter.adapters.33.weight
set param.requires_grad = True for domain_embeding.layers.4.sla2.parallel_adapter.adapters.34.weight
set param.requires_grad = True for domain_embeding.layers.4.sla2.parallel_adapter.adapters.35.weight
set param.requires_grad = True for domain_embeding.layers.4.sla2.parallel_adapter.adapters.36.weight
set param.requires_grad = True for domain_embeding.layers.4.sla2.parallel_adapter.adapters.37.weight
set param.requires_grad = True for domain_embeding.layers.4.sla2.parallel_adapter.adapters.38.weight
set param.requires_grad = True for domain_embeding.layers.4.sla2.parallel_adapter.adapters.39.weight
set param.requires_grad = True for domain_embeding.layers.4.sla2.parallel_adapter.adapters.40.weight
set param.requires_grad = True for domain_embeding.layers.4.sla2.parallel_adapter.adapters.41.weight
set param.requires_grad = True for domain_embeding.layers.4.sla2.parallel_adapter.adapters.42.weight
set param.requires_grad = True for domain_embeding.layers.4.sla2.parallel_adapter.adapters.43.weight
set param.requires_grad = True for domain_embeding.layers.4.sla2.parallel_adapter.adapters.44.weight
set param.requires_grad = True for domain_embeding.layers.4.sla2.parallel_adapter.adapters.45.weight
set param.requires_grad = True for domain_embeding.layers.4.sla2.parallel_adapter.adapters.46.weight
set param.requires_grad = True for domain_embeding.layers.4.sla2.parallel_adapter.adapters.47.weight
set param.requires_grad = True for domain_embeding.layers.4.sla2.parallel_adapter.adapters.48.weight
set param.requires_grad = True for domain_embeding.layers.4.sla2.parallel_adapter.adapters.49.weight
set param.requires_grad = True for domain_embeding.layers.4.sla2.parallel_adapter.adapters.50.weight
set param.requires_grad = True for domain_embeding.layers.4.sla2.parallel_adapter.adapters.51.weight
set param.requires_grad = True for domain_embeding.layers.4.sla2.parallel_adapter.adapters.52.weight
set param.requires_grad = True for domain_embeding.layers.4.sla2.parallel_adapter.adapters.53.weight
set param.requires_grad = True for domain_embeding.layers.4.sla2.parallel_adapter.adapters.54.weight
set param.requires_grad = True for domain_embeding.layers.4.sla2.parallel_adapter.adapters.55.weight
set param.requires_grad = True for domain_embeding.layers.4.sla2.parallel_adapter.adapters.56.weight
set param.requires_grad = True for domain_embeding.layers.4.sla2.parallel_adapter.adapters.57.weight
set param.requires_grad = True for domain_embeding.layers.4.sla2.parallel_adapter.adapters.58.weight
set param.requires_grad = True for domain_embeding.layers.4.sla2.parallel_adapter.adapters.59.weight
set param.requires_grad = True for domain_embeding.layers.4.sla2.parallel_adapter.adapters.60.weight
set param.requires_grad = True for domain_embeding.layers.4.sla2.parallel_adapter.adapters.61.weight
set param.requires_grad = True for domain_embeding.layers.4.sla2.parallel_adapter.adapters.62.weight
set param.requires_grad = True for domain_embeding.layers.4.sla2.parallel_adapter.adapters.63.weight
set param.requires_grad = True for domain_embeding.layers.4.sla2.parallel_adapter.adapters.64.weight
set param.requires_grad = True for domain_embeding.layers.4.sla2.parallel_adapter.adapters.65.weight
set param.requires_grad = True for domain_embeding.layers.4.sla2.parallel_adapter.adapters.66.weight
set param.requires_grad = True for domain_embeding.layers.4.sla2.parallel_adapter.adapters.67.weight
set param.requires_grad = True for domain_embeding.layers.4.sla2.parallel_adapter.adapters.68.weight
set param.requires_grad = True for domain_embeding.layers.4.sla2.parallel_adapter.adapters.69.weight
set param.requires_grad = True for domain_embeding.layers.4.sla2.parallel_adapter.adapters.70.weight
set param.requires_grad = True for domain_embeding.layers.4.sla2.parallel_adapter.adapters.71.weight
set param.requires_grad = True for domain_embeding.layers.4.sla2.parallel_adapter.adapters.72.weight
set param.requires_grad = True for domain_embeding.layers.4.sla2.parallel_adapter.adapters.73.weight
set param.requires_grad = True for domain_embeding.layers.4.sla2.parallel_adapter.adapters.74.weight
set param.requires_grad = True for domain_embeding.layers.4.sla2.parallel_adapter.adapters.75.weight
set param.requires_grad = True for domain_embeding.layers.4.sla2.parallel_adapter.adapters.76.weight
set param.requires_grad = True for domain_embeding.layers.4.sla2.parallel_adapter.adapters.77.weight
set param.requires_grad = True for domain_embeding.layers.4.sla2.parallel_adapter.adapters.78.weight
set param.requires_grad = True for domain_embeding.layers.4.sla2.parallel_adapter.adapters.79.weight
set param.requires_grad = True for domain_embeding.layers.4.sla2.parallel_adapter.adapters.80.weight
set param.requires_grad = True for domain_embeding.layers.4.sla2.parallel_adapter.adapters.81.weight
set param.requires_grad = True for domain_embeding.layers.4.sla2.parallel_adapter.adapters.82.weight
set param.requires_grad = True for domain_embeding.layers.4.sla2.parallel_adapter.adapters.83.weight
set param.requires_grad = True for domain_embeding.layers.4.sla2.parallel_adapter.adapters.84.weight
set param.requires_grad = True for domain_embeding.layers.4.sla2.parallel_adapter.adapters.85.weight
set param.requires_grad = True for domain_embeding.layers.4.sla2.parallel_adapter.adapters.86.weight
set param.requires_grad = True for domain_embeding.layers.4.sla2.parallel_adapter.adapters.87.weight
set param.requires_grad = True for domain_embeding.layers.4.sla2.parallel_adapter.adapters.88.weight
set param.requires_grad = True for domain_embeding.layers.4.sla2.parallel_adapter.adapters.89.weight
set param.requires_grad = True for domain_embeding.layers.4.sla2.parallel_adapter.adapters.90.weight
set param.requires_grad = True for domain_embeding.layers.4.sla2.parallel_adapter.adapters.91.weight
set param.requires_grad = True for domain_embeding.layers.4.sla2.parallel_adapter.adapters.92.weight
set param.requires_grad = True for domain_embeding.layers.4.sla2.parallel_adapter.adapters.93.weight
set param.requires_grad = True for domain_embeding.layers.4.sla2.parallel_adapter.adapters.94.weight
set param.requires_grad = True for domain_embeding.layers.4.sla2.parallel_adapter.adapters.95.weight
set param.requires_grad = True for domain_embeding.layers.4.sla2.parallel_adapter.adapters.96.weight
set param.requires_grad = True for domain_embeding.layers.4.sla2.parallel_adapter.adapters.97.weight
set param.requires_grad = True for domain_embeding.layers.4.sla2.parallel_adapter.adapters.98.weight
set param.requires_grad = True for domain_embeding.layers.4.sla2.parallel_adapter.adapters.99.weight
set param.requires_grad = True for domain_embeding.layers.4.sla2.parallel_adapter.adapters.100.weight
set param.requires_grad = True for domain_embeding.layers.4.sla2.parallel_adapter.adapters.101.weight
set param.requires_grad = True for domain_embeding.layers.4.sla2.parallel_adapter.adapters.102.weight
set param.requires_grad = True for domain_embeding.layers.4.sla2.parallel_adapter.adapters.103.weight
set param.requires_grad = True for domain_embeding.layers.4.sla2.parallel_adapter.adapters.104.weight
set param.requires_grad = True for domain_embeding.layers.4.sla2.parallel_adapter.adapters.105.weight
set param.requires_grad = True for domain_embeding.layers.4.sla2.parallel_adapter.adapters.106.weight
set param.requires_grad = True for domain_embeding.layers.4.sla2.parallel_adapter.adapters.107.weight
set param.requires_grad = True for domain_embeding.layers.4.sla2.parallel_adapter.adapters.108.weight
set param.requires_grad = True for domain_embeding.layers.4.sla2.parallel_adapter.adapters.109.weight
set param.requires_grad = True for domain_embeding.layers.4.sla2.parallel_adapter.adapters.110.weight
set param.requires_grad = True for domain_embeding.layers.4.sla2.parallel_adapter.adapters.111.weight
set param.requires_grad = True for domain_embeding.layers.4.sla2.parallel_adapter.adapters.112.weight
set param.requires_grad = True for domain_embeding.layers.4.sla2.parallel_adapter.adapters.113.weight
set param.requires_grad = True for domain_embeding.layers.4.sla2.parallel_adapter.adapters.114.weight
set param.requires_grad = True for domain_embeding.layers.4.sla2.parallel_adapter.adapters.115.weight
set param.requires_grad = True for domain_embeding.layers.4.sla2.parallel_adapter.adapters.116.weight
set param.requires_grad = True for domain_embeding.layers.4.sla2.parallel_adapter.adapters.117.weight
set param.requires_grad = True for domain_embeding.layers.4.sla2.parallel_adapter.adapters.118.weight
set param.requires_grad = True for domain_embeding.layers.4.sla2.parallel_adapter.adapters.119.weight
set param.requires_grad = True for domain_embeding.layers.4.sla2.parallel_adapter.adapters.120.weight
set param.requires_grad = True for domain_embeding.layers.4.sla2.parallel_adapter.adapters.121.weight
set param.requires_grad = True for domain_embeding.layers.4.sla2.parallel_adapter.adapters.122.weight
set param.requires_grad = True for domain_embeding.layers.4.sla2.parallel_adapter.adapters.123.weight
set param.requires_grad = True for domain_embeding.layers.4.sla2.parallel_adapter.adapters.124.weight
set param.requires_grad = True for domain_embeding.layers.4.sla2.parallel_adapter.adapters.125.weight
set param.requires_grad = True for domain_embeding.layers.4.sla2.parallel_adapter.adapters.126.weight
set param.requires_grad = True for domain_embeding.layers.4.sla2.parallel_adapter.adapters.127.weight
set param.requires_grad = True for domain_embeding.batchnrom.weight
set param.requires_grad = True for domain_embeding.batchnrom.bias
set param.requires_grad = True for fusion.bilinear.weight
=> Start training
=> centroids.dtype: torch.float32
UZ fusion: tensor([-4.1240,  0.6768,  1.8595,  0.3639, -3.3023,  3.0740, -1.8922, -0.4309,
        -2.0633, -0.5471], device='cuda:0', grad_fn=<SliceBackward0>)
Epoch:1 Time:136.5 Data:0.0 Loss:7.2505 Cls Loss:6.3033 Pair Loss:0.4865 Recon Loss:0.4607 Acc:0.0550 
=> centroids.dtype: torch.float32
UZ fusion: tensor([-0.8003, -1.9896,  2.6643, -3.4511,  1.3472,  3.3930,  4.0448, -3.4413,
        -4.8435,  0.5094], device='cuda:0', grad_fn=<SliceBackward0>)
Epoch:2 Time:119.4 Data:0.0 Loss:5.7570 Cls Loss:5.1496 Pair Loss:0.1924 Recon Loss:0.4150 Acc:0.1650 
=> centroids.dtype: torch.float32
UZ fusion: tensor([ 1.1183,  5.5552,  4.2563, -0.8227, -5.2100, -1.7326, -6.3738, -1.3356,
        -3.6646, -0.3422], device='cuda:0', grad_fn=<SliceBackward0>)
Epoch:3 Time:141.5 Data:0.0 Loss:4.3168 Cls Loss:3.7917 Pair Loss:0.1220 Recon Loss:0.4031 Acc:0.3358 
=> centroids.dtype: torch.float32
UZ fusion: tensor([-1.0948, -0.7415,  4.3629, -3.6655, -0.8070,  3.5213,  1.5463,  0.9228,
        -4.9319,  1.2584], device='cuda:0', grad_fn=<SliceBackward0>)
Epoch:4 Time:146.4 Data:0.0 Loss:3.5726 Cls Loss:3.0705 Pair Loss:0.1026 Recon Loss:0.3995 Acc:0.4813 
=> centroids.dtype: torch.float32
UZ fusion: tensor([-0.1934,  0.9887,  7.2734, -7.8729,  2.4315,  7.4377,  0.3611,  3.1555,
        -3.9739, -4.2445], device='cuda:0', grad_fn=<SliceBackward0>)
Epoch:5 Time:148.2 Data:0.0 Loss:3.1770 Cls Loss:2.6947 Pair Loss:0.0862 Recon Loss:0.3961 Acc:0.5847 
=> Test at epoch 5
Extracted features for query set, obtained torch.Size([2228, 64]) matrix
Extracted features for gallery set, obtained torch.Size([17661, 64]) matrix
Extracting features complete in 0m 9s
Distance computing in 0m 0s
Computing CMC and mAP
Results ---------------------------------------------------
top1:73.8% top5:86.1% top10:88.5% top20:91.5% mAP:57.7%
-----------------------------------------------------------
Using 0m 3s
Extracted features for query set, obtained torch.Size([2228, 1280]) matrix
Extracted features for gallery set, obtained torch.Size([17661, 1280]) matrix
Extracting features complete in 0m 7s
Distance computing in 0m 1s
Computing CMC and mAP
Results ---------------------------------------------------
top1:68.9% top5:81.9% top10:84.9% top20:88.2% mAP:48.3%
-----------------------------------------------------------
Using 0m 3s
Extracted features for query set, obtained torch.Size([2228, 64]) matrix
Extracted features for gallery set, obtained torch.Size([17661, 64]) matrix
Extracting features complete in 0m 6s
Distance computing in 0m 0s
Computing CMC and mAP
Results ---------------------------------------------------
top1:74.3% top5:85.4% top10:88.2% top20:91.4% mAP:56.4%
-----------------------------------------------------------
Using 0m 3s
=> centroids.dtype: torch.float32
UZ fusion: tensor([-3.9986,  1.8042,  7.7622, -0.5493, -2.9809,  4.5795, -5.9067, -4.1272,
        -1.5655,  1.0380], device='cuda:0', grad_fn=<SliceBackward0>)
Epoch:6 Time:147.1 Data:0.0 Loss:2.8743 Cls Loss:2.4011 Pair Loss:0.0787 Recon Loss:0.3945 Acc:0.6572 
=> centroids.dtype: torch.float32
UZ fusion: tensor([ 6.8092, -2.9319, -5.0611,  4.0941, -0.8453, -7.2429, -4.5263, -1.2924,
         2.5398, -1.5415], device='cuda:0', grad_fn=<SliceBackward0>)
Epoch:7 Time:148.6 Data:0.0 Loss:2.6394 Cls Loss:2.1723 Pair Loss:0.0748 Recon Loss:0.3923 Acc:0.7191 
=> centroids.dtype: torch.float32
UZ fusion: tensor([ 10.3609, -28.5446,  45.6691, -67.4789,  63.0519,   0.5242,  14.2555,
        -87.1011,  15.6447,  -2.5599], device='cuda:0',
       grad_fn=<SliceBackward0>)
Epoch:8 Time:148.9 Data:0.0 Loss:2.5283 Cls Loss:2.0657 Pair Loss:0.0705 Recon Loss:0.3921 Acc:0.7610 
=> centroids.dtype: torch.float32
UZ fusion: tensor([ 1.6443,  3.1245, -2.5638,  7.2449, -1.2023, -1.0237, -4.3894,  3.0454,
        -3.3333, -0.8653], device='cuda:0', grad_fn=<SliceBackward0>)
Epoch:9 Time:147.5 Data:0.0 Loss:2.4112 Cls Loss:1.9589 Pair Loss:0.0617 Recon Loss:0.3905 Acc:0.7829 
=> centroids.dtype: torch.float32
UZ fusion: tensor([ 0.8130, -0.6919, -1.2371, -2.4976, -1.7625, -2.7908, -2.0097,  6.9129,
        -2.1112,  0.6312], device='cuda:0', grad_fn=<SliceBackward0>)
Epoch:10 Time:149.2 Data:0.0 Loss:2.4146 Cls Loss:1.9575 Pair Loss:0.0669 Recon Loss:0.3902 Acc:0.7866 
=> Test at epoch 10
Extracted features for query set, obtained torch.Size([2228, 64]) matrix
Extracted features for gallery set, obtained torch.Size([17661, 64]) matrix
Extracting features complete in 0m 9s
Distance computing in 0m 1s
Computing CMC and mAP
Results ---------------------------------------------------
top1:76.3% top5:87.6% top10:90.5% top20:92.4% mAP:60.3%
-----------------------------------------------------------
Using 0m 3s
Extracted features for query set, obtained torch.Size([2228, 1280]) matrix
Extracted features for gallery set, obtained torch.Size([17661, 1280]) matrix
Extracting features complete in 0m 8s
Distance computing in 0m 2s
Computing CMC and mAP
Results ---------------------------------------------------
top1:71.2% top5:83.1% top10:87.1% top20:90.4% mAP:52.3%
-----------------------------------------------------------
Using 0m 3s
Extracted features for query set, obtained torch.Size([2228, 64]) matrix
Extracted features for gallery set, obtained torch.Size([17661, 64]) matrix
Extracting features complete in 0m 6s
Distance computing in 0m 1s
Computing CMC and mAP
Results ---------------------------------------------------
top1:76.4% top5:86.8% top10:89.9% top20:92.3% mAP:59.7%
-----------------------------------------------------------
Using 0m 3s
=> centroids.dtype: torch.float32
UZ fusion: tensor([ 0.6392, -4.4804, -4.9953,  1.9503,  2.7536,  1.4441,  7.4193,  3.5976,
        -0.8568, -0.6297], device='cuda:0', grad_fn=<SliceBackward0>)
Epoch:11 Time:145.8 Data:0.0 Loss:2.3215 Cls Loss:1.8683 Pair Loss:0.0641 Recon Loss:0.3891 Acc:0.8231 
=> centroids.dtype: torch.float32
UZ fusion: tensor([ 0.2289,  2.2056, -0.0266, -3.5888,  6.2453, -4.1595, -9.8443, -2.4568,
         1.3175, -8.0872], device='cuda:0', grad_fn=<SliceBackward0>)
Epoch:12 Time:168.5 Data:0.0 Loss:2.5427 Cls Loss:2.0754 Pair Loss:0.0770 Recon Loss:0.3904 Acc:0.7829 
=> centroids.dtype: torch.float32
UZ fusion: tensor([-1.6712,  1.4294, -0.4003, -1.1053, -5.9903,  1.1413, -1.4260,  9.7284,
        -1.2652,  1.5138], device='cuda:0', grad_fn=<SliceBackward0>)
Epoch:13 Time:167.3 Data:0.0 Loss:2.2279 Cls Loss:1.7700 Pair Loss:0.0696 Recon Loss:0.3884 Acc:0.8419 
=> centroids.dtype: torch.float32
UZ fusion: tensor([ 1.9719, -0.7655, -8.4987,  5.3362,  7.2431, -3.1168, -2.2110, -0.9153,
         3.2548, -2.5803], device='cuda:0', grad_fn=<SliceBackward0>)
Epoch:14 Time:171.6 Data:0.0 Loss:2.1722 Cls Loss:1.7271 Pair Loss:0.0575 Recon Loss:0.3876 Acc:0.8491 
=> centroids.dtype: torch.float32
UZ fusion: tensor([-0.9675,  0.9942,  0.1461, -1.1106,  2.5284,  2.8617,  3.8728, -1.6049,
        -1.1207,  0.4878], device='cuda:0', grad_fn=<SliceBackward0>)
Epoch:15 Time:172.2 Data:0.0 Loss:2.1556 Cls Loss:1.7093 Pair Loss:0.0586 Recon Loss:0.3877 Acc:0.8549 
=> Test at epoch 15
Extracted features for query set, obtained torch.Size([2228, 64]) matrix
Extracted features for gallery set, obtained torch.Size([17661, 64]) matrix
Extracting features complete in 0m 10s
Distance computing in 0m 1s
Computing CMC and mAP
Results ---------------------------------------------------
top1:76.8% top5:87.3% top10:89.6% top20:92.3% mAP:60.1%
-----------------------------------------------------------
Using 0m 3s
Extracted features for query set, obtained torch.Size([2228, 1280]) matrix
Extracted features for gallery set, obtained torch.Size([17661, 1280]) matrix
Extracting features complete in 0m 8s
Distance computing in 0m 2s
Computing CMC and mAP
Results ---------------------------------------------------
top1:71.4% top5:83.3% top10:86.5% top20:89.5% mAP:51.6%
-----------------------------------------------------------
Using 0m 3s
Extracted features for query set, obtained torch.Size([2228, 64]) matrix
Extracted features for gallery set, obtained torch.Size([17661, 64]) matrix
Extracting features complete in 0m 7s
Distance computing in 0m 1s
Computing CMC and mAP
Results ---------------------------------------------------
top1:76.7% top5:86.9% top10:90.1% top20:92.7% mAP:60.5%
-----------------------------------------------------------
Using 0m 3s
=> centroids.dtype: torch.float32
UZ fusion: tensor([ 2.3392, -1.5331, -2.0866,  3.6765, -1.7178,  0.8868,  0.3682,  1.3301,
         0.8347,  0.3518], device='cuda:0', grad_fn=<SliceBackward0>)
Epoch:16 Time:172.9 Data:0.0 Loss:2.1051 Cls Loss:1.6663 Pair Loss:0.0522 Recon Loss:0.3867 Acc:0.8644 
=> centroids.dtype: torch.float32
UZ fusion: tensor([ 2.8950e-04,  4.3239e+00,  5.6436e+00,  1.9183e+00, -1.6262e+00,
         4.7431e+00, -5.2535e-01, -3.0976e+00,  2.5775e+00,  1.5800e+00],
       device='cuda:0', grad_fn=<SliceBackward0>)
Epoch:17 Time:172.8 Data:0.0 Loss:2.0779 Cls Loss:1.6339 Pair Loss:0.0571 Recon Loss:0.3869 Acc:0.8760 
=> centroids.dtype: torch.float32
UZ fusion: tensor([ 26.6094,  -6.7285,  31.2547, -10.9210,  12.5901,  -8.5942, -10.8785,
        -52.9378,  17.7429,  -7.5845], device='cuda:0',
       grad_fn=<SliceBackward0>)
Epoch:18 Time:167.9 Data:0.0 Loss:2.1390 Cls Loss:1.6925 Pair Loss:0.0594 Recon Loss:0.3871 Acc:0.8552 
=> centroids.dtype: torch.float32
UZ fusion: tensor([ 0.7786,  0.3359, -0.5008,  1.0842, -0.7998, -1.1821, -3.7524, -0.7399,
         2.0459, -1.1058], device='cuda:0', grad_fn=<SliceBackward0>)
Epoch:19 Time:170.0 Data:0.0 Loss:2.0766 Cls Loss:1.6346 Pair Loss:0.0558 Recon Loss:0.3862 Acc:0.8744 
=> centroids.dtype: torch.float32
UZ fusion: tensor([ 0.1568, -5.5677, -3.6081, -2.1523,  0.8869, -2.5676, -1.1362, -1.6803,
        -1.1537,  2.0586], device='cuda:0', grad_fn=<SliceBackward0>)
Epoch:20 Time:171.5 Data:0.0 Loss:2.0510 Cls Loss:1.6103 Pair Loss:0.0541 Recon Loss:0.3866 Acc:0.8836 
=> Test at epoch 20
Extracted features for query set, obtained torch.Size([2228, 64]) matrix
Extracted features for gallery set, obtained torch.Size([17661, 64]) matrix
Extracting features complete in 0m 10s
Distance computing in 0m 2s
Computing CMC and mAP
Results ---------------------------------------------------
top1:77.2% top5:87.7% top10:90.5% top20:93.2% mAP:61.0%
-----------------------------------------------------------
Using 0m 3s
Extracted features for query set, obtained torch.Size([2228, 1280]) matrix
Extracted features for gallery set, obtained torch.Size([17661, 1280]) matrix
Extracting features complete in 0m 8s
Distance computing in 0m 2s
Computing CMC and mAP
Results ---------------------------------------------------
top1:71.5% top5:83.8% top10:87.3% top20:89.6% mAP:50.9%
-----------------------------------------------------------
Using 0m 3s
Extracted features for query set, obtained torch.Size([2228, 64]) matrix
Extracted features for gallery set, obtained torch.Size([17661, 64]) matrix
Extracting features complete in 0m 7s
Distance computing in 0m 1s
Computing CMC and mAP
Results ---------------------------------------------------
top1:77.4% top5:87.9% top10:90.6% top20:92.9% mAP:61.3%
-----------------------------------------------------------
Using 0m 3s
=> centroids.dtype: torch.float32
UZ fusion: tensor([-1.4844,  0.9448, -0.9240,  2.2383, -1.1109, -1.4665, -2.4611,  0.1509,
         0.9296,  0.2683], device='cuda:0', grad_fn=<SliceBackward0>)
Epoch:21 Time:172.9 Data:0.0 Loss:1.8517 Cls Loss:1.4222 Pair Loss:0.0490 Recon Loss:0.3805 Acc:0.9365 
=> centroids.dtype: torch.float32
UZ fusion: tensor([-0.9698,  0.1191,  5.7716,  0.4938, -3.6734,  0.8242, -5.1853, -3.9521,
         1.4846,  1.0579], device='cuda:0', grad_fn=<SliceBackward0>)
Epoch:22 Time:172.4 Data:0.0 Loss:1.7950 Cls Loss:1.3674 Pair Loss:0.0482 Recon Loss:0.3793 Acc:0.9527 
=> centroids.dtype: torch.float32
UZ fusion: tensor([-1.1669,  4.3532, -0.4918, -3.3204,  3.7243,  2.9151,  4.8531, -1.9005,
        -0.8862,  0.0238], device='cuda:0', grad_fn=<SliceBackward0>)
Epoch:23 Time:169.8 Data:0.0 Loss:1.7568 Cls Loss:1.3301 Pair Loss:0.0483 Recon Loss:0.3784 Acc:0.9598 
=> centroids.dtype: torch.float32
UZ fusion: tensor([ 4.4467, -0.6205, -0.5091,  0.1952,  3.4544,  0.2627, -3.1960,  0.8562,
        -0.4415, -2.6935], device='cuda:0', grad_fn=<SliceBackward0>)
Epoch:24 Time:173.2 Data:0.0 Loss:1.7165 Cls Loss:1.2939 Pair Loss:0.0448 Recon Loss:0.3777 Acc:0.9670 
=> centroids.dtype: torch.float32
UZ fusion: tensor([-0.1798,  1.6769,  4.1323, -0.6379,  2.5543,  2.6173, -1.5814, -0.9340,
        -1.4757, -1.5910], device='cuda:0', grad_fn=<SliceBackward0>)
Epoch:25 Time:169.8 Data:0.0 Loss:1.7025 Cls Loss:1.2855 Pair Loss:0.0399 Recon Loss:0.3772 Acc:0.9671 
=> Test at epoch 25
Extracted features for query set, obtained torch.Size([2228, 64]) matrix
Extracted features for gallery set, obtained torch.Size([17661, 64]) matrix
Extracting features complete in 0m 8s
Distance computing in 0m 1s
Computing CMC and mAP
Results ---------------------------------------------------
top1:77.2% top5:88.5% top10:90.9% top20:93.4% mAP:61.7%
-----------------------------------------------------------
Using 0m 3s
Extracted features for query set, obtained torch.Size([2228, 1280]) matrix
Extracted features for gallery set, obtained torch.Size([17661, 1280]) matrix
Extracting features complete in 0m 8s
Distance computing in 0m 2s
Computing CMC and mAP
Results ---------------------------------------------------
top1:72.3% top5:85.1% top10:88.4% top20:90.9% mAP:52.8%
-----------------------------------------------------------
Using 0m 3s
Extracted features for query set, obtained torch.Size([2228, 64]) matrix
Extracted features for gallery set, obtained torch.Size([17661, 64]) matrix
Extracting features complete in 0m 7s
Distance computing in 0m 1s
Computing CMC and mAP
Results ---------------------------------------------------
top1:77.8% top5:88.9% top10:91.0% top20:93.5% mAP:62.2%
-----------------------------------------------------------
Using 0m 3s
=> centroids.dtype: torch.float32
UZ fusion: tensor([ 0.8210, -2.6022,  1.3284,  1.5729, -4.3400,  1.6218, -2.0636,  4.5825,
         2.3843,  0.5379], device='cuda:0', grad_fn=<SliceBackward0>)
Epoch:26 Time:172.7 Data:0.0 Loss:1.7162 Cls Loss:1.2964 Pair Loss:0.0426 Recon Loss:0.3772 Acc:0.9675 
=> centroids.dtype: torch.float32
UZ fusion: tensor([ 2.3519, -0.2113,  2.8048, -2.6271, -4.5576,  0.1952, -0.8018,  3.4781,
        -2.0055,  0.1326], device='cuda:0', grad_fn=<SliceBackward0>)
Epoch:27 Time:172.1 Data:0.0 Loss:1.6810 Cls Loss:1.2649 Pair Loss:0.0391 Recon Loss:0.3770 Acc:0.9727 
=> centroids.dtype: torch.float32
UZ fusion: tensor([-2.0208,  2.6710, -2.4642,  0.3585, -0.6145,  2.3437, -0.8226,  3.0382,
         2.0110,  0.8466], device='cuda:0', grad_fn=<SliceBackward0>)
Epoch:28 Time:169.5 Data:0.0 Loss:1.6680 Cls Loss:1.2566 Pair Loss:0.0353 Recon Loss:0.3762 Acc:0.9732 
=> centroids.dtype: torch.float32
UZ fusion: tensor([-3.0773, -2.7013,  1.0855, -2.2419, -3.1548,  1.2721,  0.3804,  2.7156,
         3.2765,  0.4157], device='cuda:0', grad_fn=<SliceBackward0>)
Epoch:29 Time:172.9 Data:0.0 Loss:1.6841 Cls Loss:1.2686 Pair Loss:0.0391 Recon Loss:0.3764 Acc:0.9715 
=> centroids.dtype: torch.float32
UZ fusion: tensor([  9.2886,  -5.5308,   6.4931,  -9.3664,   9.6120,   0.8379,  -4.4204,
          0.2434,   1.6297, -11.0168], device='cuda:0',
       grad_fn=<SliceBackward0>)
Epoch:30 Time:168.6 Data:0.0 Loss:1.6517 Cls Loss:1.2412 Pair Loss:0.0351 Recon Loss:0.3754 Acc:0.9770 
=> Test at epoch 30
Extracted features for query set, obtained torch.Size([2228, 64]) matrix
Extracted features for gallery set, obtained torch.Size([17661, 64]) matrix
Extracting features complete in 0m 10s
Distance computing in 0m 2s
Computing CMC and mAP
Results ---------------------------------------------------
top1:77.6% top5:88.1% top10:91.2% top20:93.6% mAP:61.9%
-----------------------------------------------------------
Using 0m 3s
Extracted features for query set, obtained torch.Size([2228, 1280]) matrix
Extracted features for gallery set, obtained torch.Size([17661, 1280]) matrix
Extracting features complete in 0m 8s
Distance computing in 0m 2s
Computing CMC and mAP
Results ---------------------------------------------------
top1:72.6% top5:84.3% top10:87.8% top20:90.3% mAP:53.0%
-----------------------------------------------------------
Using 0m 3s
Extracted features for query set, obtained torch.Size([2228, 64]) matrix
Extracted features for gallery set, obtained torch.Size([17661, 64]) matrix
Extracting features complete in 0m 7s
Distance computing in 0m 1s
Computing CMC and mAP
Results ---------------------------------------------------
top1:77.7% top5:88.5% top10:91.2% top20:93.6% mAP:62.4%
-----------------------------------------------------------
Using 0m 3s
=> centroids.dtype: torch.float32
UZ fusion: tensor([ 0.6292, -0.9562, -1.5763,  3.2257,  1.8520, -2.4343,  0.6440, -1.2645,
         0.3830, -0.9880], device='cuda:0', grad_fn=<SliceBackward0>)
Epoch:31 Time:171.6 Data:0.0 Loss:1.6563 Cls Loss:1.2453 Pair Loss:0.0353 Recon Loss:0.3756 Acc:0.9740 
=> centroids.dtype: torch.float32
UZ fusion: tensor([-1.8280,  1.3366,  1.1770, -0.4978, -1.2640,  2.3781,  0.3894, -2.2704,
        -0.7992,  0.3559], device='cuda:0', grad_fn=<SliceBackward0>)
Epoch:32 Time:170.4 Data:0.0 Loss:1.6538 Cls Loss:1.2394 Pair Loss:0.0390 Recon Loss:0.3754 Acc:0.9755 
=> centroids.dtype: torch.float32
UZ fusion: tensor([ 2.1995,  1.6708, -1.7701, -2.2150,  1.9806, -0.0305, -3.5609, -1.4064,
        -0.2662,  1.7377], device='cuda:0', grad_fn=<SliceBackward0>)
Epoch:33 Time:168.4 Data:0.0 Loss:1.6475 Cls Loss:1.2344 Pair Loss:0.0382 Recon Loss:0.3749 Acc:0.9780 
=> centroids.dtype: torch.float32
UZ fusion: tensor([ 3.0372, -3.3958, -4.8895,  5.4475, -1.1741, -2.8039, -6.3295,  1.1083,
         0.9530, -0.2430], device='cuda:0', grad_fn=<SliceBackward0>)
Epoch:34 Time:169.5 Data:0.0 Loss:1.6492 Cls Loss:1.2347 Pair Loss:0.0398 Recon Loss:0.3748 Acc:0.9763 
=> centroids.dtype: torch.float32
UZ fusion: tensor([-0.1670, -1.8129,  0.1129,  1.7386, -0.9084, -0.5834,  1.2898, -0.8164,
         0.0918, -0.5201], device='cuda:0', grad_fn=<SliceBackward0>)
Epoch:35 Time:174.2 Data:0.0 Loss:1.6351 Cls Loss:1.2274 Pair Loss:0.0331 Recon Loss:0.3746 Acc:0.9796 
=> Test at epoch 35
Extracted features for query set, obtained torch.Size([2228, 64]) matrix
Extracted features for gallery set, obtained torch.Size([17661, 64]) matrix
Extracting features complete in 0m 9s
Distance computing in 0m 1s
Computing CMC and mAP
Results ---------------------------------------------------
top1:77.8% top5:88.6% top10:91.0% top20:93.2% mAP:61.9%
-----------------------------------------------------------
Using 0m 3s
Extracted features for query set, obtained torch.Size([2228, 1280]) matrix
Extracted features for gallery set, obtained torch.Size([17661, 1280]) matrix
Extracting features complete in 0m 8s
Distance computing in 0m 3s
Computing CMC and mAP
Results ---------------------------------------------------
top1:72.4% top5:84.7% top10:87.5% top20:90.6% mAP:52.9%
-----------------------------------------------------------
Using 0m 3s
Extracted features for query set, obtained torch.Size([2228, 64]) matrix
Extracted features for gallery set, obtained torch.Size([17661, 64]) matrix
Extracting features complete in 0m 7s
Distance computing in 0m 2s
Computing CMC and mAP
Results ---------------------------------------------------
top1:77.8% top5:88.6% top10:91.2% top20:93.1% mAP:62.2%
-----------------------------------------------------------
Using 0m 3s
=> centroids.dtype: torch.float32
UZ fusion: tensor([ 0.9461, -1.4799, -1.6441, -7.5269, -0.1383, -1.1383, -0.2205,  2.3948,
        -1.4360,  1.7824], device='cuda:0', grad_fn=<SliceBackward0>)
Epoch:36 Time:171.8 Data:0.0 Loss:1.6336 Cls Loss:1.2248 Pair Loss:0.0344 Recon Loss:0.3743 Acc:0.9801 
=> centroids.dtype: torch.float32
UZ fusion: tensor([-2.4712,  0.6342,  1.9063,  0.2962, -0.5524,  2.8409,  0.0674,  1.1904,
         1.1287, -0.3092], device='cuda:0', grad_fn=<SliceBackward0>)
Epoch:37 Time:169.9 Data:0.0 Loss:1.6388 Cls Loss:1.2272 Pair Loss:0.0372 Recon Loss:0.3744 Acc:0.9787 
=> centroids.dtype: torch.float32
UZ fusion: tensor([-1.2843, -1.3118, -0.4235,  0.0099,  0.8132,  0.8461,  2.1962,  0.1003,
        -0.2732,  0.0803], device='cuda:0', grad_fn=<SliceBackward0>)
Epoch:38 Time:170.8 Data:0.0 Loss:1.6378 Cls Loss:1.2317 Pair Loss:0.0320 Recon Loss:0.3741 Acc:0.9799 
=> centroids.dtype: torch.float32
UZ fusion: tensor([ 1.8510, -1.5452,  1.6785,  1.0168, -0.3862,  1.1339, -3.5087,  4.7507,
        -0.3279, -1.5349], device='cuda:0', grad_fn=<SliceBackward0>)
Epoch:39 Time:172.5 Data:0.0 Loss:1.6227 Cls Loss:1.2161 Pair Loss:0.0330 Recon Loss:0.3737 Acc:0.9802 
=> centroids.dtype: torch.float32
UZ fusion: tensor([-0.3797, -1.6555,  1.6811, -3.6954,  0.9927,  2.6999,  0.9983,  0.2771,
         0.3113, -0.4351], device='cuda:0', grad_fn=<SliceBackward0>)
Epoch:40 Time:172.6 Data:0.0 Loss:1.6244 Cls Loss:1.2164 Pair Loss:0.0344 Recon Loss:0.3736 Acc:0.9812 
=> Test at epoch 40
Extracted features for query set, obtained torch.Size([2228, 64]) matrix
Extracted features for gallery set, obtained torch.Size([17661, 64]) matrix
Extracting features complete in 0m 10s
Distance computing in 0m 1s
Computing CMC and mAP
Results ---------------------------------------------------
top1:78.4% top5:89.1% top10:91.8% top20:93.5% mAP:62.3%
-----------------------------------------------------------
Using 0m 3s
Extracted features for query set, obtained torch.Size([2228, 1280]) matrix
Extracted features for gallery set, obtained torch.Size([17661, 1280]) matrix
Extracting features complete in 0m 9s
Distance computing in 0m 2s
Computing CMC and mAP
Results ---------------------------------------------------
top1:71.7% top5:83.8% top10:87.2% top20:90.1% mAP:52.5%
-----------------------------------------------------------
Using 0m 3s
Extracted features for query set, obtained torch.Size([2228, 64]) matrix
Extracted features for gallery set, obtained torch.Size([17661, 64]) matrix
Extracting features complete in 0m 7s
Distance computing in 0m 2s
Computing CMC and mAP
Results ---------------------------------------------------
top1:78.4% top5:88.3% top10:91.2% top20:93.5% mAP:62.4%
-----------------------------------------------------------
Using 0m 3s
=> centroids.dtype: torch.float32
UZ fusion: tensor([-1.3634,  3.8958, -0.3157,  1.3554, -0.1806,  2.5474, -0.3924, -2.1467,
        -1.2206,  0.6548], device='cuda:0', grad_fn=<SliceBackward0>)
Epoch:41 Time:170.9 Data:0.0 Loss:1.6115 Cls Loss:1.2044 Pair Loss:0.0342 Recon Loss:0.3729 Acc:0.9839 
=> centroids.dtype: torch.float32
UZ fusion: tensor([-0.8029,  0.3015,  2.5810,  2.0786, -2.9717,  2.1953, -1.2437, -0.8794,
         1.0697,  0.5439], device='cuda:0', grad_fn=<SliceBackward0>)
Epoch:42 Time:169.5 Data:0.0 Loss:1.5952 Cls Loss:1.1925 Pair Loss:0.0306 Recon Loss:0.3722 Acc:0.9853 
=> centroids.dtype: torch.float32
UZ fusion: tensor([ 6.5144, -7.4149,  6.7194, -5.8796,  4.9216, -1.1084, -4.9838, -1.1531,
         0.9773, -7.9534], device='cuda:0', grad_fn=<SliceBackward0>)
Epoch:43 Time:167.2 Data:0.0 Loss:1.5966 Cls Loss:1.1932 Pair Loss:0.0312 Recon Loss:0.3723 Acc:0.9855 
=> centroids.dtype: torch.float32
UZ fusion: tensor([-3.4778,  0.2083,  2.3927,  1.1239, -1.1223, -1.0572,  0.2440, -4.4324,
         2.0479,  0.2034], device='cuda:0', grad_fn=<SliceBackward0>)
Epoch:44 Time:173.4 Data:0.0 Loss:1.6017 Cls Loss:1.1980 Pair Loss:0.0311 Recon Loss:0.3726 Acc:0.9844 
=> centroids.dtype: torch.float32
UZ fusion: tensor([-0.8488, -0.0099, -2.8309, -1.5054,  2.1884,  0.2325,  1.6587,  2.9331,
         0.6544, -0.6835], device='cuda:0', grad_fn=<SliceBackward0>)
Epoch:45 Time:172.1 Data:0.0 Loss:1.5959 Cls Loss:1.1888 Pair Loss:0.0349 Recon Loss:0.3721 Acc:0.9849 
=> Test at epoch 45
Extracted features for query set, obtained torch.Size([2228, 64]) matrix
Extracted features for gallery set, obtained torch.Size([17661, 64]) matrix
Extracting features complete in 0m 10s
Distance computing in 0m 1s
Computing CMC and mAP
Results ---------------------------------------------------
top1:77.8% top5:88.6% top10:91.2% top20:93.4% mAP:62.2%
-----------------------------------------------------------
Using 0m 3s
Extracted features for query set, obtained torch.Size([2228, 1280]) matrix
Extracted features for gallery set, obtained torch.Size([17661, 1280]) matrix
Extracting features complete in 0m 8s
Distance computing in 0m 2s
Computing CMC and mAP
Results ---------------------------------------------------
top1:73.1% top5:84.6% top10:87.5% top20:90.4% mAP:52.7%
-----------------------------------------------------------
Using 0m 3s
Extracted features for query set, obtained torch.Size([2228, 64]) matrix
Extracted features for gallery set, obtained torch.Size([17661, 64]) matrix
Extracting features complete in 0m 7s
Distance computing in 0m 1s
Computing CMC and mAP
Results ---------------------------------------------------
top1:78.1% top5:88.6% top10:91.2% top20:93.2% mAP:62.4%
-----------------------------------------------------------
Using 0m 3s
=> centroids.dtype: torch.float32
UZ fusion: tensor([-2.7197, -1.1293,  0.3351,  0.3627,  0.5011,  2.4994,  1.6808, -1.2695,
         1.3125,  0.0575], device='cuda:0', grad_fn=<SliceBackward0>)
Epoch:46 Time:172.7 Data:0.0 Loss:1.6056 Cls Loss:1.2000 Pair Loss:0.0332 Recon Loss:0.3724 Acc:0.9841 
=> centroids.dtype: torch.float32
UZ fusion: tensor([-1.1082,  1.2532,  2.5011, -3.4427, -1.4329,  2.0675,  0.7224,  1.4621,
        -0.8360,  0.1316], device='cuda:0', grad_fn=<SliceBackward0>)
Epoch:47 Time:171.5 Data:0.0 Loss:1.6135 Cls Loss:1.2053 Pair Loss:0.0353 Recon Loss:0.3729 Acc:0.9834 
=> centroids.dtype: torch.float32
UZ fusion: tensor([-4.1282,  0.3170,  1.9657, -1.3913,  1.9726, -0.7264,  0.8448, -0.0286,
         2.7443, -0.2033], device='cuda:0', grad_fn=<SliceBackward0>)
Epoch:48 Time:172.6 Data:0.0 Loss:1.6117 Cls Loss:1.2023 Pair Loss:0.0368 Recon Loss:0.3726 Acc:0.9842 
=> centroids.dtype: torch.float32
UZ fusion: tensor([-4.8006,  2.1235,  3.5921, -0.3147,  5.5010,  2.7998, -0.4804, -4.6332,
        -0.4949, -0.6262], device='cuda:0', grad_fn=<SliceBackward0>)
Epoch:49 Time:173.9 Data:0.0 Loss:1.6019 Cls Loss:1.1948 Pair Loss:0.0347 Recon Loss:0.3724 Acc:0.9857 
=> centroids.dtype: torch.float32
UZ fusion: tensor([-1.6101, -2.0024, -1.7900,  4.1441, -0.6293, -2.5629,  0.3663, -1.0741,
         1.3170,  0.3433], device='cuda:0', grad_fn=<SliceBackward0>)
Epoch:50 Time:174.8 Data:0.0 Loss:1.5753 Cls Loss:1.1757 Pair Loss:0.0276 Recon Loss:0.3719 Acc:0.9890 
=> Test at epoch 50
Extracted features for query set, obtained torch.Size([2228, 64]) matrix
Extracted features for gallery set, obtained torch.Size([17661, 64]) matrix
Extracting features complete in 0m 9s
Distance computing in 0m 2s
Computing CMC and mAP
Results ---------------------------------------------------
top1:78.5% top5:88.4% top10:91.2% top20:93.5% mAP:62.2%
-----------------------------------------------------------
Using 0m 3s
Extracted features for query set, obtained torch.Size([2228, 1280]) matrix
Extracted features for gallery set, obtained torch.Size([17661, 1280]) matrix
Extracting features complete in 0m 9s
Distance computing in 0m 2s
Computing CMC and mAP
Results ---------------------------------------------------
top1:72.0% top5:83.5% top10:87.0% top20:89.9% mAP:51.3%
-----------------------------------------------------------
Using 0m 3s
Extracted features for query set, obtained torch.Size([2228, 64]) matrix
Extracted features for gallery set, obtained torch.Size([17661, 64]) matrix
Extracting features complete in 0m 7s
Distance computing in 0m 1s
Computing CMC and mAP
Results ---------------------------------------------------
top1:77.8% top5:88.5% top10:90.8% top20:93.2% mAP:62.4%
-----------------------------------------------------------
Using 0m 3s
=> centroids.dtype: torch.float32
UZ fusion: tensor([-0.7140,  3.1135, -2.2183, -2.9666, -0.1043,  1.2425,  4.3229, -2.1743,
         0.6152,  2.7638], device='cuda:0', grad_fn=<SliceBackward0>)
Epoch:51 Time:170.0 Data:0.0 Loss:1.5941 Cls Loss:1.1888 Pair Loss:0.0331 Recon Loss:0.3722 Acc:0.9857 
=> centroids.dtype: torch.float32
UZ fusion: tensor([ 0.9144,  1.5128,  0.4374, -0.7304,  2.5657,  2.3161,  2.3003, -0.7098,
        -0.2263,  0.2750], device='cuda:0', grad_fn=<SliceBackward0>)
Epoch:52 Time:166.4 Data:0.0 Loss:1.5732 Cls Loss:1.1760 Pair Loss:0.0255 Recon Loss:0.3717 Acc:0.9887 
=> centroids.dtype: torch.float32
UZ fusion: tensor([ 0.4483, -2.9285,  1.6964, -4.9136, -0.0323, -1.5032,  0.7971, -2.1531,
        -0.7054, -0.9736], device='cuda:0', grad_fn=<SliceBackward0>)
Epoch:53 Time:171.1 Data:0.0 Loss:1.5815 Cls Loss:1.1833 Pair Loss:0.0262 Recon Loss:0.3720 Acc:0.9870 
=> centroids.dtype: torch.float32
UZ fusion: tensor([-1.5688, -3.8394,  3.7991,  1.5312, -1.5179,  0.8821, -5.5244, -2.0982,
        -0.0407,  1.2121], device='cuda:0', grad_fn=<SliceBackward0>)
Epoch:54 Time:171.7 Data:0.0 Loss:1.5768 Cls Loss:1.1784 Pair Loss:0.0267 Recon Loss:0.3716 Acc:0.9866 
=> centroids.dtype: torch.float32
UZ fusion: tensor([-0.1644,  3.0866,  4.2335,  2.6381,  0.6806,  2.9750,  0.1722, -3.0087,
         1.8357,  0.6101], device='cuda:0', grad_fn=<SliceBackward0>)
Epoch:55 Time:173.0 Data:0.0 Loss:1.5821 Cls Loss:1.1794 Pair Loss:0.0314 Recon Loss:0.3713 Acc:0.9854 
=> Test at epoch 55
Extracted features for query set, obtained torch.Size([2228, 64]) matrix
Extracted features for gallery set, obtained torch.Size([17661, 64]) matrix
Extracting features complete in 0m 10s
Distance computing in 0m 1s
Computing CMC and mAP
Results ---------------------------------------------------
top1:78.3% top5:88.4% top10:91.2% top20:93.4% mAP:62.3%
-----------------------------------------------------------
Using 0m 3s
Extracted features for query set, obtained torch.Size([2228, 1280]) matrix
Extracted features for gallery set, obtained torch.Size([17661, 1280]) matrix
Extracting features complete in 0m 8s
Distance computing in 0m 2s
Computing CMC and mAP
Results ---------------------------------------------------
top1:71.8% top5:84.0% top10:87.5% top20:90.1% mAP:51.1%
-----------------------------------------------------------
Using 0m 3s
Extracted features for query set, obtained torch.Size([2228, 64]) matrix
Extracted features for gallery set, obtained torch.Size([17661, 64]) matrix
Extracting features complete in 0m 7s
Distance computing in 0m 2s
Computing CMC and mAP
Results ---------------------------------------------------
top1:77.7% top5:88.7% top10:91.1% top20:93.2% mAP:62.5%
-----------------------------------------------------------
Using 0m 3s
=> centroids.dtype: torch.float32
UZ fusion: tensor([ 0.2685,  1.3624, -1.0309, -1.3174,  1.0822,  1.9482,  1.3353,  0.0436,
         0.8523,  0.5664], device='cuda:0', grad_fn=<SliceBackward0>)
Epoch:56 Time:170.7 Data:0.0 Loss:1.5925 Cls Loss:1.1895 Pair Loss:0.0310 Recon Loss:0.3720 Acc:0.9833 
=> centroids.dtype: torch.float32
UZ fusion: tensor([ 2.9909, -1.8192,  1.6116, -2.6403, -5.0269, -1.4331, -1.0360,  2.3064,
        -0.5560, -0.5387], device='cuda:0', grad_fn=<SliceBackward0>)
Epoch:57 Time:146.0 Data:0.0 Loss:1.5853 Cls Loss:1.1830 Pair Loss:0.0301 Recon Loss:0.3722 Acc:0.9877 
=> centroids.dtype: torch.float32
UZ fusion: tensor([-0.2455,  0.1276, -0.3924, -0.3030,  5.3702, -1.0367, -7.6461, -3.6024,
         3.0471,  0.0200], device='cuda:0', grad_fn=<SliceBackward0>)
Epoch:58 Time:145.9 Data:0.0 Loss:1.5883 Cls Loss:1.1843 Pair Loss:0.0323 Recon Loss:0.3717 Acc:0.9864 
=> centroids.dtype: torch.float32
UZ fusion: tensor([-1.2158,  1.8793, -0.5662,  0.9579,  0.6934, -2.7490,  2.2857,  0.2342,
        -0.3259, -2.2320], device='cuda:0', grad_fn=<SliceBackward0>)
Epoch:59 Time:149.8 Data:0.0 Loss:1.5900 Cls Loss:1.1889 Pair Loss:0.0290 Recon Loss:0.3721 Acc:0.9854 
=> centroids.dtype: torch.float32
UZ fusion: tensor([-0.0024, -0.5372,  2.2510,  2.1664, -0.8757,  2.1337,  1.9409, -1.1029,
         1.3868,  1.4485], device='cuda:0', grad_fn=<SliceBackward0>)
Epoch:60 Time:149.1 Data:0.0 Loss:1.5844 Cls Loss:1.1843 Pair Loss:0.0285 Recon Loss:0.3715 Acc:0.9855 
=> Test at epoch 60
Extracted features for query set, obtained torch.Size([2228, 64]) matrix
Extracted features for gallery set, obtained torch.Size([17661, 64]) matrix
Extracting features complete in 0m 8s
Distance computing in 0m 1s
Computing CMC and mAP
Results ---------------------------------------------------
top1:78.3% top5:88.8% top10:91.2% top20:93.4% mAP:62.3%
-----------------------------------------------------------
Using 0m 3s
Extracted features for query set, obtained torch.Size([2228, 1280]) matrix
Extracted features for gallery set, obtained torch.Size([17661, 1280]) matrix
Extracting features complete in 0m 7s
Distance computing in 0m 1s
Computing CMC and mAP
Results ---------------------------------------------------
top1:71.9% top5:84.2% top10:87.3% top20:89.9% mAP:51.1%
-----------------------------------------------------------
Using 0m 3s
Extracted features for query set, obtained torch.Size([2228, 64]) matrix
Extracted features for gallery set, obtained torch.Size([17661, 64]) matrix
Extracting features complete in 0m 7s
Distance computing in 0m 1s
Computing CMC and mAP
Results ---------------------------------------------------
top1:78.0% top5:88.6% top10:91.7% top20:93.5% mAP:62.4%
-----------------------------------------------------------
Using 0m 3s
=> Best Rank-1 78.4% achieved at epoch 40
Finished. Total elapsed time (h:m:s): 2:53:37. Training time (h:m:s): 2:45:44.
Shutting down background jobs, please wait a moment...
Done!
Waiting for the remaining 20 operations to synchronize with Neptune. Do not kill this process.
All 20 operations synced, thanks for waiting!
Explore the metadata in the Neptune app:
https://app.neptune.ai/Zhengwei-Lab/NIPSTransferReID/e/NIPS-688/metadata
