0.0,1720765128328,=> merge config from ./configs/clipreid_cvae_kl.yaml
1.0,1720765128333,

2.0,1720765128333,=> Configurations:
-------------------------
3.0,1720765128333,

4.0,1720765128333,AMP: True
AUG:
  RC_PROB: 0.5
  RE_PROB: 0.5
DATA:
  CUHK03_CLASSIC_SPLIT: False
  CUHK03_LABELED: False
  DATASET: market1k
  FORMAT_TAG: tensor
  HEIGHT: 256
  NUM_INSTANCES: 4
  NUM_WORKERS: 4
  ROOT: /home/zhengwei/Desktop/Zhengwei/Projects/datasets
  SPLIT_ID: 0
  TEST_BATCH: 512
  TRAIN_BATCH: 64
  TRAIN_FORMAT: novel
  WIDTH: 128
EVAL_MODE: False
GPU: 0
LOSS:
  CLA_LOSS: crossentropy
  CLA_M: 0.0
  CLA_S: 16.0
  PAIR_LOSS: triplet
  PAIR_M: 0.3
  PAIR_S: 16.0
  RECON_LOSS: mse
  USE_NCE: True
MODEL:
  CONDITIONAL: False
  FEATURE_DIM: 1280
  FEAT_FUSION: True
  FLOW_TYPE: 
  GAUSSIAN: MultivariateNormal
  HIDDEN_DIM: 256
  LATENT_SIZE: 64
  NAME: CVAE
  ONLY_CVAE_KL: False
  ONLY_X_INPUT: False
  PRETRAIN: CLIPreidFinetune
  RES4_STRIDE: 1
  RESUME: /home/zhengwei/Desktop/Zhengwei/Projects/CVAE/outputs/market1k/clipreid_simplevae_tune/novel/2024-07-04/Tuned_SimpleVAE+2E_128+64z_1e3+3_60+120_KLtotalZ_noCLS
  TRAIN_STAGE: reidstage
  USE_CENTROID: False
  USE_TWO_ENCODER: True
  V
5.0,1720765128333,

6.0,1720765128334,----------------------
7.0,1720765128334,

8.0,1720765128334,Initializing dataset market1k
9.0,1720765128334,

10.0,1720765128334,Warning: string series 'monitoring/0daf9073/stdout' value was longer than 1000 characters and was truncated. This warning is printed only once per series.

11.0,1720765128394,=> Market-Sketch-1K tensor loaded
12.0,1720765128395,

13.0,1720765128395,Dataset statistics:
14.0,1720765128396,

15.0,1720765128396,  ------------------------------
16.0,1720765128396,

17.0,1720765128396,  subset   | # ids | # images
18.0,1720765128396,

19.0,1720765128396,  ------------------------------
20.0,1720765128396,

21.0,1720765128396,  train    |   996 |     3992
22.0,1720765128396,

23.0,1720765128396,  query    |   996 |     2709
24.0,1720765128396,

25.0,1720765128396,  gallery  |   996 |     2000
26.0,1720765128396,

27.0,1720765128396,  ------------------------------
28.0,1720765128396,

29.0,1720765128396,  total    |  1992 |     8701
30.0,1720765128396,

31.0,1720765128396,  ------------------------------
32.0,1720765128397,

33.0,1720765128397,Initializing SinpleVAE model with 2 encoders
34.0,1720765128397,

35.0,1720765128463,Model size: 11.88307M
36.0,1720765128463,

37.0,1720765129343,[INFO] Register count_relu() for <class 'torch.nn.modules.activation.LeakyReLU'>.
38.0,1720765129344,

39.0,1720765129344,[INFO] Register count_linear() for <class 'torch.nn.modules.linear.Linear'>.
40.0,1720765129346,

41.0,1720765129346,[INFO] Register count_normalization() for <class 'torch.nn.modules.batchnorm.BatchNorm1d'>.
42.0,1720765129346,

43.0,1720765129346,[INFO] Register zero_ops() for <class 'torch.nn.modules.activation.ReLU'>.
44.0,1720765129346,

45.0,1720765129346,[INFO] Register zero_ops() for <class 'torch.nn.modules.dropout.Dropout'>.
46.0,1720765129346,

47.0,1720765129347,[INFO] Register zero_ops() for <class 'torch.nn.modules.container.Sequential'>.
48.0,1720765129347,

49.0,1720765129764,FLOPs: 0.75465G
50.0,1720765129764,

51.0,1720765129764,Params: 11.78419M
52.0,1720765129764,

53.0,1720765129765,Initialized classifier with feature_dim: 128, num_classes: 996
54.0,1720765129765,

55.0,1720765129765,Classifier size: 0.12749M
56.0,1720765129765,

57.0,1720765129767,reid_projector.weight is tuneable
58.0,1720765129767,

59.0,1720765129768,i2t_projector.weight is tuneable
60.0,1720765129768,

61.0,1720765129768,i2t_projector.bias is tuneable
62.0,1720765129769,

63.0,1720765129769,=> Start Training Classifier Only
64.0,1720765129769,

65.0,1720765129769,Loading checkpoint from '/home/zhengwei/Desktop/Zhengwei/Projects/CVAE/outputs/market1k/clipreid_simplevae_tune/novel/2024-07-04/Tuned_SimpleVAE+2E_128+64z_1e3+3_60+120_KLtotalZ_noCLS.best_model.pth.tar'
66.0,1720765129769,

67.0,1720765130053,Ignores parameter: 
68.0,1720765130053, 
69.0,1720765130053,i2t_projector.weight
70.0,1720765130053,

71.0,1720765130053,Ignores parameter: 
72.0,1720765130053, 
73.0,1720765130054,i2t_projector.bias
74.0,1720765130054,

75.0,1720765130054,orginal best rank1 = 0.10668143226282761
76.0,1720765130054,

77.0,1720765130099,=> Start evaluation on Novel data without finetuning
78.0,1720765130108,

79.0,1720765130109,=> Test pretarined feature form VLP model
80.0,1720765130109,

81.0,1720765132019,Normalizing features
82.0,1720765132019,

83.0,1720765133566,Normalizing features
84.0,1720765133566,

85.0,1720765133602,Extracted features for query set, obtained torch.Size([2709, 1280]) matrix
86.0,1720765133602,

87.0,1720765133602,Extracted features for gallery set, obtained torch.Size([2000, 1280]) matrix
88.0,1720765133602,

89.0,1720765133602,Extracting features complete in 0m 3s
90.0,1720765133602,

91.0,1720765133731,Distance computing in 0m 0s
92.0,1720765133731,

93.0,1720765133731,Computing CMC and mAP
94.0,1720765133731,

95.0,1720765134039,Results ---------------------------------------------------
96.0,1720765134039,

97.0,1720765134039,top1:35.2% top5:60.5% top10:71.2% top20:80.7% mAP:39.8%
98.0,1720765134039,

99.0,1720765134040,-----------------------------------------------------------
100.0,1720765134040,

101.0,1720765134040,Using 0m 0s
102.0,1720765134041,

103.0,1720765134041,==========Test with latent_z: new_z =========
104.0,1720765134041,

105.0,1720765134041,==========Test with NCE LOSS=========
106.0,1720765134041,

107.0,1720765137432,Extracted features for query set, obtained torch.Size([2709, 192]) matrix
108.0,1720765137432,

109.0,1720765137432,Extracted features for gallery set, obtained torch.Size([2000, 192]) matrix
110.0,1720765137432,

111.0,1720765137432,Extracting features complete in 0m 3s
112.0,1720765137432,

113.0,1720765137557,Distance computing in 0m 0s
114.0,1720765137557,

115.0,1720765137864,Results ---------------------------------------------------
116.0,1720765137864,

117.0,1720765137864,top1:21.7% top5:43.9% top10:55.8% top20:68.4% mAP:26.6%
118.0,1720765137864,

119.0,1720765137864,-----------------------------------------------------------
120.0,1720765137864,

121.0,1720765138294,CAT Results ---------------------------------------------------
122.0,1720765138294,

123.0,1720765138294,top1:21.9% top5:42.9% top10:55.3% top20:67.2% mAP:26.4%
124.0,1720765138294,

125.0,1720765138294,-----------------------------------------------------------
126.0,1720765138295,

127.0,1720765138295,Using 0m 0s
128.0,1720765138295,

129.0,1720765138295,Classifier results ---------------------------------------------------
130.0,1720765138295,

131.0,1720765138295,Query acc: 0.0% Gallery acc: 0.1% Total acc: 0.1%
132.0,1720765138295,

133.0,1720765138839,==========Test with latent_z: z_c =========
134.0,1720765138839,

135.0,1720765138840,==========Test with NCE LOSS=========
136.0,1720765138840,

137.0,1720765143631,Extracted features for query set, obtained torch.Size([2709, 128]) matrix
138.0,1720765143631,

139.0,1720765143631,Extracted features for gallery set, obtained torch.Size([2000, 128]) matrix
140.0,1720765143631,

141.0,1720765143632,Extracting features complete in 0m 5s
142.0,1720765143632,

143.0,1720765143754,Distance computing in 0m 0s
144.0,1720765143754,

145.0,1720765144055,Results ---------------------------------------------------
146.0,1720765144055,

147.0,1720765144055,top1:19.8% top5:40.2% top10:51.1% top20:64.2% mAP:23.8%
148.0,1720765144055,

149.0,1720765144055,-----------------------------------------------------------
150.0,1720765144055,

151.0,1720765144465,CAT Results ---------------------------------------------------
152.0,1720765144466,

153.0,1720765144466,top1:19.6% top5:39.8% top10:51.0% top20:63.9% mAP:23.6%
154.0,1720765144466,

155.0,1720765144466,-----------------------------------------------------------
156.0,1720765144466,

157.0,1720765144466,Using 0m 0s
158.0,1720765144466,

159.0,1720765144466,Classifier results ---------------------------------------------------
160.0,1720765144467,

161.0,1720765144467,Query acc: 0.0% Gallery acc: 0.1% Total acc: 0.1%
162.0,1720765144467,

163.0,1720765144467,Jump TSNE in test
164.0,1720765144468,

165.0,1720765144471,=> Start training
166.0,1720765144472,

167.0,1720765149788,Epoch:1 Time:5.2 Data:0.0 Loss:177.0757 Cls Loss:12.7893 Pair Loss:0.1906 Center Loss:164.0957 KL Loss:358.9392 Recon Loss:0.1833 Acc:0.0013 Acc NCE:0.0562
168.0,1720765149788,

169.0,1720765155380,Epoch:2 Time:5.5 Data:0.0 Loss:135.0342 Cls Loss:10.0814 Pair Loss:0.1790 Center Loss:124.7738 KL Loss:358.3755 Recon Loss:0.1833 Acc:0.2359 Acc NCE:0.3248
170.0,1720765155380,

171.0,1720765160843,Epoch:3 Time:5.4 Data:0.0 Loss:116.4203 Cls Loss:9.1138 Pair Loss:0.1806 Center Loss:107.1258 KL Loss:358.3568 Recon Loss:0.1833 Acc:0.4738 Acc NCE:0.5318
172.0,1720765160844,

173.0,1720765166527,Epoch:4 Time:5.6 Data:0.0 Loss:101.7284 Cls Loss:8.4707 Pair Loss:0.1784 Center Loss:93.0793 KL Loss:357.9625 Recon Loss:0.1833 Acc:0.6477 Acc NCE:0.6709
174.0,1720765166527,

175.0,1720765172064,Epoch:5 Time:5.4 Data:0.0 Loss:89.4098 Cls Loss:8.0064 Pair Loss:0.1738 Center Loss:81.2297 KL Loss:357.7357 Recon Loss:0.1833 Acc:0.7513 Acc NCE:0.7457
176.0,1720765172064,

177.0,1720765172065,=> Test at epoch 5
178.0,1720765172066,

179.0,1720765172066,==========Test with latent_z: z_c =========
180.0,1720765172066,

181.0,1720765172066,==========Test with NCE LOSS=========
182.0,1720765172066,

183.0,1720765175773,Extracted features for query set, obtained torch.Size([2709, 128]) matrix
184.0,1720765175773,

185.0,1720765175774,Extracted features for gallery set, obtained torch.Size([2000, 128]) matrix
186.0,1720765175774,

187.0,1720765175774,Extracting features complete in 0m 4s
188.0,1720765175774,

189.0,1720765175883,Distance computing in 0m 0s
190.0,1720765175883,

191.0,1720765176183,Results ---------------------------------------------------
192.0,1720765176184,

193.0,1720765176184,top1:22.7% top5:43.6% top10:56.0% top20:66.6% mAP:26.5%
194.0,1720765176184,

195.0,1720765176184,-----------------------------------------------------------
196.0,1720765176184,

197.0,1720765176591,CAT Results ---------------------------------------------------
198.0,1720765176592,

199.0,1720765176592,top1:23.1% top5:44.5% top10:56.4% top20:67.4% mAP:26.9%
200.0,1720765176592,

201.0,1720765176592,-----------------------------------------------------------
202.0,1720765176592,

203.0,1720765176592,Using 0m 0s
204.0,1720765176592,

205.0,1720765176592,Classifier results ---------------------------------------------------
206.0,1720765176593,

207.0,1720765176593,Query acc: 16.5% Gallery acc: 86.9% Total acc: 44.7%
208.0,1720765176593,

209.0,1720765176593,Jump TSNE in test
210.0,1720765176593,

211.0,1720765176599,==========Test with latent_z: new_z =========
212.0,1720765176600,

213.0,1720765176600,==========Test with NCE LOSS=========
214.0,1720765176600,

215.0,1720765179657,Extracted features for query set, obtained torch.Size([2709, 192]) matrix
216.0,1720765179664,

217.0,1720765179664,Extracted features for gallery set, obtained torch.Size([2000, 192]) matrix
218.0,1720765179664,

219.0,1720765179664,Extracting features complete in 0m 3s
220.0,1720765179664,

221.0,1720765179768,Distance computing in 0m 0s
222.0,1720765179768,

223.0,1720765180063,Results ---------------------------------------------------
224.0,1720765180063,

225.0,1720765180064,top1:21.7% top5:43.9% top10:55.8% top20:68.4% mAP:26.6%
226.0,1720765180064,

227.0,1720765180064,-----------------------------------------------------------
228.0,1720765180064,

229.0,1720765180489,CAT Results ---------------------------------------------------
230.0,1720765180490,

231.0,1720765180490,top1:22.6% top5:45.6% top10:57.2% top20:69.0% mAP:27.5%
232.0,1720765180490,

233.0,1720765180490,-----------------------------------------------------------
234.0,1720765180490,

235.0,1720765180490,Using 0m 0s
236.0,1720765180490,

237.0,1720765180490,Classifier results ---------------------------------------------------
238.0,1720765180491,

239.0,1720765180491,Query acc: 16.5% Gallery acc: 86.9% Total acc: 44.7%
240.0,1720765180491,

241.0,1720765187147,Epoch:6 Time:6.2 Data:0.0 Loss:78.9244 Cls Loss:7.6655 Pair Loss:0.1721 Center Loss:71.0868 KL Loss:357.5183 Recon Loss:0.1833 Acc:0.7891 Acc NCE:0.8032
242.0,1720765187148,

243.0,1720765192755,Epoch:7 Time:5.5 Data:0.0 Loss:69.9664 Cls Loss:7.3507 Pair Loss:0.1672 Center Loss:62.4485 KL Loss:357.0838 Recon Loss:0.1833 Acc:0.8281 Acc NCE:0.8516
244.0,1720765192756,

245.0,1720765198368,Epoch:8 Time:5.5 Data:0.0 Loss:62.1712 Cls Loss:7.1311 Pair Loss:0.1587 Center Loss:54.8814 KL Loss:356.9825 Recon Loss:0.1833 Acc:0.8478 Acc NCE:0.8712
246.0,1720765198368,

247.0,1720765204031,Epoch:9 Time:5.6 Data:0.0 Loss:55.3556 Cls Loss:6.9032 Pair Loss:0.1664 Center Loss:48.2860 KL Loss:356.4245 Recon Loss:0.1833 Acc:0.8821 Acc NCE:0.9025
248.0,1720765204031,

249.0,1720765209731,Epoch:10 Time:5.6 Data:0.0 Loss:49.4239 Cls Loss:6.6926 Pair Loss:0.1571 Center Loss:42.5742 KL Loss:356.4133 Recon Loss:0.1833 Acc:0.8863 Acc NCE:0.9226
250.0,1720765209731,

251.0,1720765209732,=> Test at epoch 10
252.0,1720765209733,

253.0,1720765209733,==========Test with latent_z: z_c =========
254.0,1720765209733,

255.0,1720765209733,==========Test with NCE LOSS=========
256.0,1720765209733,

257.0,1720765213027,Extracted features for query set, obtained torch.Size([2709, 128]) matrix
258.0,1720765213027,

259.0,1720765213027,Extracted features for gallery set, obtained torch.Size([2000, 128]) matrix
260.0,1720765213027,

261.0,1720765213028,Extracting features complete in 0m 3s
262.0,1720765213028,

263.0,1720765213137,Distance computing in 0m 0s
264.0,1720765213137,

265.0,1720765213435,Results ---------------------------------------------------
266.0,1720765213435,

267.0,1720765213435,top1:23.8% top5:46.1% top10:57.7% top20:68.9% mAP:28.1%
268.0,1720765213435,

269.0,1720765213435,-----------------------------------------------------------
270.0,1720765213435,

271.0,1720765213843,CAT Results ---------------------------------------------------
272.0,1720765213843,

273.0,1720765213843,top1:23.1% top5:46.0% top10:57.1% top20:69.1% mAP:27.8%
274.0,1720765213843,

275.0,1720765213843,-----------------------------------------------------------
276.0,1720765213843,

277.0,1720765213843,Using 0m 0s
278.0,1720765213843,

279.0,1720765213844,Classifier results ---------------------------------------------------
280.0,1720765213844,

281.0,1720765213844,Query acc: 20.2% Gallery acc: 96.4% Total acc: 50.6%
282.0,1720765213844,

283.0,1720765213844,Jump TSNE in test
284.0,1720765213844,

285.0,1720765213849,==========Test with latent_z: new_z =========
286.0,1720765213850,

287.0,1720765213850,==========Test with NCE LOSS=========
288.0,1720765213850,

289.0,1720765216561,Extracted features for query set, obtained torch.Size([2709, 192]) matrix
290.0,1720765216561,

291.0,1720765216561,Extracted features for gallery set, obtained torch.Size([2000, 192]) matrix
292.0,1720765216561,

293.0,1720765216561,Extracting features complete in 0m 3s
294.0,1720765216561,

295.0,1720765216672,Distance computing in 0m 0s
296.0,1720765216672,

297.0,1720765216968,Results ---------------------------------------------------
298.0,1720765216968,

299.0,1720765216968,top1:21.7% top5:43.9% top10:55.8% top20:68.4% mAP:26.6%
300.0,1720765216968,

301.0,1720765216968,-----------------------------------------------------------
302.0,1720765216969,

303.0,1720765217393,CAT Results ---------------------------------------------------
304.0,1720765217394,

305.0,1720765217394,top1:23.1% top5:45.4% top10:57.7% top20:69.5% mAP:27.9%
306.0,1720765217394,

307.0,1720765217394,-----------------------------------------------------------
308.0,1720765217394,

309.0,1720765217394,Using 0m 0s
310.0,1720765217394,

311.0,1720765217394,Classifier results ---------------------------------------------------
312.0,1720765217394,

313.0,1720765217394,Query acc: 20.2% Gallery acc: 96.4% Total acc: 50.6%
314.0,1720765217394,

315.0,1720765223963,Epoch:11 Time:6.0 Data:0.0 Loss:44.2610 Cls Loss:6.5346 Pair Loss:0.1529 Center Loss:37.5734 KL Loss:355.8651 Recon Loss:0.1833 Acc:0.8987 Acc NCE:0.9365
316.0,1720765223964,

317.0,1720765229667,Epoch:12 Time:5.6 Data:0.0 Loss:39.7599 Cls Loss:6.3839 Pair Loss:0.1511 Center Loss:33.2249 KL Loss:356.3063 Recon Loss:0.1834 Acc:0.9120 Acc NCE:0.9403
318.0,1720765229667,

319.0,1720765235438,Epoch:13 Time:5.7 Data:0.0 Loss:35.6975 Cls Loss:6.2158 Pair Loss:0.1424 Center Loss:29.3394 KL Loss:355.8596 Recon Loss:0.1833 Acc:0.9257 Acc NCE:0.9506
320.0,1720765235438,

321.0,1720765241196,Epoch:14 Time:5.7 Data:0.0 Loss:32.3096 Cls Loss:6.0783 Pair Loss:0.1459 Center Loss:26.0853 KL Loss:355.3481 Recon Loss:0.1833 Acc:0.9239 Acc NCE:0.9627
322.0,1720765241196,

323.0,1720765246934,Epoch:15 Time:5.6 Data:0.0 Loss:29.1620 Cls Loss:5.9400 Pair Loss:0.1393 Center Loss:23.0827 KL Loss:355.2518 Recon Loss:0.1833 Acc:0.9347 Acc NCE:0.9690
324.0,1720765246935,

325.0,1720765246935,=> Test at epoch 15
326.0,1720765246936,

327.0,1720765246936,==========Test with latent_z: z_c =========
328.0,1720765246936,

329.0,1720765246936,==========Test with NCE LOSS=========
330.0,1720765246936,

331.0,1720765250588,Extracted features for query set, obtained torch.Size([2709, 128]) matrix
332.0,1720765250589,

333.0,1720765250589,Extracted features for gallery set, obtained torch.Size([2000, 128]) matrix
334.0,1720765250589,

335.0,1720765250589,Extracting features complete in 0m 4s
336.0,1720765250589,

337.0,1720765250702,Distance computing in 0m 0s
338.0,1720765250704,

339.0,1720765251004,Results ---------------------------------------------------
340.0,1720765251004,

341.0,1720765251005,top1:23.9% top5:48.0% top10:58.3% top20:69.6% mAP:29.0%
342.0,1720765251005,

343.0,1720765251005,-----------------------------------------------------------
344.0,1720765251005,

345.0,1720765251421,CAT Results ---------------------------------------------------
346.0,1720765251421,

347.0,1720765251421,top1:22.8% top5:47.4% top10:58.1% top20:70.0% mAP:28.5%
348.0,1720765251422,

349.0,1720765251422,-----------------------------------------------------------
350.0,1720765251422,

351.0,1720765251422,Using 0m 0s
352.0,1720765251422,

353.0,1720765251422,Classifier results ---------------------------------------------------
354.0,1720765251422,

355.0,1720765251423,Query acc: 20.1% Gallery acc: 99.4% Total acc: 51.9%
356.0,1720765251423,

357.0,1720765251423,Jump TSNE in test
358.0,1720765251423,

359.0,1720765251428,==========Test with latent_z: new_z =========
360.0,1720765251429,

361.0,1720765251429,==========Test with NCE LOSS=========
362.0,1720765251429,

363.0,1720765254191,Extracted features for query set, obtained torch.Size([2709, 192]) matrix
364.0,1720765254191,

365.0,1720765254191,Extracted features for gallery set, obtained torch.Size([2000, 192]) matrix
366.0,1720765254191,

367.0,1720765254191,Extracting features complete in 0m 3s
368.0,1720765254191,

369.0,1720765254301,Distance computing in 0m 0s
370.0,1720765254302,

371.0,1720765254603,Results ---------------------------------------------------
372.0,1720765254603,

373.0,1720765254603,top1:21.7% top5:43.9% top10:55.8% top20:68.4% mAP:26.6%
374.0,1720765254603,

375.0,1720765254603,-----------------------------------------------------------
376.0,1720765254603,

377.0,1720765255027,CAT Results ---------------------------------------------------
378.0,1720765255027,

379.0,1720765255027,top1:23.2% top5:45.8% top10:57.7% top20:69.8% mAP:28.1%
380.0,1720765255027,

381.0,1720765255027,-----------------------------------------------------------
382.0,1720765255028,

383.0,1720765255028,Using 0m 0s
384.0,1720765255028,

385.0,1720765255028,Classifier results ---------------------------------------------------
386.0,1720765255028,

387.0,1720765255028,Query acc: 20.1% Gallery acc: 99.4% Total acc: 51.9%
388.0,1720765255028,

389.0,1720765261700,Epoch:16 Time:5.9 Data:0.0 Loss:26.4468 Cls Loss:5.8301 Pair Loss:0.1439 Center Loss:20.4728 KL Loss:354.5809 Recon Loss:0.1833 Acc:0.9330 Acc NCE:0.9693
390.0,1720765261701,

391.0,1720765267388,Epoch:17 Time:5.6 Data:0.0 Loss:24.0199 Cls Loss:5.6802 Pair Loss:0.1408 Center Loss:18.1988 KL Loss:354.4792 Recon Loss:0.1833 Acc:0.9383 Acc NCE:0.9748
392.0,1720765267388,

393.0,1720765272935,Epoch:18 Time:5.5 Data:0.0 Loss:21.9718 Cls Loss:5.5642 Pair Loss:0.1340 Center Loss:16.2737 KL Loss:354.3830 Recon Loss:0.1833 Acc:0.9378 Acc NCE:0.9778
394.0,1720765272936,

395.0,1720765278595,Epoch:19 Time:5.6 Data:0.0 Loss:20.0389 Cls Loss:5.4366 Pair Loss:0.1300 Center Loss:14.4723 KL Loss:354.2344 Recon Loss:0.1833 Acc:0.9504 Acc NCE:0.9831
396.0,1720765278596,

397.0,1720765284120,Epoch:20 Time:5.4 Data:0.0 Loss:18.4534 Cls Loss:5.3277 Pair Loss:0.1333 Center Loss:12.9924 KL Loss:353.8895 Recon Loss:0.1833 Acc:0.9471 Acc NCE:0.9839
398.0,1720765284121,

399.0,1720765284122,=> Test at epoch 20
400.0,1720765284122,

401.0,1720765284122,==========Test with latent_z: z_c =========
402.0,1720765284123,

403.0,1720765284123,==========Test with NCE LOSS=========
404.0,1720765284123,

405.0,1720765287599,Extracted features for query set, obtained torch.Size([2709, 128]) matrix
406.0,1720765287599,

407.0,1720765287599,Extracted features for gallery set, obtained torch.Size([2000, 128]) matrix
408.0,1720765287599,

409.0,1720765287599,Extracting features complete in 0m 3s
410.0,1720765287599,

411.0,1720765287714,Distance computing in 0m 0s
412.0,1720765287714,

413.0,1720765288015,Results ---------------------------------------------------
414.0,1720765288016,

415.0,1720765288016,top1:23.9% top5:48.5% top10:59.8% top20:71.8% mAP:29.5%
416.0,1720765288016,

417.0,1720765288016,-----------------------------------------------------------
418.0,1720765288016,

419.0,1720765288436,CAT Results ---------------------------------------------------
420.0,1720765288436,

421.0,1720765288437,top1:23.4% top5:48.1% top10:58.7% top20:71.1% mAP:28.9%
422.0,1720765288437,

423.0,1720765288437,-----------------------------------------------------------
424.0,1720765288437,

425.0,1720765288437,Using 0m 0s
426.0,1720765288437,

427.0,1720765288437,Classifier results ---------------------------------------------------
428.0,1720765288437,

429.0,1720765288438,Query acc: 21.4% Gallery acc: 99.6% Total acc: 52.7%
430.0,1720765288438,

431.0,1720765288438,Jump TSNE in test
432.0,1720765288438,

433.0,1720765288444,==========Test with latent_z: new_z =========
434.0,1720765288445,

435.0,1720765288445,==========Test with NCE LOSS=========
436.0,1720765288445,

437.0,1720765291490,Extracted features for query set, obtained torch.Size([2709, 192]) matrix
438.0,1720765291490,

439.0,1720765291490,Extracted features for gallery set, obtained torch.Size([2000, 192]) matrix
440.0,1720765291491,

441.0,1720765291491,Extracting features complete in 0m 3s
442.0,1720765291491,

443.0,1720765291601,Distance computing in 0m 0s
444.0,1720765291601,

445.0,1720765291898,Results ---------------------------------------------------
446.0,1720765291899,

447.0,1720765291899,top1:21.7% top5:43.9% top10:55.8% top20:68.4% mAP:26.6%
448.0,1720765291899,

449.0,1720765291899,-----------------------------------------------------------
450.0,1720765291899,

451.0,1720765292325,CAT Results ---------------------------------------------------
452.0,1720765292326,

453.0,1720765292326,top1:23.4% top5:46.1% top10:57.8% top20:70.0% mAP:28.2%
454.0,1720765292326,

455.0,1720765292326,-----------------------------------------------------------
456.0,1720765292326,

457.0,1720765292326,Using 0m 0s
458.0,1720765292326,

459.0,1720765292326,Classifier results ---------------------------------------------------
460.0,1720765292326,

461.0,1720765292326,Query acc: 21.4% Gallery acc: 99.6% Total acc: 52.7%
462.0,1720765292326,

463.0,1720765298953,Epoch:21 Time:6.0 Data:0.0 Loss:16.9373 Cls Loss:5.2125 Pair Loss:0.1260 Center Loss:11.5987 KL Loss:353.9645 Recon Loss:0.1833 Acc:0.9521 Acc NCE:0.9849
464.0,1720765298953,

465.0,1720765304740,Epoch:22 Time:5.7 Data:0.0 Loss:15.6731 Cls Loss:5.0897 Pair Loss:0.1333 Center Loss:10.4501 KL Loss:353.3824 Recon Loss:0.1833 Acc:0.9549 Acc NCE:0.9877
466.0,1720765304740,

467.0,1720765310505,Epoch:23 Time:5.7 Data:0.0 Loss:14.4831 Cls Loss:4.9683 Pair Loss:0.1288 Center Loss:9.3860 KL Loss:353.0397 Recon Loss:0.1833 Acc:0.9521 Acc NCE:0.9909
468.0,1720765310505,

469.0,1720765316050,Epoch:24 Time:5.5 Data:0.0 Loss:13.4638 Cls Loss:4.8587 Pair Loss:0.1250 Center Loss:8.4801 KL Loss:352.9654 Recon Loss:0.1833 Acc:0.9569 Acc NCE:0.9912
470.0,1720765316050,

471.0,1720765321536,Epoch:25 Time:5.4 Data:0.0 Loss:12.5497 Cls Loss:4.7411 Pair Loss:0.1281 Center Loss:7.6804 KL Loss:352.5797 Recon Loss:0.1833 Acc:0.9587 Acc NCE:0.9914
472.0,1720765321536,

473.0,1720765321537,=> Test at epoch 25
474.0,1720765321538,

475.0,1720765321538,==========Test with latent_z: z_c =========
476.0,1720765321538,

477.0,1720765321538,==========Test with NCE LOSS=========
478.0,1720765321539,

479.0,1720765324980,Extracted features for query set, obtained torch.Size([2709, 128]) matrix
480.0,1720765324980,

481.0,1720765324981,Extracted features for gallery set, obtained torch.Size([2000, 128]) matrix
482.0,1720765324981,

483.0,1720765324981,Extracting features complete in 0m 3s
484.0,1720765324981,

485.0,1720765325094,Distance computing in 0m 0s
486.0,1720765325094,

487.0,1720765325399,Results ---------------------------------------------------
488.0,1720765325399,

489.0,1720765325399,top1:24.6% top5:48.5% top10:60.7% top20:72.3% mAP:30.0%
490.0,1720765325399,

491.0,1720765325399,-----------------------------------------------------------
492.0,1720765325399,

493.0,1720765325809,CAT Results ---------------------------------------------------
494.0,1720765325809,

495.0,1720765325809,top1:23.7% top5:47.4% top10:59.4% top20:71.0% mAP:29.1%
496.0,1720765325809,

497.0,1720765325809,-----------------------------------------------------------
498.0,1720765325809,

499.0,1720765325809,Using 0m 0s
500.0,1720765325810,

501.0,1720765325810,Classifier results ---------------------------------------------------
502.0,1720765325810,

503.0,1720765325810,Query acc: 22.0% Gallery acc: 99.8% Total acc: 53.1%
504.0,1720765325810,

505.0,1720765325810,Jump TSNE in test
506.0,1720765325811,

507.0,1720765325815,==========Test with latent_z: new_z =========
508.0,1720765325816,

509.0,1720765325816,==========Test with NCE LOSS=========
510.0,1720765325816,

511.0,1720765328547,Extracted features for query set, obtained torch.Size([2709, 192]) matrix
512.0,1720765328547,

513.0,1720765328547,Extracted features for gallery set, obtained torch.Size([2000, 192]) matrix
514.0,1720765328547,

515.0,1720765328547,Extracting features complete in 0m 3s
516.0,1720765328547,

517.0,1720765328661,Distance computing in 0m 0s
518.0,1720765328661,

519.0,1720765328960,Results ---------------------------------------------------
520.0,1720765328960,

521.0,1720765328960,top1:21.7% top5:43.9% top10:55.8% top20:68.4% mAP:26.6%
522.0,1720765328961,

523.0,1720765328961,-----------------------------------------------------------
524.0,1720765328961,

525.0,1720765329382,CAT Results ---------------------------------------------------
526.0,1720765329382,

527.0,1720765329382,top1:23.6% top5:46.7% top10:58.3% top20:70.0% mAP:28.4%
528.0,1720765329382,

529.0,1720765329382,-----------------------------------------------------------
530.0,1720765329382,

531.0,1720765329382,Using 0m 0s
532.0,1720765329382,

533.0,1720765329383,Classifier results ---------------------------------------------------
534.0,1720765329383,

535.0,1720765329383,Query acc: 22.0% Gallery acc: 99.8% Total acc: 53.1%
536.0,1720765329383,

537.0,1720765336230,Epoch:26 Time:6.3 Data:0.0 Loss:11.7270 Cls Loss:4.6366 Pair Loss:0.1260 Center Loss:6.9645 KL Loss:352.6947 Recon Loss:0.1833 Acc:0.9577 Acc NCE:0.9907
538.0,1720765336230,

539.0,1720765341668,Epoch:27 Time:5.3 Data:0.0 Loss:10.9727 Cls Loss:4.5233 Pair Loss:0.1239 Center Loss:6.3255 KL Loss:352.1303 Recon Loss:0.1833 Acc:0.9604 Acc NCE:0.9932
540.0,1720765341668,

541.0,1720765346741,Epoch:28 Time:5.0 Data:0.0 Loss:10.3241 Cls Loss:4.4257 Pair Loss:0.1183 Center Loss:5.7801 KL Loss:352.1414 Recon Loss:0.1833 Acc:0.9609 Acc NCE:0.9914
542.0,1720765346741,

543.0,1720765352489,Epoch:29 Time:5.7 Data:0.0 Loss:9.7385 Cls Loss:4.3099 Pair Loss:0.1211 Center Loss:5.3075 KL Loss:351.5059 Recon Loss:0.1833 Acc:0.9665 Acc NCE:0.9922
544.0,1720765352489,

545.0,1720765358116,Epoch:30 Time:5.5 Data:0.0 Loss:9.1998 Cls Loss:4.2014 Pair Loss:0.1188 Center Loss:4.8796 KL Loss:351.3731 Recon Loss:0.1833 Acc:0.9677 Acc NCE:0.9912
546.0,1720765358116,

547.0,1720765358117,=> Test at epoch 30
548.0,1720765358117,

549.0,1720765358117,==========Test with latent_z: z_c =========
550.0,1720765358118,

551.0,1720765358118,==========Test with NCE LOSS=========
552.0,1720765358118,

553.0,1720765361765,Extracted features for query set, obtained torch.Size([2709, 128]) matrix
554.0,1720765361765,

555.0,1720765361765,Extracted features for gallery set, obtained torch.Size([2000, 128]) matrix
556.0,1720765361765,

557.0,1720765361765,Extracting features complete in 0m 4s
558.0,1720765361765,

559.0,1720765361875,Distance computing in 0m 0s
560.0,1720765361877,

561.0,1720765362173,Results ---------------------------------------------------
562.0,1720765362173,

563.0,1720765362174,top1:24.9% top5:49.4% top10:60.6% top20:72.2% mAP:30.5%
564.0,1720765362174,

565.0,1720765362174,-----------------------------------------------------------
566.0,1720765362174,

567.0,1720765362583,CAT Results ---------------------------------------------------
568.0,1720765362584,

569.0,1720765362584,top1:24.3% top5:48.3% top10:59.7% top20:71.4% mAP:29.6%
570.0,1720765362584,

571.0,1720765362584,-----------------------------------------------------------
572.0,1720765362584,

573.0,1720765362584,Using 0m 0s
574.0,1720765362584,

575.0,1720765362585,Classifier results ---------------------------------------------------
576.0,1720765362585,

577.0,1720765362585,Query acc: 22.4% Gallery acc: 99.8% Total acc: 53.4%
578.0,1720765362585,

579.0,1720765362585,Jump TSNE in test
580.0,1720765362585,

581.0,1720765362586,==========Test with latent_z: new_z =========
582.0,1720765362586,

583.0,1720765362586,==========Test with NCE LOSS=========
584.0,1720765362587,

585.0,1720765365626,Extracted features for query set, obtained torch.Size([2709, 192]) matrix
586.0,1720765365626,

587.0,1720765365626,Extracted features for gallery set, obtained torch.Size([2000, 192]) matrix
588.0,1720765365626,

589.0,1720765365626,Extracting features complete in 0m 3s
590.0,1720765365626,

591.0,1720765365749,Distance computing in 0m 0s
592.0,1720765365749,

593.0,1720765366052,Results ---------------------------------------------------
594.0,1720765366052,

595.0,1720765366052,top1:21.7% top5:43.9% top10:55.8% top20:68.4% mAP:26.6%
596.0,1720765366052,

597.0,1720765366052,-----------------------------------------------------------
598.0,1720765366052,

599.0,1720765366470,CAT Results ---------------------------------------------------
600.0,1720765366470,

601.0,1720765366471,top1:23.6% top5:46.6% top10:58.5% top20:70.3% mAP:28.6%
602.0,1720765366471,

603.0,1720765366471,-----------------------------------------------------------
604.0,1720765366471,

605.0,1720765366471,Using 0m 0s
606.0,1720765366471,

607.0,1720765366471,Classifier results ---------------------------------------------------
608.0,1720765366471,

609.0,1720765366471,Query acc: 22.4% Gallery acc: 99.8% Total acc: 53.4%
610.0,1720765366471,

611.0,1720765373041,Epoch:31 Time:6.0 Data:0.0 Loss:8.7171 Cls Loss:4.0960 Pair Loss:0.1198 Center Loss:4.5013 KL Loss:351.3196 Recon Loss:0.1834 Acc:0.9680 Acc NCE:0.9927
612.0,1720765373041,

613.0,1720765378386,Epoch:32 Time:5.3 Data:0.0 Loss:8.2770 Cls Loss:3.9856 Pair Loss:0.1205 Center Loss:4.1708 KL Loss:351.1262 Recon Loss:0.1833 Acc:0.9670 Acc NCE:0.9962
614.0,1720765378386,

615.0,1720765383771,Epoch:33 Time:5.3 Data:0.0 Loss:7.8798 Cls Loss:3.8849 Pair Loss:0.1189 Center Loss:3.8759 KL Loss:350.7022 Recon Loss:0.1833 Acc:0.9670 Acc NCE:0.9960
616.0,1720765383771,

617.0,1720765389321,Epoch:34 Time:5.5 Data:0.0 Loss:7.5339 Cls Loss:3.7826 Pair Loss:0.1138 Center Loss:3.6375 KL Loss:350.2991 Recon Loss:0.1833 Acc:0.9715 Acc NCE:0.9955
618.0,1720765389321,

619.0,1720765394984,Epoch:35 Time:5.6 Data:0.0 Loss:7.2184 Cls Loss:3.6768 Pair Loss:0.1148 Center Loss:3.4268 KL Loss:350.2402 Recon Loss:0.1833 Acc:0.9708 Acc NCE:0.9972
620.0,1720765394984,

621.0,1720765394985,=> Test at epoch 35
622.0,1720765394985,

623.0,1720765394985,==========Test with latent_z: z_c =========
624.0,1720765394985,

625.0,1720765394986,==========Test with NCE LOSS=========
626.0,1720765394986,

627.0,1720765398738,Extracted features for query set, obtained torch.Size([2709, 128]) matrix
628.0,1720765398739,

629.0,1720765398739,Extracted features for gallery set, obtained torch.Size([2000, 128]) matrix
630.0,1720765398739,

631.0,1720765398739,Extracting features complete in 0m 4s
632.0,1720765398739,

633.0,1720765398852,Distance computing in 0m 0s
634.0,1720765398852,

635.0,1720765399152,Results ---------------------------------------------------
636.0,1720765399152,

637.0,1720765399152,top1:25.4% top5:49.3% top10:61.1% top20:73.0% mAP:31.0%
638.0,1720765399152,

639.0,1720765399152,-----------------------------------------------------------
640.0,1720765399152,

641.0,1720765399563,CAT Results ---------------------------------------------------
642.0,1720765399564,

643.0,1720765399564,top1:23.5% top5:48.4% top10:60.6% top20:72.4% mAP:29.6%
644.0,1720765399564,

645.0,1720765399564,-----------------------------------------------------------
646.0,1720765399564,

647.0,1720765399564,Using 0m 0s
648.0,1720765399564,

649.0,1720765399565,Classifier results ---------------------------------------------------
650.0,1720765399565,

651.0,1720765399565,Query acc: 21.8% Gallery acc: 99.8% Total acc: 53.0%
652.0,1720765399565,

653.0,1720765399565,Jump TSNE in test
654.0,1720765399565,

655.0,1720765399566,==========Test with latent_z: new_z =========
656.0,1720765399567,

657.0,1720765399567,==========Test with NCE LOSS=========
658.0,1720765399567,

659.0,1720765402660,Extracted features for query set, obtained torch.Size([2709, 192]) matrix
660.0,1720765402660,

661.0,1720765402660,Extracted features for gallery set, obtained torch.Size([2000, 192]) matrix
662.0,1720765402660,

663.0,1720765402660,Extracting features complete in 0m 3s
664.0,1720765402660,

665.0,1720765402760,Distance computing in 0m 0s
666.0,1720765402760,

667.0,1720765403057,Results ---------------------------------------------------
668.0,1720765403057,

669.0,1720765403057,top1:21.7% top5:43.9% top10:55.8% top20:68.4% mAP:26.6%
670.0,1720765403057,

671.0,1720765403057,-----------------------------------------------------------
672.0,1720765403057,

673.0,1720765403481,CAT Results ---------------------------------------------------
674.0,1720765403483,

675.0,1720765403484,top1:24.1% top5:46.9% top10:58.5% top20:71.1% mAP:28.9%
676.0,1720765403484,

677.0,1720765403484,-----------------------------------------------------------
678.0,1720765403484,

679.0,1720765403484,Using 0m 0s
680.0,1720765403484,

681.0,1720765403484,Classifier results ---------------------------------------------------
682.0,1720765403484,

683.0,1720765403484,Query acc: 21.8% Gallery acc: 99.8% Total acc: 53.0%
684.0,1720765403484,

685.0,1720765410311,Epoch:36 Time:6.2 Data:0.0 Loss:6.9153 Cls Loss:3.5956 Pair Loss:0.1069 Center Loss:3.2128 KL Loss:350.1314 Recon Loss:0.1834 Acc:0.9713 Acc NCE:0.9962
686.0,1720765410312,

687.0,1720765415677,Epoch:37 Time:5.3 Data:0.0 Loss:6.6584 Cls Loss:3.4945 Pair Loss:0.1184 Center Loss:3.0456 KL Loss:349.7429 Recon Loss:0.1833 Acc:0.9761 Acc NCE:0.9960
688.0,1720765415677,

689.0,1720765421094,Epoch:38 Time:5.3 Data:0.0 Loss:6.4074 Cls Loss:3.4069 Pair Loss:0.1110 Center Loss:2.8895 KL Loss:349.4948 Recon Loss:0.1834 Acc:0.9756 Acc NCE:0.9957
690.0,1720765421095,

691.0,1720765426837,Epoch:39 Time:5.6 Data:0.0 Loss:6.1810 Cls Loss:3.3174 Pair Loss:0.1096 Center Loss:2.7540 KL Loss:349.2791 Recon Loss:0.1833 Acc:0.9771 Acc NCE:0.9965
692.0,1720765426837,

693.0,1720765432599,Epoch:40 Time:5.7 Data:0.0 Loss:5.9904 Cls Loss:3.2222 Pair Loss:0.1091 Center Loss:2.6591 KL Loss:348.9658 Recon Loss:0.1833 Acc:0.9801 Acc NCE:0.9947
694.0,1720765432599,

695.0,1720765432601,=> Test at epoch 40
696.0,1720765432601,

697.0,1720765432601,==========Test with latent_z: z_c =========
698.0,1720765432601,

699.0,1720765432601,==========Test with NCE LOSS=========
700.0,1720765432601,

701.0,1720765436069,Extracted features for query set, obtained torch.Size([2709, 128]) matrix
702.0,1720765436069,

703.0,1720765436069,Extracted features for gallery set, obtained torch.Size([2000, 128]) matrix
704.0,1720765436069,

705.0,1720765436069,Extracting features complete in 0m 3s
706.0,1720765436069,

707.0,1720765436179,Distance computing in 0m 0s
708.0,1720765436179,

709.0,1720765436488,Results ---------------------------------------------------
710.0,1720765436488,

711.0,1720765436488,top1:25.4% top5:50.3% top10:61.6% top20:73.1% mAP:31.4%
712.0,1720765436488,

713.0,1720765436488,-----------------------------------------------------------
714.0,1720765436488,

715.0,1720765436895,CAT Results ---------------------------------------------------
716.0,1720765436895,

717.0,1720765436895,top1:24.8% top5:48.3% top10:60.5% top20:71.7% mAP:30.1%
718.0,1720765436895,

719.0,1720765436896,-----------------------------------------------------------
720.0,1720765436896,

721.0,1720765436896,Using 0m 0s
722.0,1720765436896,

723.0,1720765436896,Classifier results ---------------------------------------------------
724.0,1720765436896,

725.0,1720765436897,Query acc: 22.4% Gallery acc: 100.0% Total acc: 53.5%
726.0,1720765436897,

727.0,1720765436897,Jump TSNE in test
728.0,1720765436897,

729.0,1720765436897,==========Test with latent_z: new_z =========
730.0,1720765436898,

731.0,1720765436898,==========Test with NCE LOSS=========
732.0,1720765436898,

733.0,1720765439987,Extracted features for query set, obtained torch.Size([2709, 192]) matrix
734.0,1720765439988,

735.0,1720765439988,Extracted features for gallery set, obtained torch.Size([2000, 192]) matrix
736.0,1720765439988,

737.0,1720765439988,Extracting features complete in 0m 3s
738.0,1720765439988,

739.0,1720765440099,Distance computing in 0m 0s
740.0,1720765440099,

741.0,1720765440400,Results ---------------------------------------------------
742.0,1720765440400,

743.0,1720765440400,top1:21.7% top5:43.9% top10:55.8% top20:68.4% mAP:26.6%
744.0,1720765440400,

745.0,1720765440401,-----------------------------------------------------------
746.0,1720765440401,

747.0,1720765440825,CAT Results ---------------------------------------------------
748.0,1720765440825,

749.0,1720765440825,top1:23.9% top5:46.8% top10:59.0% top20:71.2% mAP:29.0%
750.0,1720765440825,

751.0,1720765440825,-----------------------------------------------------------
752.0,1720765440825,

753.0,1720765440825,Using 0m 0s
754.0,1720765440825,

755.0,1720765440825,Classifier results ---------------------------------------------------
756.0,1720765440826,

757.0,1720765440826,Query acc: 22.4% Gallery acc: 100.0% Total acc: 53.5%
758.0,1720765440826,

759.0,1720765447482,Epoch:41 Time:6.1 Data:0.0 Loss:5.7912 Cls Loss:3.1339 Pair Loss:0.1143 Center Loss:2.5429 KL Loss:348.9221 Recon Loss:0.1833 Acc:0.9791 Acc NCE:0.9952
760.0,1720765447482,

761.0,1720765453092,Epoch:42 Time:5.5 Data:0.0 Loss:5.6141 Cls Loss:3.0511 Pair Loss:0.1152 Center Loss:2.4478 KL Loss:348.4310 Recon Loss:0.1833 Acc:0.9834 Acc NCE:0.9967
762.0,1720765453092,

763.0,1720765458522,Epoch:43 Time:5.3 Data:0.0 Loss:5.4458 Cls Loss:2.9632 Pair Loss:0.1083 Center Loss:2.3743 KL Loss:348.6016 Recon Loss:0.1834 Acc:0.9851 Acc NCE:0.9967
764.0,1720765458522,

765.0,1720765463943,Epoch:44 Time:5.3 Data:0.0 Loss:5.2918 Cls Loss:2.8915 Pair Loss:0.1090 Center Loss:2.2913 KL Loss:348.0048 Recon Loss:0.1833 Acc:0.9814 Acc NCE:0.9972
766.0,1720765463944,

767.0,1720765469384,Epoch:45 Time:5.3 Data:0.0 Loss:5.1502 Cls Loss:2.8110 Pair Loss:0.1061 Center Loss:2.2330 KL Loss:347.8810 Recon Loss:0.1833 Acc:0.9819 Acc NCE:0.9977
768.0,1720765469385,

769.0,1720765469386,=> Test at epoch 45
770.0,1720765469386,

771.0,1720765469386,==========Test with latent_z: z_c =========
772.0,1720765469386,

773.0,1720765469386,==========Test with NCE LOSS=========
774.0,1720765469386,

775.0,1720765473035,Extracted features for query set, obtained torch.Size([2709, 128]) matrix
776.0,1720765473036,

777.0,1720765473036,Extracted features for gallery set, obtained torch.Size([2000, 128]) matrix
778.0,1720765473036,

779.0,1720765473036,Extracting features complete in 0m 4s
780.0,1720765473036,

781.0,1720765473149,Distance computing in 0m 0s
782.0,1720765473149,

783.0,1720765473450,Results ---------------------------------------------------
784.0,1720765473450,

785.0,1720765473450,top1:26.1% top5:49.9% top10:62.5% top20:73.2% mAP:31.7%
786.0,1720765473451,

787.0,1720765473451,-----------------------------------------------------------
788.0,1720765473451,

789.0,1720765473864,CAT Results ---------------------------------------------------
790.0,1720765473864,

791.0,1720765473864,top1:24.4% top5:48.8% top10:60.1% top20:72.1% mAP:30.3%
792.0,1720765473864,

793.0,1720765473864,-----------------------------------------------------------
794.0,1720765473864,

795.0,1720765473864,Using 0m 0s
796.0,1720765473865,

797.0,1720765473865,Classifier results ---------------------------------------------------
798.0,1720765473865,

799.0,1720765473865,Query acc: 22.3% Gallery acc: 99.9% Total acc: 53.3%
800.0,1720765473865,

801.0,1720765473865,Jump TSNE in test
802.0,1720765473865,

803.0,1720765473866,==========Test with latent_z: new_z =========
804.0,1720765473866,

805.0,1720765473866,==========Test with NCE LOSS=========
806.0,1720765473867,

807.0,1720765476960,Extracted features for query set, obtained torch.Size([2709, 192]) matrix
808.0,1720765476960,

809.0,1720765476960,Extracted features for gallery set, obtained torch.Size([2000, 192]) matrix
810.0,1720765476960,

811.0,1720765476960,Extracting features complete in 0m 3s
812.0,1720765476960,

813.0,1720765477064,Distance computing in 0m 0s
814.0,1720765477064,

815.0,1720765477365,Results ---------------------------------------------------
816.0,1720765477365,

817.0,1720765477365,top1:21.7% top5:43.9% top10:55.8% top20:68.4% mAP:26.6%
818.0,1720765477365,

819.0,1720765477366,-----------------------------------------------------------
820.0,1720765477366,

821.0,1720765477786,CAT Results ---------------------------------------------------
822.0,1720765477786,

823.0,1720765477786,top1:24.1% top5:47.0% top10:59.1% top20:71.2% mAP:29.2%
824.0,1720765477786,

825.0,1720765477786,-----------------------------------------------------------
826.0,1720765477786,

827.0,1720765477786,Using 0m 0s
828.0,1720765477787,

829.0,1720765477787,Classifier results ---------------------------------------------------
830.0,1720765477787,

831.0,1720765477787,Query acc: 22.3% Gallery acc: 99.9% Total acc: 53.3%
832.0,1720765477787,

833.0,1720765484539,Epoch:46 Time:6.2 Data:0.0 Loss:5.0493 Cls Loss:2.7308 Pair Loss:0.1073 Center Loss:2.2112 KL Loss:347.7571 Recon Loss:0.1834 Acc:0.9829 Acc NCE:0.9957
834.0,1720765484539,

835.0,1720765490004,Epoch:47 Time:5.4 Data:0.0 Loss:4.9089 Cls Loss:2.6548 Pair Loss:0.1059 Center Loss:2.1482 KL Loss:347.5025 Recon Loss:0.1833 Acc:0.9851 Acc NCE:0.9952
836.0,1720765490005,

837.0,1720765495460,Epoch:48 Time:5.4 Data:0.0 Loss:4.7789 Cls Loss:2.5804 Pair Loss:0.1049 Center Loss:2.0937 KL Loss:346.7903 Recon Loss:0.1833 Acc:0.9871 Acc NCE:0.9965
838.0,1720765495460,

839.0,1720765501135,Epoch:49 Time:5.6 Data:0.0 Loss:4.6973 Cls Loss:2.5242 Pair Loss:0.1061 Center Loss:2.0670 KL Loss:346.6644 Recon Loss:0.1833 Acc:0.9854 Acc NCE:0.9950
840.0,1720765501135,

841.0,1720765506733,Epoch:50 Time:5.5 Data:0.0 Loss:4.5782 Cls Loss:2.4439 Pair Loss:0.1043 Center Loss:2.0301 KL Loss:346.4458 Recon Loss:0.1833 Acc:0.9879 Acc NCE:0.9960
842.0,1720765506734,

843.0,1720765506734,=> Test at epoch 50
844.0,1720765506735,

845.0,1720765506736,==========Test with latent_z: z_c =========
846.0,1720765506736,

847.0,1720765506736,==========Test with NCE LOSS=========
848.0,1720765506736,

849.0,1720765510432,Extracted features for query set, obtained torch.Size([2709, 128]) matrix
850.0,1720765510432,

851.0,1720765510432,Extracted features for gallery set, obtained torch.Size([2000, 128]) matrix
852.0,1720765510432,

853.0,1720765510433,Extracting features complete in 0m 4s
854.0,1720765510433,

855.0,1720765510545,Distance computing in 0m 0s
856.0,1720765510545,

857.0,1720765510845,Results ---------------------------------------------------
858.0,1720765510846,

859.0,1720765510846,top1:26.3% top5:50.4% top10:62.3% top20:73.9% mAP:31.8%
860.0,1720765510846,

861.0,1720765510846,-----------------------------------------------------------
862.0,1720765510846,

863.0,1720765511259,CAT Results ---------------------------------------------------
864.0,1720765511259,

865.0,1720765511259,top1:25.2% top5:48.6% top10:61.1% top20:72.8% mAP:30.5%
866.0,1720765511259,

867.0,1720765511259,-----------------------------------------------------------
868.0,1720765511259,

869.0,1720765511259,Using 0m 0s
870.0,1720765511260,

871.0,1720765511260,Classifier results ---------------------------------------------------
872.0,1720765511260,

873.0,1720765511260,Query acc: 22.7% Gallery acc: 100.0% Total acc: 53.6%
874.0,1720765511260,

875.0,1720765511260,Jump TSNE in test
876.0,1720765511261,

877.0,1720765511261,==========Test with latent_z: new_z =========
878.0,1720765511261,

879.0,1720765511262,==========Test with NCE LOSS=========
880.0,1720765511262,

881.0,1720765514376,Extracted features for query set, obtained torch.Size([2709, 192]) matrix
882.0,1720765514376,

883.0,1720765514376,Extracted features for gallery set, obtained torch.Size([2000, 192]) matrix
884.0,1720765514376,

885.0,1720765514376,Extracting features complete in 0m 3s
886.0,1720765514376,

887.0,1720765514478,Distance computing in 0m 0s
888.0,1720765514478,

889.0,1720765514781,Results ---------------------------------------------------
890.0,1720765514781,

891.0,1720765514781,top1:21.7% top5:43.9% top10:55.8% top20:68.4% mAP:26.6%
892.0,1720765514781,

893.0,1720765514781,-----------------------------------------------------------
894.0,1720765514781,

895.0,1720765515200,CAT Results ---------------------------------------------------
896.0,1720765515200,

897.0,1720765515201,top1:24.3% top5:46.9% top10:59.0% top20:71.5% mAP:29.2%
898.0,1720765515201,

899.0,1720765515201,-----------------------------------------------------------
900.0,1720765515201,

901.0,1720765515201,Using 0m 0s
902.0,1720765515201,

903.0,1720765515201,Classifier results ---------------------------------------------------
904.0,1720765515201,

905.0,1720765515201,Query acc: 22.7% Gallery acc: 100.0% Total acc: 53.6%
906.0,1720765515201,

907.0,1720765521425,Epoch:51 Time:5.7 Data:0.0 Loss:4.4883 Cls Loss:2.3842 Pair Loss:0.1069 Center Loss:1.9973 KL Loss:346.2931 Recon Loss:0.1833 Acc:0.9899 Acc NCE:0.9975
908.0,1720765521425,

909.0,1720765527083,Epoch:52 Time:5.6 Data:0.0 Loss:4.3833 Cls Loss:2.3185 Pair Loss:0.0984 Center Loss:1.9664 KL Loss:345.9134 Recon Loss:0.1833 Acc:0.9864 Acc NCE:0.9967
910.0,1720765527083,

911.0,1720765532539,Epoch:53 Time:5.4 Data:0.0 Loss:4.3105 Cls Loss:2.2553 Pair Loss:0.1042 Center Loss:1.9510 KL Loss:345.9251 Recon Loss:0.1833 Acc:0.9899 Acc NCE:0.9970
912.0,1720765532539,

913.0,1720765538074,Epoch:54 Time:5.4 Data:0.0 Loss:4.2390 Cls Loss:2.2008 Pair Loss:0.1078 Center Loss:1.9304 KL Loss:345.6072 Recon Loss:0.1833 Acc:0.9902 Acc NCE:0.9967
914.0,1720765538074,

915.0,1720765543578,Epoch:55 Time:5.4 Data:0.0 Loss:4.1474 Cls Loss:2.1364 Pair Loss:0.1035 Center Loss:1.9075 KL Loss:345.3728 Recon Loss:0.1833 Acc:0.9914 Acc NCE:0.9977
916.0,1720765543578,

917.0,1720765543580,=> Test at epoch 55
918.0,1720765543580,

919.0,1720765543580,==========Test with latent_z: z_c =========
920.0,1720765543580,

921.0,1720765543580,==========Test with NCE LOSS=========
922.0,1720765543580,

923.0,1720765547077,Extracted features for query set, obtained torch.Size([2709, 128]) matrix
924.0,1720765547077,

925.0,1720765547077,Extracted features for gallery set, obtained torch.Size([2000, 128]) matrix
926.0,1720765547077,

927.0,1720765547077,Extracting features complete in 0m 3s
928.0,1720765547077,

929.0,1720765547191,Distance computing in 0m 0s
930.0,1720765547192,

931.0,1720765547501,Results ---------------------------------------------------
932.0,1720765547501,

933.0,1720765547501,top1:26.0% top5:50.9% top10:61.9% top20:73.9% mAP:32.0%
934.0,1720765547501,

935.0,1720765547501,-----------------------------------------------------------
936.0,1720765547501,

937.0,1720765547918,CAT Results ---------------------------------------------------
938.0,1720765547919,

939.0,1720765547919,top1:24.7% top5:49.3% top10:60.8% top20:72.7% mAP:30.6%
940.0,1720765547919,

941.0,1720765547919,-----------------------------------------------------------
942.0,1720765547919,

943.0,1720765547919,Using 0m 0s
944.0,1720765547919,

945.0,1720765547919,Classifier results ---------------------------------------------------
946.0,1720765547919,

947.0,1720765547920,Query acc: 22.6% Gallery acc: 99.9% Total acc: 53.5%
948.0,1720765547920,

949.0,1720765547920,Jump TSNE in test
950.0,1720765547920,

951.0,1720765547922,==========Test with latent_z: new_z =========
952.0,1720765547922,

953.0,1720765547922,==========Test with NCE LOSS=========
954.0,1720765547922,

955.0,1720765551008,Extracted features for query set, obtained torch.Size([2709, 192]) matrix
956.0,1720765551008,

957.0,1720765551008,Extracted features for gallery set, obtained torch.Size([2000, 192]) matrix
958.0,1720765551008,

959.0,1720765551008,Extracting features complete in 0m 3s
960.0,1720765551008,

961.0,1720765551112,Distance computing in 0m 0s
962.0,1720765551112,

963.0,1720765551417,Results ---------------------------------------------------
964.0,1720765551417,

965.0,1720765551417,top1:21.7% top5:43.9% top10:55.8% top20:68.4% mAP:26.6%
966.0,1720765551417,

967.0,1720765551417,-----------------------------------------------------------
968.0,1720765551417,

969.0,1720765551839,CAT Results ---------------------------------------------------
970.0,1720765551840,

971.0,1720765551840,top1:24.6% top5:46.9% top10:59.2% top20:71.4% mAP:29.4%
972.0,1720765551840,

973.0,1720765551840,-----------------------------------------------------------
974.0,1720765551840,

975.0,1720765551840,Using 0m 0s
976.0,1720765551840,

977.0,1720765551840,Classifier results ---------------------------------------------------
978.0,1720765551840,

979.0,1720765551840,Query acc: 22.6% Gallery acc: 99.9% Total acc: 53.5%
980.0,1720765551840,

981.0,1720765558549,Epoch:56 Time:6.3 Data:0.0 Loss:4.0878 Cls Loss:2.0911 Pair Loss:0.1056 Center Loss:1.8912 KL Loss:344.9822 Recon Loss:0.1833 Acc:0.9907 Acc NCE:0.9967
982.0,1720765558550,

983.0,1720765564145,Epoch:57 Time:5.5 Data:0.0 Loss:4.0246 Cls Loss:2.0335 Pair Loss:0.1008 Center Loss:1.8903 KL Loss:344.8823 Recon Loss:0.1834 Acc:0.9917 Acc NCE:0.9967
984.0,1720765564145,

985.0,1720765569797,Epoch:58 Time:5.6 Data:0.0 Loss:3.9519 Cls Loss:1.9743 Pair Loss:0.1048 Center Loss:1.8727 KL Loss:344.4488 Recon Loss:0.1833 Acc:0.9919 Acc NCE:0.9982
986.0,1720765569798,

987.0,1720765575404,Epoch:59 Time:5.5 Data:0.0 Loss:3.9081 Cls Loss:1.9432 Pair Loss:0.1037 Center Loss:1.8612 KL Loss:344.3136 Recon Loss:0.1834 Acc:0.9917 Acc NCE:0.9962
988.0,1720765575404,

989.0,1720765580788,Epoch:60 Time:5.3 Data:0.0 Loss:3.8368 Cls Loss:1.8900 Pair Loss:0.1001 Center Loss:1.8467 KL Loss:344.0452 Recon Loss:0.1834 Acc:0.9919 Acc NCE:0.9965
990.0,1720765580788,

991.0,1720765580789,=> Test at epoch 60
992.0,1720765580790,

993.0,1720765580790,==========Test with latent_z: z_c =========
994.0,1720765580790,

995.0,1720765580791,==========Test with NCE LOSS=========
996.0,1720765580791,

997.0,1720765584301,Extracted features for query set, obtained torch.Size([2709, 128]) matrix
998.0,1720765584301,

999.0,1720765584301,Extracted features for gallery set, obtained torch.Size([2000, 128]) matrix
1000.0,1720765584301,

1001.0,1720765584301,Extracting features complete in 0m 4s
1002.0,1720765584301,

1003.0,1720765584413,Distance computing in 0m 0s
1004.0,1720765584413,

1005.0,1720765584714,Results ---------------------------------------------------
1006.0,1720765584714,

1007.0,1720765584714,top1:26.5% top5:50.5% top10:62.8% top20:73.6% mAP:32.1%
1008.0,1720765584714,

1009.0,1720765584714,-----------------------------------------------------------
1010.0,1720765584714,

1011.0,1720765585128,CAT Results ---------------------------------------------------
1012.0,1720765585128,

1013.0,1720765585128,top1:24.8% top5:49.1% top10:60.8% top20:72.7% mAP:30.7%
1014.0,1720765585128,

1015.0,1720765585128,-----------------------------------------------------------
1016.0,1720765585129,

1017.0,1720765585129,Using 0m 0s
1018.0,1720765585129,

1019.0,1720765585129,Classifier results ---------------------------------------------------
1020.0,1720765585129,

1021.0,1720765585129,Query acc: 23.1% Gallery acc: 100.0% Total acc: 53.9%
1022.0,1720765585130,

1023.0,1720765585130,Jump TSNE in test
1024.0,1720765585130,

1025.0,1720765585130,==========Test with latent_z: new_z =========
1026.0,1720765585131,

1027.0,1720765585131,==========Test with NCE LOSS=========
1028.0,1720765585131,

1029.0,1720765587842,Extracted features for query set, obtained torch.Size([2709, 192]) matrix
1030.0,1720765587842,

1031.0,1720765587842,Extracted features for gallery set, obtained torch.Size([2000, 192]) matrix
1032.0,1720765587843,

1033.0,1720765587843,Extracting features complete in 0m 3s
1034.0,1720765587843,

1035.0,1720765587958,Distance computing in 0m 0s
1036.0,1720765587958,

1037.0,1720765588260,Results ---------------------------------------------------
1038.0,1720765588260,

1039.0,1720765588261,top1:21.7% top5:43.9% top10:55.8% top20:68.4% mAP:26.6%
1040.0,1720765588261,

1041.0,1720765588261,-----------------------------------------------------------
1042.0,1720765588261,

1043.0,1720765588678,CAT Results ---------------------------------------------------
1044.0,1720765588678,

1045.0,1720765588678,top1:24.4% top5:47.4% top10:59.3% top20:71.5% mAP:29.4%
1046.0,1720765588678,

1047.0,1720765588678,-----------------------------------------------------------
1048.0,1720765588678,

1049.0,1720765588679,Using 0m 0s
1050.0,1720765588679,

1051.0,1720765588679,Classifier results ---------------------------------------------------
1052.0,1720765588679,

1053.0,1720765588679,Query acc: 23.1% Gallery acc: 100.0% Total acc: 53.9%
1054.0,1720765588679,

1055.0,1720765595327,Epoch:61 Time:6.0 Data:0.0 Loss:3.5419 Cls Loss:1.7646 Pair Loss:0.1014 Center Loss:1.6759 KL Loss:343.8002 Recon Loss:0.1834 Acc:0.9955 Acc NCE:0.9985
1056.0,1720765595327,

1057.0,1720765600776,Epoch:62 Time:5.4 Data:0.0 Loss:3.4923 Cls Loss:1.7618 Pair Loss:0.1004 Center Loss:1.6300 KL Loss:343.4648 Recon Loss:0.1833 Acc:0.9960 Acc NCE:0.9992
1058.0,1720765600776,

1059.0,1720765606475,Epoch:63 Time:5.6 Data:0.0 Loss:3.4845 Cls Loss:1.7611 Pair Loss:0.0996 Center Loss:1.6238 KL Loss:343.3646 Recon Loss:0.1833 Acc:0.9960 Acc NCE:0.9992
1060.0,1720765606475,

1061.0,1720765612218,Epoch:64 Time:5.7 Data:0.0 Loss:3.4759 Cls Loss:1.7562 Pair Loss:0.1013 Center Loss:1.6185 KL Loss:342.9274 Recon Loss:0.1833 Acc:0.9955 Acc NCE:0.9995
1062.0,1720765612219,

1063.0,1720765617906,Epoch:65 Time:5.6 Data:0.0 Loss:3.4683 Cls Loss:1.7534 Pair Loss:0.0996 Center Loss:1.6154 KL Loss:342.6753 Recon Loss:0.1833 Acc:0.9957 Acc NCE:0.9990
1064.0,1720765617906,

1065.0,1720765617907,=> Test at epoch 65
1066.0,1720765617907,

1067.0,1720765617908,==========Test with latent_z: z_c =========
1068.0,1720765617908,

1069.0,1720765617908,==========Test with NCE LOSS=========
1070.0,1720765617908,

1071.0,1720765621608,Extracted features for query set, obtained torch.Size([2709, 128]) matrix
1072.0,1720765621608,

1073.0,1720765621608,Extracted features for gallery set, obtained torch.Size([2000, 128]) matrix
1074.0,1720765621608,

1075.0,1720765621608,Extracting features complete in 0m 4s
1076.0,1720765621608,

1077.0,1720765621720,Distance computing in 0m 0s
1078.0,1720765621720,

1079.0,1720765622024,Results ---------------------------------------------------
1080.0,1720765622024,

1081.0,1720765622024,top1:26.8% top5:50.8% top10:62.2% top20:74.0% mAP:32.4%
1082.0,1720765622024,

1083.0,1720765622024,-----------------------------------------------------------
1084.0,1720765622024,

1085.0,1720765622441,CAT Results ---------------------------------------------------
1086.0,1720765622441,

1087.0,1720765622441,top1:25.2% top5:49.7% top10:61.0% top20:72.5% mAP:31.0%
1088.0,1720765622441,

1089.0,1720765622441,-----------------------------------------------------------
1090.0,1720765622441,

1091.0,1720765622442,Using 0m 0s
1092.0,1720765622442,

1093.0,1720765622442,Classifier results ---------------------------------------------------
1094.0,1720765622442,

1095.0,1720765622442,Query acc: 23.7% Gallery acc: 100.0% Total acc: 54.2%
1096.0,1720765622442,

1097.0,1720765622442,Jump TSNE in test
1098.0,1720765622443,

1099.0,1720765622443,==========Test with latent_z: new_z =========
1100.0,1720765622443,

1101.0,1720765622444,==========Test with NCE LOSS=========
1102.0,1720765622444,

1103.0,1720765625531,Extracted features for query set, obtained torch.Size([2709, 192]) matrix
1104.0,1720765625532,

1105.0,1720765625532,Extracted features for gallery set, obtained torch.Size([2000, 192]) matrix
1106.0,1720765625532,

1107.0,1720765625532,Extracting features complete in 0m 3s
1108.0,1720765625532,

1109.0,1720765625646,Distance computing in 0m 0s
1110.0,1720765625646,

1111.0,1720765625951,Results ---------------------------------------------------
1112.0,1720765625951,

1113.0,1720765625951,top1:21.7% top5:43.9% top10:55.8% top20:68.4% mAP:26.6%
1114.0,1720765625951,

1115.0,1720765625951,-----------------------------------------------------------
1116.0,1720765625951,

1117.0,1720765626371,CAT Results ---------------------------------------------------
1118.0,1720765626371,

1119.0,1720765626371,top1:24.4% top5:47.2% top10:59.2% top20:71.6% mAP:29.4%
1120.0,1720765626371,

1121.0,1720765626371,-----------------------------------------------------------
1122.0,1720765626371,

1123.0,1720765626371,Using 0m 0s
1124.0,1720765626372,

1125.0,1720765626372,Classifier results ---------------------------------------------------
1126.0,1720765626372,

1127.0,1720765626372,Query acc: 23.7% Gallery acc: 100.0% Total acc: 54.2%
1128.0,1720765626372,

1129.0,1720765633431,Epoch:66 Time:6.5 Data:0.0 Loss:3.4598 Cls Loss:1.7540 Pair Loss:0.0947 Center Loss:1.6111 KL Loss:342.4492 Recon Loss:0.1833 Acc:0.9957 Acc NCE:0.9995
1130.0,1720765633431,

1131.0,1720765639065,Epoch:67 Time:5.5 Data:0.0 Loss:3.4568 Cls Loss:1.7488 Pair Loss:0.0974 Center Loss:1.6106 KL Loss:342.3694 Recon Loss:0.1832 Acc:0.9962 Acc NCE:0.9992
1132.0,1720765639066,

1133.0,1720765644654,Epoch:68 Time:5.5 Data:0.0 Loss:3.4465 Cls Loss:1.7441 Pair Loss:0.0930 Center Loss:1.6095 KL Loss:342.1244 Recon Loss:0.1833 Acc:0.9957 Acc NCE:0.9992
1134.0,1720765644654,

1135.0,1720765650139,Epoch:69 Time:5.4 Data:0.0 Loss:3.4402 Cls Loss:1.7396 Pair Loss:0.0956 Center Loss:1.6050 KL Loss:341.9114 Recon Loss:0.1833 Acc:0.9957 Acc NCE:0.9990
1136.0,1720765650139,

1137.0,1720765655926,Epoch:70 Time:5.7 Data:0.0 Loss:3.4342 Cls Loss:1.7349 Pair Loss:0.0971 Center Loss:1.6021 KL Loss:341.3839 Recon Loss:0.1833 Acc:0.9955 Acc NCE:0.9990
1138.0,1720765655926,

1139.0,1720765655928,=> Test at epoch 70
1140.0,1720765655928,

1141.0,1720765655928,==========Test with latent_z: z_c =========
1142.0,1720765655928,

1143.0,1720765655928,==========Test with NCE LOSS=========
1144.0,1720765655928,

1145.0,1720765659534,Extracted features for query set, obtained torch.Size([2709, 128]) matrix
1146.0,1720765659535,

1147.0,1720765659535,Extracted features for gallery set, obtained torch.Size([2000, 128]) matrix
1148.0,1720765659535,

1149.0,1720765659535,Extracting features complete in 0m 4s
1150.0,1720765659535,

1151.0,1720765659645,Distance computing in 0m 0s
1152.0,1720765659646,

1153.0,1720765659948,Results ---------------------------------------------------
1154.0,1720765659949,

1155.0,1720765659949,top1:26.4% top5:50.8% top10:62.0% top20:74.2% mAP:32.3%
1156.0,1720765659949,

1157.0,1720765659949,-----------------------------------------------------------
1158.0,1720765659949,

1159.0,1720765660355,CAT Results ---------------------------------------------------
1160.0,1720765660355,

1161.0,1720765660355,top1:25.2% top5:49.4% top10:61.2% top20:72.6% mAP:31.0%
1162.0,1720765660355,

1163.0,1720765660355,-----------------------------------------------------------
1164.0,1720765660356,

1165.0,1720765660356,Using 0m 0s
1166.0,1720765660356,

1167.0,1720765660356,Classifier results ---------------------------------------------------
1168.0,1720765660356,

1169.0,1720765660357,Query acc: 23.7% Gallery acc: 100.0% Total acc: 54.2%
1170.0,1720765660357,

1171.0,1720765660357,Jump TSNE in test
1172.0,1720765660357,

1173.0,1720765660358,==========Test with latent_z: new_z =========
1174.0,1720765660358,

1175.0,1720765660358,==========Test with NCE LOSS=========
1176.0,1720765660359,

1177.0,1720765663059,Extracted features for query set, obtained torch.Size([2709, 192]) matrix
1178.0,1720765663059,

1179.0,1720765663059,Extracted features for gallery set, obtained torch.Size([2000, 192]) matrix
1180.0,1720765663059,

1181.0,1720765663059,Extracting features complete in 0m 3s
1182.0,1720765663059,

1183.0,1720765663175,Distance computing in 0m 0s
1184.0,1720765663175,

1185.0,1720765663474,Results ---------------------------------------------------
1186.0,1720765663474,

1187.0,1720765663474,top1:21.7% top5:43.9% top10:55.8% top20:68.4% mAP:26.6%
1188.0,1720765663475,

1189.0,1720765663475,-----------------------------------------------------------
1190.0,1720765663475,

1191.0,1720765663899,CAT Results ---------------------------------------------------
1192.0,1720765663899,

1193.0,1720765663899,top1:24.4% top5:47.3% top10:59.2% top20:71.5% mAP:29.4%
1194.0,1720765663899,

1195.0,1720765663900,-----------------------------------------------------------
1196.0,1720765663900,

1197.0,1720765663900,Using 0m 0s
1198.0,1720765663900,

1199.0,1720765663900,Classifier results ---------------------------------------------------
1200.0,1720765663900,

1201.0,1720765663900,Query acc: 23.7% Gallery acc: 100.0% Total acc: 54.2%
1202.0,1720765663900,

1203.0,1720765670864,Epoch:71 Time:6.5 Data:0.0 Loss:3.4261 Cls Loss:1.7332 Pair Loss:0.0935 Center Loss:1.5995 KL Loss:341.2771 Recon Loss:0.1833 Acc:0.9962 Acc NCE:0.9992
1204.0,1720765670865,

1205.0,1720765676373,Epoch:72 Time:5.4 Data:0.0 Loss:3.4251 Cls Loss:1.7287 Pair Loss:0.0981 Center Loss:1.5982 KL Loss:341.1594 Recon Loss:0.1833 Acc:0.9965 Acc NCE:0.9995
1206.0,1720765676373,

1207.0,1720765681803,Epoch:73 Time:5.3 Data:0.0 Loss:3.4155 Cls Loss:1.7231 Pair Loss:0.0956 Center Loss:1.5968 KL Loss:340.9929 Recon Loss:0.1834 Acc:0.9957 Acc NCE:0.9992
1208.0,1720765681803,

1209.0,1720765687562,Epoch:74 Time:5.7 Data:0.0 Loss:3.4077 Cls Loss:1.7193 Pair Loss:0.0928 Center Loss:1.5956 KL Loss:340.5604 Recon Loss:0.1833 Acc:0.9965 Acc NCE:0.9990
1210.0,1720765687562,

1211.0,1720765693148,Epoch:75 Time:5.5 Data:0.0 Loss:3.4119 Cls Loss:1.7171 Pair Loss:0.0980 Center Loss:1.5969 KL Loss:340.3156 Recon Loss:0.1833 Acc:0.9960 Acc NCE:0.9990
1212.0,1720765693149,

1213.0,1720765693150,=> Test at epoch 75
1214.0,1720765693150,

1215.0,1720765693151,==========Test with latent_z: z_c =========
1216.0,1720765693151,

1217.0,1720765693151,==========Test with NCE LOSS=========
1218.0,1720765693151,

1219.0,1720765696714,Extracted features for query set, obtained torch.Size([2709, 128]) matrix
1220.0,1720765696714,

1221.0,1720765696714,Extracted features for gallery set, obtained torch.Size([2000, 128]) matrix
1222.0,1720765696714,

1223.0,1720765696714,Extracting features complete in 0m 4s
1224.0,1720765696714,

1225.0,1720765696826,Distance computing in 0m 0s
1226.0,1720765696826,

1227.0,1720765697126,Results ---------------------------------------------------
1228.0,1720765697127,

1229.0,1720765697127,top1:26.4% top5:50.7% top10:62.1% top20:73.9% mAP:32.3%
1230.0,1720765697127,

1231.0,1720765697127,-----------------------------------------------------------
1232.0,1720765697127,

1233.0,1720765697539,CAT Results ---------------------------------------------------
1234.0,1720765697539,

1235.0,1720765697539,top1:25.3% top5:49.3% top10:61.0% top20:72.6% mAP:31.0%
1236.0,1720765697539,

1237.0,1720765697539,-----------------------------------------------------------
1238.0,1720765697539,

1239.0,1720765697540,Using 0m 0s
1240.0,1720765697540,

1241.0,1720765697540,Classifier results ---------------------------------------------------
1242.0,1720765697540,

1243.0,1720765697540,Query acc: 23.8% Gallery acc: 100.0% Total acc: 54.3%
1244.0,1720765697541,

1245.0,1720765697541,Jump TSNE in test
1246.0,1720765697541,

1247.0,1720765697541,==========Test with latent_z: new_z =========
1248.0,1720765697541,

1249.0,1720765697542,==========Test with NCE LOSS=========
1250.0,1720765697542,

1251.0,1720765700602,Extracted features for query set, obtained torch.Size([2709, 192]) matrix
1252.0,1720765700602,

1253.0,1720765700612,Extracted features for gallery set, obtained torch.Size([2000, 192]) matrix
1254.0,1720765700612,

1255.0,1720765700612,Extracting features complete in 0m 3s
1256.0,1720765700612,

1257.0,1720765700715,Distance computing in 0m 0s
1258.0,1720765700715,

1259.0,1720765701013,Results ---------------------------------------------------
1260.0,1720765701013,

1261.0,1720765701013,top1:21.7% top5:43.9% top10:55.8% top20:68.4% mAP:26.6%
1262.0,1720765701013,

1263.0,1720765701013,-----------------------------------------------------------
1264.0,1720765701013,

1265.0,1720765701439,CAT Results ---------------------------------------------------
1266.0,1720765701439,

1267.0,1720765701439,top1:24.4% top5:47.4% top10:59.3% top20:71.7% mAP:29.4%
1268.0,1720765701439,

1269.0,1720765701439,-----------------------------------------------------------
1270.0,1720765701439,

1271.0,1720765701439,Using 0m 0s
1272.0,1720765701439,

1273.0,1720765701439,Classifier results ---------------------------------------------------
1274.0,1720765701439,

1275.0,1720765701439,Query acc: 23.8% Gallery acc: 100.0% Total acc: 54.3%
1276.0,1720765701440,

1277.0,1720765708036,Epoch:76 Time:6.2 Data:0.0 Loss:3.3973 Cls Loss:1.7120 Pair Loss:0.0934 Center Loss:1.5918 KL Loss:339.9234 Recon Loss:0.1833 Acc:0.9962 Acc NCE:0.9995
1278.0,1720765708037,

1279.0,1720765713827,Epoch:77 Time:5.7 Data:0.0 Loss:3.3988 Cls Loss:1.7087 Pair Loss:0.0971 Center Loss:1.5930 KL Loss:339.9245 Recon Loss:0.1834 Acc:0.9967 Acc NCE:0.9990
1280.0,1720765713827,

1281.0,1720765719579,Epoch:78 Time:5.7 Data:0.0 Loss:3.3945 Cls Loss:1.7035 Pair Loss:0.1003 Center Loss:1.5908 KL Loss:339.6836 Recon Loss:0.1834 Acc:0.9960 Acc NCE:0.9990
1282.0,1720765719579,

1283.0,1720765725150,Epoch:79 Time:5.5 Data:0.0 Loss:3.3984 Cls Loss:1.7040 Pair Loss:0.1050 Center Loss:1.5894 KL Loss:339.3326 Recon Loss:0.1833 Acc:0.9960 Acc NCE:0.9995
1284.0,1720765725150,

1285.0,1720765730661,Epoch:80 Time:5.4 Data:0.0 Loss:3.3792 Cls Loss:1.6963 Pair Loss:0.0969 Center Loss:1.5860 KL Loss:339.1996 Recon Loss:0.1834 Acc:0.9960 Acc NCE:0.9992
1286.0,1720765730661,

1287.0,1720765730662,=> Test at epoch 80
1288.0,1720765730662,

1289.0,1720765730663,==========Test with latent_z: z_c =========
1290.0,1720765730663,

1291.0,1720765730663,==========Test with NCE LOSS=========
1292.0,1720765730663,

1293.0,1720765734132,Extracted features for query set, obtained torch.Size([2709, 128]) matrix
1294.0,1720765734133,

1295.0,1720765734133,Extracted features for gallery set, obtained torch.Size([2000, 128]) matrix
1296.0,1720765734133,

1297.0,1720765734133,Extracting features complete in 0m 3s
1298.0,1720765734133,

1299.0,1720765734243,Distance computing in 0m 0s
1300.0,1720765734243,

1301.0,1720765734546,Results ---------------------------------------------------
1302.0,1720765734546,

1303.0,1720765734546,top1:26.6% top5:50.8% top10:62.2% top20:73.9% mAP:32.4%
1304.0,1720765734546,

1305.0,1720765734546,-----------------------------------------------------------
1306.0,1720765734547,

1307.0,1720765734954,CAT Results ---------------------------------------------------
1308.0,1720765734954,

1309.0,1720765734954,top1:25.3% top5:49.1% top10:61.1% top20:73.0% mAP:31.0%
1310.0,1720765734954,

1311.0,1720765734955,-----------------------------------------------------------
1312.0,1720765734955,

1313.0,1720765734955,Using 0m 0s
1314.0,1720765734955,

1315.0,1720765734955,Classifier results ---------------------------------------------------
1316.0,1720765734955,

1317.0,1720765734956,Query acc: 23.3% Gallery acc: 100.0% Total acc: 54.0%
1318.0,1720765734956,

1319.0,1720765734956,Jump TSNE in test
1320.0,1720765734956,

1321.0,1720765734956,==========Test with latent_z: new_z =========
1322.0,1720765734956,

1323.0,1720765734957,==========Test with NCE LOSS=========
1324.0,1720765734957,

1325.0,1720765738067,Extracted features for query set, obtained torch.Size([2709, 192]) matrix
1326.0,1720765738067,

1327.0,1720765738067,Extracted features for gallery set, obtained torch.Size([2000, 192]) matrix
1328.0,1720765738067,

1329.0,1720765738067,Extracting features complete in 0m 3s
1330.0,1720765738067,

1331.0,1720765738183,Distance computing in 0m 0s
1332.0,1720765738183,

1333.0,1720765738482,Results ---------------------------------------------------
1334.0,1720765738482,

1335.0,1720765738482,top1:21.7% top5:43.9% top10:55.8% top20:68.4% mAP:26.6%
1336.0,1720765738482,

1337.0,1720765738482,-----------------------------------------------------------
1338.0,1720765738482,

1339.0,1720765738903,CAT Results ---------------------------------------------------
1340.0,1720765738903,

1341.0,1720765738903,top1:24.4% top5:47.3% top10:59.2% top20:71.5% mAP:29.4%
1342.0,1720765738903,

1343.0,1720765738903,-----------------------------------------------------------
1344.0,1720765738904,

1345.0,1720765738904,Using 0m 0s
1346.0,1720765738904,

1347.0,1720765738904,Classifier results ---------------------------------------------------
1348.0,1720765738904,

1349.0,1720765738904,Query acc: 23.3% Gallery acc: 100.0% Total acc: 54.0%
1350.0,1720765738904,

1351.0,1720765745502,Epoch:81 Time:6.1 Data:0.0 Loss:3.3703 Cls Loss:1.6887 Pair Loss:0.0943 Center Loss:1.5872 KL Loss:338.6753 Recon Loss:0.1833 Acc:0.9967 Acc NCE:0.9997
1352.0,1720765745502,

1353.0,1720765751217,Epoch:82 Time:5.6 Data:0.0 Loss:3.3740 Cls Loss:1.6882 Pair Loss:0.0988 Center Loss:1.5870 KL Loss:338.8496 Recon Loss:0.1833 Acc:0.9960 Acc NCE:0.9992
1354.0,1720765751217,

1355.0,1720765756911,Epoch:83 Time:5.6 Data:0.0 Loss:3.3624 Cls Loss:1.6823 Pair Loss:0.0943 Center Loss:1.5858 KL Loss:338.6809 Recon Loss:0.1833 Acc:0.9962 Acc NCE:0.9992
1356.0,1720765756911,

1357.0,1720765762719,Epoch:84 Time:5.7 Data:0.0 Loss:3.3598 Cls Loss:1.6792 Pair Loss:0.0991 Center Loss:1.5815 KL Loss:338.6011 Recon Loss:0.1833 Acc:0.9965 Acc NCE:0.9990
1358.0,1720765762719,

1359.0,1720765768322,Epoch:85 Time:5.5 Data:0.0 Loss:3.3495 Cls Loss:1.6741 Pair Loss:0.0940 Center Loss:1.5815 KL Loss:339.0194 Recon Loss:0.1833 Acc:0.9962 Acc NCE:0.9990
1360.0,1720765768322,

1361.0,1720765768322,=> Test at epoch 85
1362.0,1720765768323,

1363.0,1720765768323,==========Test with latent_z: z_c =========
1364.0,1720765768324,

1365.0,1720765768324,==========Test with NCE LOSS=========
1366.0,1720765768324,

1367.0,1720765771041,Extracted features for query set, obtained torch.Size([2709, 128]) matrix
1368.0,1720765771041,

1369.0,1720765771041,Extracted features for gallery set, obtained torch.Size([2000, 128]) matrix
1370.0,1720765771041,

1371.0,1720765771041,Extracting features complete in 0m 3s
1372.0,1720765771041,

1373.0,1720765771154,Distance computing in 0m 0s
1374.0,1720765771154,

1375.0,1720765771460,Results ---------------------------------------------------
1376.0,1720765771460,

1377.0,1720765771460,top1:26.5% top5:50.9% top10:62.1% top20:74.1% mAP:32.3%
1378.0,1720765771461,

1379.0,1720765771461,-----------------------------------------------------------
1380.0,1720765771461,

1381.0,1720765771873,CAT Results ---------------------------------------------------
1382.0,1720765771873,

1383.0,1720765771873,top1:25.5% top5:49.2% top10:61.1% top20:72.9% mAP:31.0%
1384.0,1720765771873,

1385.0,1720765771873,-----------------------------------------------------------
1386.0,1720765771873,

1387.0,1720765771874,Using 0m 0s
1388.0,1720765771874,

1389.0,1720765771874,Classifier results ---------------------------------------------------
1390.0,1720765771874,

1391.0,1720765771874,Query acc: 23.9% Gallery acc: 100.0% Total acc: 54.4%
1392.0,1720765771875,

1393.0,1720765771875,Jump TSNE in test
1394.0,1720765771875,

1395.0,1720765771875,==========Test with latent_z: new_z =========
1396.0,1720765771875,

1397.0,1720765771876,==========Test with NCE LOSS=========
1398.0,1720765771876,

1399.0,1720765774563,Extracted features for query set, obtained torch.Size([2709, 192]) matrix
1400.0,1720765774564,

1401.0,1720765774564,Extracted features for gallery set, obtained torch.Size([2000, 192]) matrix
1402.0,1720765774564,

1403.0,1720765774564,Extracting features complete in 0m 3s
1404.0,1720765774564,

1405.0,1720765774675,Distance computing in 0m 0s
1406.0,1720765774675,

1407.0,1720765774983,Results ---------------------------------------------------
1408.0,1720765774983,

1409.0,1720765774983,top1:21.7% top5:43.9% top10:55.8% top20:68.4% mAP:26.6%
1410.0,1720765774983,

1411.0,1720765774983,-----------------------------------------------------------
1412.0,1720765774983,

1413.0,1720765775407,CAT Results ---------------------------------------------------
1414.0,1720765775408,

1415.0,1720765775408,top1:24.5% top5:47.4% top10:59.2% top20:71.5% mAP:29.4%
1416.0,1720765775408,

1417.0,1720765775408,-----------------------------------------------------------
1418.0,1720765775408,

1419.0,1720765775408,Using 0m 0s
1420.0,1720765775408,

1421.0,1720765775408,Classifier results ---------------------------------------------------
1422.0,1720765775408,

1423.0,1720765775408,Query acc: 23.9% Gallery acc: 100.0% Total acc: 54.4%
1424.0,1720765775408,

1425.0,1720765781879,Epoch:86 Time:6.0 Data:0.0 Loss:3.3528 Cls Loss:1.6703 Pair Loss:0.0995 Center Loss:1.5829 KL Loss:338.8521 Recon Loss:0.1833 Acc:0.9962 Acc NCE:0.9992
1426.0,1720765781879,

1427.0,1720765787496,Epoch:87 Time:5.5 Data:0.0 Loss:3.3481 Cls Loss:1.6650 Pair Loss:0.1036 Center Loss:1.5795 KL Loss:339.0256 Recon Loss:0.1833 Acc:0.9962 Acc NCE:0.9990
1428.0,1720765787496,

1429.0,1720765793241,Epoch:88 Time:5.7 Data:0.0 Loss:3.3441 Cls Loss:1.6625 Pair Loss:0.0984 Center Loss:1.5833 KL Loss:338.5087 Recon Loss:0.1833 Acc:0.9962 Acc NCE:0.9992
1430.0,1720765793241,

1431.0,1720765798896,Epoch:89 Time:5.6 Data:0.0 Loss:3.3358 Cls Loss:1.6557 Pair Loss:0.0990 Center Loss:1.5812 KL Loss:339.0448 Recon Loss:0.1833 Acc:0.9965 Acc NCE:0.9992
1432.0,1720765798896,

1433.0,1720765804343,Epoch:90 Time:5.4 Data:0.0 Loss:3.3292 Cls Loss:1.6532 Pair Loss:0.0971 Center Loss:1.5790 KL Loss:338.8899 Recon Loss:0.1834 Acc:0.9962 Acc NCE:0.9992
1434.0,1720765804343,

1435.0,1720765804344,=> Test at epoch 90
1436.0,1720765804345,

1437.0,1720765804345,==========Test with latent_z: z_c =========
1438.0,1720765804345,

1439.0,1720765804345,==========Test with NCE LOSS=========
1440.0,1720765804345,

1441.0,1720765808306,Extracted features for query set, obtained torch.Size([2709, 128]) matrix
1442.0,1720765808306,

1443.0,1720765808306,Extracted features for gallery set, obtained torch.Size([2000, 128]) matrix
1444.0,1720765808306,

1445.0,1720765808307,Extracting features complete in 0m 4s
1446.0,1720765808307,

1447.0,1720765808417,Distance computing in 0m 0s
1448.0,1720765808417,

1449.0,1720765808713,Results ---------------------------------------------------
1450.0,1720765808713,

1451.0,1720765808713,top1:26.7% top5:50.8% top10:62.2% top20:73.9% mAP:32.4%
1452.0,1720765808713,

1453.0,1720765808713,-----------------------------------------------------------
1454.0,1720765808713,

1455.0,1720765809120,CAT Results ---------------------------------------------------
1456.0,1720765809120,

1457.0,1720765809120,top1:25.2% top5:49.4% top10:61.1% top20:72.8% mAP:31.0%
1458.0,1720765809120,

1459.0,1720765809120,-----------------------------------------------------------
1460.0,1720765809120,

1461.0,1720765809120,Using 0m 0s
1462.0,1720765809120,

1463.0,1720765809121,Classifier results ---------------------------------------------------
1464.0,1720765809121,

1465.0,1720765809121,Query acc: 23.7% Gallery acc: 100.0% Total acc: 54.2%
1466.0,1720765809121,

1467.0,1720765809121,Jump TSNE in test
1468.0,1720765809121,

1469.0,1720765809122,==========Test with latent_z: new_z =========
1470.0,1720765809122,

1471.0,1720765809122,==========Test with NCE LOSS=========
1472.0,1720765809123,

1473.0,1720765812206,Extracted features for query set, obtained torch.Size([2709, 192]) matrix
1474.0,1720765812206,

1475.0,1720765812206,Extracted features for gallery set, obtained torch.Size([2000, 192]) matrix
1476.0,1720765812207,

1477.0,1720765812207,Extracting features complete in 0m 3s
1478.0,1720765812207,

1479.0,1720765812319,Distance computing in 0m 0s
1480.0,1720765812319,

1481.0,1720765812618,Results ---------------------------------------------------
1482.0,1720765812619,

1483.0,1720765812619,top1:21.7% top5:43.9% top10:55.8% top20:68.4% mAP:26.6%
1484.0,1720765812619,

1485.0,1720765812619,-----------------------------------------------------------
1486.0,1720765812619,

1487.0,1720765813046,CAT Results ---------------------------------------------------
1488.0,1720765813047,

1489.0,1720765813047,top1:24.5% top5:47.4% top10:59.3% top20:71.7% mAP:29.5%
1490.0,1720765813047,

1491.0,1720765813047,-----------------------------------------------------------
1492.0,1720765813047,

1493.0,1720765813047,Using 0m 0s
1494.0,1720765813047,

1495.0,1720765813047,Classifier results ---------------------------------------------------
1496.0,1720765813047,

1497.0,1720765813047,Query acc: 23.7% Gallery acc: 100.0% Total acc: 54.2%
1498.0,1720765813048,

1499.0,1720765819479,Epoch:91 Time:6.0 Data:0.0 Loss:3.3249 Cls Loss:1.6471 Pair Loss:0.1021 Center Loss:1.5758 KL Loss:338.7913 Recon Loss:0.1833 Acc:0.9965 Acc NCE:0.9995
1500.0,1720765819479,

1501.0,1720765824958,Epoch:92 Time:5.4 Data:0.0 Loss:3.3196 Cls Loss:1.6467 Pair Loss:0.0990 Center Loss:1.5739 KL Loss:338.9248 Recon Loss:0.1833 Acc:0.9960 Acc NCE:0.9992
1502.0,1720765824959,

1503.0,1720765830441,Epoch:93 Time:5.4 Data:0.0 Loss:3.3057 Cls Loss:1.6401 Pair Loss:0.0917 Center Loss:1.5739 KL Loss:338.9749 Recon Loss:0.1834 Acc:0.9962 Acc NCE:0.9995
1504.0,1720765830441,

1505.0,1720765835918,Epoch:94 Time:5.4 Data:0.0 Loss:3.3041 Cls Loss:1.6350 Pair Loss:0.0946 Center Loss:1.5746 KL Loss:338.8447 Recon Loss:0.1833 Acc:0.9960 Acc NCE:0.9992
1506.0,1720765835918,

1507.0,1720765841601,Epoch:95 Time:5.6 Data:0.0 Loss:3.2985 Cls Loss:1.6301 Pair Loss:0.0948 Center Loss:1.5735 KL Loss:338.4254 Recon Loss:0.1833 Acc:0.9962 Acc NCE:0.9992
1508.0,1720765841601,

1509.0,1720765841602,=> Test at epoch 95
1510.0,1720765841602,

1511.0,1720765841602,==========Test with latent_z: z_c =========
1512.0,1720765841602,

1513.0,1720765841602,==========Test with NCE LOSS=========
1514.0,1720765841603,

1515.0,1720765845267,Extracted features for query set, obtained torch.Size([2709, 128]) matrix
1516.0,1720765845267,

1517.0,1720765845268,Extracted features for gallery set, obtained torch.Size([2000, 128]) matrix
1518.0,1720765845268,

1519.0,1720765845268,Extracting features complete in 0m 4s
1520.0,1720765845268,

1521.0,1720765845378,Distance computing in 0m 0s
1522.0,1720765845378,

1523.0,1720765845687,Results ---------------------------------------------------
1524.0,1720765845688,

1525.0,1720765845688,top1:26.8% top5:50.8% top10:62.2% top20:74.0% mAP:32.5%
1526.0,1720765845688,

1527.0,1720765845688,-----------------------------------------------------------
1528.0,1720765845688,

1529.0,1720765846097,CAT Results ---------------------------------------------------
1530.0,1720765846097,

1531.0,1720765846097,top1:25.2% top5:49.3% top10:61.2% top20:72.9% mAP:31.0%
1532.0,1720765846097,

1533.0,1720765846097,-----------------------------------------------------------
1534.0,1720765846097,

1535.0,1720765846098,Using 0m 0s
1536.0,1720765846098,

1537.0,1720765846098,Classifier results ---------------------------------------------------
1538.0,1720765846098,

1539.0,1720765846098,Query acc: 23.8% Gallery acc: 100.0% Total acc: 54.3%
1540.0,1720765846098,

1541.0,1720765846098,Jump TSNE in test
1542.0,1720765846099,

1543.0,1720765846099,==========Test with latent_z: new_z =========
1544.0,1720765846099,

1545.0,1720765846100,==========Test with NCE LOSS=========
1546.0,1720765846100,

1547.0,1720765848779,Extracted features for query set, obtained torch.Size([2709, 192]) matrix
1548.0,1720765848780,

1549.0,1720765848780,Extracted features for gallery set, obtained torch.Size([2000, 192]) matrix
1550.0,1720765848780,

1551.0,1720765848780,Extracting features complete in 0m 3s
1552.0,1720765848780,

1553.0,1720765848895,Distance computing in 0m 0s
1554.0,1720765848895,

1555.0,1720765849195,Results ---------------------------------------------------
1556.0,1720765849196,

1557.0,1720765849196,top1:21.7% top5:43.9% top10:55.8% top20:68.4% mAP:26.6%
1558.0,1720765849196,

1559.0,1720765849196,-----------------------------------------------------------
1560.0,1720765849196,

1561.0,1720765849613,CAT Results ---------------------------------------------------
1562.0,1720765849613,

1563.0,1720765849614,top1:24.5% top5:47.4% top10:59.4% top20:71.7% mAP:29.5%
1564.0,1720765849614,

1565.0,1720765849614,-----------------------------------------------------------
1566.0,1720765849614,

1567.0,1720765849614,Using 0m 0s
1568.0,1720765849614,

1569.0,1720765849614,Classifier results ---------------------------------------------------
1570.0,1720765849614,

1571.0,1720765849614,Query acc: 23.8% Gallery acc: 100.0% Total acc: 54.3%
1572.0,1720765849614,

1573.0,1720765856462,Epoch:96 Time:6.2 Data:0.0 Loss:3.2889 Cls Loss:1.6261 Pair Loss:0.0919 Center Loss:1.5709 KL Loss:338.6440 Recon Loss:0.1833 Acc:0.9965 Acc NCE:0.9995
1574.0,1720765856462,

1575.0,1720765862042,Epoch:97 Time:5.5 Data:0.0 Loss:3.2895 Cls Loss:1.6239 Pair Loss:0.0961 Center Loss:1.5695 KL Loss:338.6609 Recon Loss:0.1833 Acc:0.9962 Acc NCE:0.9990
1576.0,1720765862042,

1577.0,1720765867426,Epoch:98 Time:5.3 Data:0.0 Loss:3.2839 Cls Loss:1.6198 Pair Loss:0.0954 Center Loss:1.5687 KL Loss:338.5650 Recon Loss:0.1832 Acc:0.9962 Acc NCE:0.9992
1578.0,1720765867426,

1579.0,1720765872839,Epoch:99 Time:5.3 Data:0.0 Loss:3.2768 Cls Loss:1.6136 Pair Loss:0.0938 Center Loss:1.5694 KL Loss:339.0489 Recon Loss:0.1833 Acc:0.9960 Acc NCE:0.9992
1580.0,1720765872840,

1581.0,1720765878344,Epoch:100 Time:5.4 Data:0.0 Loss:3.2751 Cls Loss:1.6115 Pair Loss:0.0960 Center Loss:1.5676 KL Loss:338.8816 Recon Loss:0.1833 Acc:0.9965 Acc NCE:0.9995
1582.0,1720765878344,

1583.0,1720765878345,=> Test at epoch 100
1584.0,1720765878346,

1585.0,1720765878346,==========Test with latent_z: z_c =========
1586.0,1720765878346,

1587.0,1720765878346,==========Test with NCE LOSS=========
1588.0,1720765878346,

1589.0,1720765882005,Extracted features for query set, obtained torch.Size([2709, 128]) matrix
1590.0,1720765882005,

1591.0,1720765882005,Extracted features for gallery set, obtained torch.Size([2000, 128]) matrix
1592.0,1720765882005,

1593.0,1720765882005,Extracting features complete in 0m 4s
1594.0,1720765882005,

1595.0,1720765882115,Distance computing in 0m 0s
1596.0,1720765882116,

1597.0,1720765882418,Results ---------------------------------------------------
1598.0,1720765882419,

1599.0,1720765882419,top1:26.6% top5:50.8% top10:62.1% top20:73.9% mAP:32.4%
1600.0,1720765882419,

1601.0,1720765882419,-----------------------------------------------------------
1602.0,1720765882419,

1603.0,1720765882827,CAT Results ---------------------------------------------------
1604.0,1720765882827,

1605.0,1720765882827,top1:25.2% top5:49.2% top10:61.3% top20:72.8% mAP:31.0%
1606.0,1720765882827,

1607.0,1720765882828,-----------------------------------------------------------
1608.0,1720765882828,

1609.0,1720765882828,Using 0m 0s
1610.0,1720765882828,

1611.0,1720765882828,Classifier results ---------------------------------------------------
1612.0,1720765882828,

1613.0,1720765882829,Query acc: 23.4% Gallery acc: 100.0% Total acc: 54.1%
1614.0,1720765882829,

1615.0,1720765882829,Jump TSNE in test
1616.0,1720765882829,

1617.0,1720765882829,==========Test with latent_z: new_z =========
1618.0,1720765882830,

1619.0,1720765882830,==========Test with NCE LOSS=========
1620.0,1720765882830,

1621.0,1720765885907,Extracted features for query set, obtained torch.Size([2709, 192]) matrix
1622.0,1720765885907,

1623.0,1720765885912,Extracted features for gallery set, obtained torch.Size([2000, 192]) matrix
1624.0,1720765885912,

1625.0,1720765885912,Extracting features complete in 0m 3s
1626.0,1720765885912,

1627.0,1720765886021,Distance computing in 0m 0s
1628.0,1720765886021,

1629.0,1720765886328,Results ---------------------------------------------------
1630.0,1720765886328,

1631.0,1720765886328,top1:21.7% top5:43.9% top10:55.8% top20:68.4% mAP:26.6%
1632.0,1720765886328,

1633.0,1720765886328,-----------------------------------------------------------
1634.0,1720765886328,

1635.0,1720765886755,CAT Results ---------------------------------------------------
1636.0,1720765886756,

1637.0,1720765886756,top1:24.5% top5:47.4% top10:59.3% top20:71.6% mAP:29.5%
1638.0,1720765886756,

1639.0,1720765886756,-----------------------------------------------------------
1640.0,1720765886756,

1641.0,1720765886756,Using 0m 0s
1642.0,1720765886756,

1643.0,1720765886756,Classifier results ---------------------------------------------------
1644.0,1720765886756,

1645.0,1720765886756,Query acc: 23.4% Gallery acc: 100.0% Total acc: 54.1%
1646.0,1720765886756,

1647.0,1720765893146,Epoch:101 Time:5.9 Data:0.0 Loss:3.2699 Cls Loss:1.6071 Pair Loss:0.0978 Center Loss:1.5650 KL Loss:338.9582 Recon Loss:0.1833 Acc:0.9965 Acc NCE:0.9992
1648.0,1720765893146,

1649.0,1720765898647,Epoch:102 Time:5.4 Data:0.0 Loss:3.2669 Cls Loss:1.6019 Pair Loss:0.0978 Center Loss:1.5672 KL Loss:338.9692 Recon Loss:0.1833 Acc:0.9965 Acc NCE:0.9992
1650.0,1720765898648,

1651.0,1720765903898,Epoch:103 Time:5.2 Data:0.0 Loss:3.2642 Cls Loss:1.5996 Pair Loss:0.0990 Center Loss:1.5656 KL Loss:338.6904 Recon Loss:0.1834 Acc:0.9962 Acc NCE:0.9995
1652.0,1720765903898,

1653.0,1720765909411,Epoch:104 Time:5.4 Data:0.0 Loss:3.2485 Cls Loss:1.5902 Pair Loss:0.0949 Center Loss:1.5634 KL Loss:338.7140 Recon Loss:0.1833 Acc:0.9962 Acc NCE:0.9995
1654.0,1720765909411,

1655.0,1720765915166,Epoch:105 Time:5.7 Data:0.0 Loss:3.2452 Cls Loss:1.5917 Pair Loss:0.0907 Center Loss:1.5628 KL Loss:338.8185 Recon Loss:0.1833 Acc:0.9965 Acc NCE:0.9992
1656.0,1720765915166,

1657.0,1720765915167,=> Test at epoch 105
1658.0,1720765915167,

1659.0,1720765915168,==========Test with latent_z: z_c =========
1660.0,1720765915168,

1661.0,1720765915168,==========Test with NCE LOSS=========
1662.0,1720765915169,

1663.0,1720765918815,Extracted features for query set, obtained torch.Size([2709, 128]) matrix
1664.0,1720765918815,

1665.0,1720765918815,Extracted features for gallery set, obtained torch.Size([2000, 128]) matrix
1666.0,1720765918815,

1667.0,1720765918815,Extracting features complete in 0m 4s
1668.0,1720765918815,

1669.0,1720765918927,Distance computing in 0m 0s
1670.0,1720765918928,

1671.0,1720765919226,Results ---------------------------------------------------
1672.0,1720765919226,

1673.0,1720765919226,top1:26.4% top5:50.9% top10:62.4% top20:74.0% mAP:32.4%
1674.0,1720765919226,

1675.0,1720765919226,-----------------------------------------------------------
1676.0,1720765919226,

1677.0,1720765919636,CAT Results ---------------------------------------------------
1678.0,1720765919636,

1679.0,1720765919636,top1:25.4% top5:49.2% top10:61.5% top20:72.8% mAP:31.1%
1680.0,1720765919637,

1681.0,1720765919637,-----------------------------------------------------------
1682.0,1720765919637,

1683.0,1720765919637,Using 0m 0s
1684.0,1720765919637,

1685.0,1720765919637,Classifier results ---------------------------------------------------
1686.0,1720765919637,

1687.0,1720765919637,Query acc: 23.9% Gallery acc: 100.0% Total acc: 54.4%
1688.0,1720765919638,

1689.0,1720765919638,Jump TSNE in test
1690.0,1720765919638,

1691.0,1720765919639,==========Test with latent_z: new_z =========
1692.0,1720765919639,

1693.0,1720765919639,==========Test with NCE LOSS=========
1694.0,1720765919640,

1695.0,1720765922733,Extracted features for query set, obtained torch.Size([2709, 192]) matrix
1696.0,1720765922733,

1697.0,1720765922733,Extracted features for gallery set, obtained torch.Size([2000, 192]) matrix
1698.0,1720765922733,

1699.0,1720765922733,Extracting features complete in 0m 3s
1700.0,1720765922733,

1701.0,1720765922845,Distance computing in 0m 0s
1702.0,1720765922845,

1703.0,1720765923144,Results ---------------------------------------------------
1704.0,1720765923144,

1705.0,1720765923144,top1:21.7% top5:43.9% top10:55.8% top20:68.4% mAP:26.6%
1706.0,1720765923144,

1707.0,1720765923144,-----------------------------------------------------------
1708.0,1720765923145,

1709.0,1720765923573,CAT Results ---------------------------------------------------
1710.0,1720765923573,

1711.0,1720765923573,top1:24.4% top5:47.5% top10:59.4% top20:71.7% mAP:29.5%
1712.0,1720765923573,

1713.0,1720765923573,-----------------------------------------------------------
1714.0,1720765923574,

1715.0,1720765923574,Using 0m 0s
1716.0,1720765923574,

1717.0,1720765923574,Classifier results ---------------------------------------------------
1718.0,1720765923574,

1719.0,1720765923574,Query acc: 23.9% Gallery acc: 100.0% Total acc: 54.4%
1720.0,1720765923574,

1721.0,1720765929971,Epoch:106 Time:6.0 Data:0.0 Loss:3.2524 Cls Loss:1.5912 Pair Loss:0.0995 Center Loss:1.5617 KL Loss:338.7159 Recon Loss:0.1833 Acc:0.9960 Acc NCE:0.9992
1722.0,1720765929971,

1723.0,1720765935770,Epoch:107 Time:5.7 Data:0.0 Loss:3.2408 Cls Loss:1.5825 Pair Loss:0.0984 Center Loss:1.5598 KL Loss:338.4776 Recon Loss:0.1833 Acc:0.9960 Acc NCE:0.9992
1724.0,1720765935770,

1725.0,1720765941382,Epoch:108 Time:5.5 Data:0.0 Loss:3.2396 Cls Loss:1.5780 Pair Loss:0.1004 Center Loss:1.5612 KL Loss:338.9275 Recon Loss:0.1833 Acc:0.9962 Acc NCE:0.9992
1726.0,1720765941382,

1727.0,1720765947147,Epoch:109 Time:5.7 Data:0.0 Loss:3.2318 Cls Loss:1.5772 Pair Loss:0.0947 Center Loss:1.5599 KL Loss:338.7299 Recon Loss:0.1833 Acc:0.9960 Acc NCE:0.9990
1728.0,1720765947147,

1729.0,1720765952533,Epoch:110 Time:5.3 Data:0.0 Loss:3.2233 Cls Loss:1.5700 Pair Loss:0.0940 Center Loss:1.5593 KL Loss:338.8633 Recon Loss:0.1833 Acc:0.9965 Acc NCE:0.9992
1730.0,1720765952533,

1731.0,1720765952535,=> Test at epoch 110
1732.0,1720765952535,

1733.0,1720765952535,==========Test with latent_z: z_c =========
1734.0,1720765952535,

1735.0,1720765952535,==========Test with NCE LOSS=========
1736.0,1720765952535,

1737.0,1720765955905,Extracted features for query set, obtained torch.Size([2709, 128]) matrix
1738.0,1720765955905,

1739.0,1720765955905,Extracted features for gallery set, obtained torch.Size([2000, 128]) matrix
1740.0,1720765955905,

1741.0,1720765955905,Extracting features complete in 0m 3s
1742.0,1720765955905,

1743.0,1720765956014,Distance computing in 0m 0s
1744.0,1720765956014,

1745.0,1720765956313,Results ---------------------------------------------------
1746.0,1720765956313,

1747.0,1720765956313,top1:26.5% top5:51.0% top10:62.0% top20:74.1% mAP:32.4%
1748.0,1720765956313,

1749.0,1720765956313,-----------------------------------------------------------
1750.0,1720765956314,

1751.0,1720765956724,CAT Results ---------------------------------------------------
1752.0,1720765956724,

1753.0,1720765956724,top1:25.0% top5:49.2% top10:61.2% top20:73.0% mAP:31.0%
1754.0,1720765956724,

1755.0,1720765956724,-----------------------------------------------------------
1756.0,1720765956725,

1757.0,1720765956725,Using 0m 0s
1758.0,1720765956725,

1759.0,1720765956725,Classifier results ---------------------------------------------------
1760.0,1720765956725,

1761.0,1720765956725,Query acc: 23.8% Gallery acc: 100.0% Total acc: 54.3%
1762.0,1720765956725,

1763.0,1720765956725,Jump TSNE in test
1764.0,1720765956726,

1765.0,1720765956726,==========Test with latent_z: new_z =========
1766.0,1720765956727,

1767.0,1720765956727,==========Test with NCE LOSS=========
1768.0,1720765956727,

1769.0,1720765959760,Extracted features for query set, obtained torch.Size([2709, 192]) matrix
1770.0,1720765959760,

1771.0,1720765959760,Extracted features for gallery set, obtained torch.Size([2000, 192]) matrix
1772.0,1720765959760,

1773.0,1720765959760,Extracting features complete in 0m 3s
1774.0,1720765959760,

1775.0,1720765959863,Distance computing in 0m 0s
1776.0,1720765959863,

1777.0,1720765960163,Results ---------------------------------------------------
1778.0,1720765960163,

1779.0,1720765960163,top1:21.7% top5:43.9% top10:55.8% top20:68.4% mAP:26.6%
1780.0,1720765960163,

1781.0,1720765960163,-----------------------------------------------------------
1782.0,1720765960163,

1783.0,1720765960587,CAT Results ---------------------------------------------------
1784.0,1720765960587,

1785.0,1720765960587,top1:24.4% top5:47.5% top10:59.4% top20:71.8% mAP:29.5%
1786.0,1720765960587,

1787.0,1720765960587,-----------------------------------------------------------
1788.0,1720765960587,

1789.0,1720765960588,Using 0m 0s
1790.0,1720765960588,

1791.0,1720765960588,Classifier results ---------------------------------------------------
1792.0,1720765960588,

1793.0,1720765960588,Query acc: 23.8% Gallery acc: 100.0% Total acc: 54.3%
1794.0,1720765960588,

1795.0,1720765967006,Epoch:111 Time:6.0 Data:0.0 Loss:3.2173 Cls Loss:1.5697 Pair Loss:0.0918 Center Loss:1.5558 KL Loss:338.7320 Recon Loss:0.1834 Acc:0.9965 Acc NCE:0.9992
1796.0,1720765967006,

1797.0,1720765972726,Epoch:112 Time:5.6 Data:0.0 Loss:3.2173 Cls Loss:1.5661 Pair Loss:0.0951 Center Loss:1.5561 KL Loss:338.7446 Recon Loss:0.1833 Acc:0.9965 Acc NCE:0.9992
1798.0,1720765972727,

1799.0,1720765978319,Epoch:113 Time:5.5 Data:0.0 Loss:3.2072 Cls Loss:1.5578 Pair Loss:0.0918 Center Loss:1.5576 KL Loss:338.8095 Recon Loss:0.1833 Acc:0.9965 Acc NCE:0.9992
1800.0,1720765978319,

1801.0,1720765983879,Epoch:114 Time:5.5 Data:0.0 Loss:3.2077 Cls Loss:1.5538 Pair Loss:0.0989 Center Loss:1.5550 KL Loss:338.7638 Recon Loss:0.1833 Acc:0.9962 Acc NCE:0.9990
1802.0,1720765983880,

1803.0,1720765989466,Epoch:115 Time:5.5 Data:0.0 Loss:3.2021 Cls Loss:1.5511 Pair Loss:0.0966 Center Loss:1.5544 KL Loss:338.7960 Recon Loss:0.1833 Acc:0.9962 Acc NCE:0.9992
1804.0,1720765989466,

1805.0,1720765989467,=> Test at epoch 115
1806.0,1720765989468,

1807.0,1720765989468,==========Test with latent_z: z_c =========
1808.0,1720765989468,

1809.0,1720765989468,==========Test with NCE LOSS=========
1810.0,1720765989468,

1811.0,1720765992900,Extracted features for query set, obtained torch.Size([2709, 128]) matrix
1812.0,1720765992900,

1813.0,1720765992900,Extracted features for gallery set, obtained torch.Size([2000, 128]) matrix
1814.0,1720765992900,

1815.0,1720765992900,Extracting features complete in 0m 3s
1816.0,1720765992900,

1817.0,1720765993010,Distance computing in 0m 0s
1818.0,1720765993010,

1819.0,1720765993311,Results ---------------------------------------------------
1820.0,1720765993311,

1821.0,1720765993312,top1:26.7% top5:51.0% top10:62.0% top20:74.0% mAP:32.4%
1822.0,1720765993312,

1823.0,1720765993312,-----------------------------------------------------------
1824.0,1720765993312,

1825.0,1720765993718,CAT Results ---------------------------------------------------
1826.0,1720765993718,

1827.0,1720765993718,top1:25.1% top5:49.2% top10:61.2% top20:72.8% mAP:31.0%
1828.0,1720765993718,

1829.0,1720765993718,-----------------------------------------------------------
1830.0,1720765993718,

1831.0,1720765993719,Using 0m 0s
1832.0,1720765993719,

1833.0,1720765993719,Classifier results ---------------------------------------------------
1834.0,1720765993719,

1835.0,1720765993719,Query acc: 24.1% Gallery acc: 100.0% Total acc: 54.5%
1836.0,1720765993719,

1837.0,1720765993719,Jump TSNE in test
1838.0,1720765993719,

1839.0,1720765993721,==========Test with latent_z: new_z =========
1840.0,1720765993721,

1841.0,1720765993721,==========Test with NCE LOSS=========
1842.0,1720765993721,

1843.0,1720765996900,Extracted features for query set, obtained torch.Size([2709, 192]) matrix
1844.0,1720765996900,

1845.0,1720765996901,Extracted features for gallery set, obtained torch.Size([2000, 192]) matrix
1846.0,1720765996901,

1847.0,1720765996901,Extracting features complete in 0m 3s
1848.0,1720765996901,

1849.0,1720765997010,Distance computing in 0m 0s
1850.0,1720765997010,

1851.0,1720765997321,Results ---------------------------------------------------
1852.0,1720765997321,

1853.0,1720765997321,top1:21.7% top5:43.9% top10:55.8% top20:68.4% mAP:26.6%
1854.0,1720765997321,

1855.0,1720765997321,-----------------------------------------------------------
1856.0,1720765997321,

1857.0,1720765997747,CAT Results ---------------------------------------------------
1858.0,1720765997748,

1859.0,1720765997748,top1:24.5% top5:47.5% top10:59.4% top20:71.7% mAP:29.5%
1860.0,1720765997748,

1861.0,1720765997748,-----------------------------------------------------------
1862.0,1720765997748,

1863.0,1720765997748,Using 0m 0s
1864.0,1720765997748,

1865.0,1720765997748,Classifier results ---------------------------------------------------
1866.0,1720765997748,

1867.0,1720765997748,Query acc: 24.1% Gallery acc: 100.0% Total acc: 54.5%
1868.0,1720765997748,

1869.0,1720766004417,Epoch:116 Time:6.1 Data:0.0 Loss:3.1954 Cls Loss:1.5448 Pair Loss:0.0960 Center Loss:1.5545 KL Loss:338.7913 Recon Loss:0.1833 Acc:0.9965 Acc NCE:0.9995
1870.0,1720766004417,

1871.0,1720766009999,Epoch:117 Time:5.5 Data:0.0 Loss:3.1973 Cls Loss:1.5460 Pair Loss:0.0978 Center Loss:1.5535 KL Loss:338.8636 Recon Loss:0.1833 Acc:0.9962 Acc NCE:0.9992
1872.0,1720766009999,

1873.0,1720766015409,Epoch:118 Time:5.3 Data:0.0 Loss:3.1879 Cls Loss:1.5376 Pair Loss:0.0980 Center Loss:1.5523 KL Loss:339.0513 Recon Loss:0.1834 Acc:0.9967 Acc NCE:0.9990
1874.0,1720766015409,

1875.0,1720766020949,Epoch:119 Time:5.4 Data:0.0 Loss:3.1787 Cls Loss:1.5363 Pair Loss:0.0927 Center Loss:1.5497 KL Loss:338.8070 Recon Loss:0.1833 Acc:0.9965 Acc NCE:0.9995
1876.0,1720766020949,

1877.0,1720766026433,Epoch:120 Time:5.4 Data:0.0 Loss:3.1784 Cls Loss:1.5314 Pair Loss:0.0963 Center Loss:1.5508 KL Loss:338.8905 Recon Loss:0.1833 Acc:0.9967 Acc NCE:0.9992
1878.0,1720766026433,

1879.0,1720766026434,=> Test at epoch 120
1880.0,1720766026434,

1881.0,1720766026435,==========Test with latent_z: z_c =========
1882.0,1720766026435,

1883.0,1720766026435,==========Test with NCE LOSS=========
1884.0,1720766026435,

1885.0,1720766030132,Extracted features for query set, obtained torch.Size([2709, 128]) matrix
1886.0,1720766030132,

1887.0,1720766030132,Extracted features for gallery set, obtained torch.Size([2000, 128]) matrix
1888.0,1720766030132,

1889.0,1720766030132,Extracting features complete in 0m 4s
1890.0,1720766030133,

1891.0,1720766030242,Distance computing in 0m 0s
1892.0,1720766030243,

1893.0,1720766030541,Results ---------------------------------------------------
1894.0,1720766030542,

1895.0,1720766030542,top1:26.4% top5:51.1% top10:62.1% top20:73.9% mAP:32.4%
1896.0,1720766030542,

1897.0,1720766030542,-----------------------------------------------------------
1898.0,1720766030542,

1899.0,1720766030950,CAT Results ---------------------------------------------------
1900.0,1720766030951,

1901.0,1720766030951,top1:25.4% top5:49.4% top10:61.1% top20:72.8% mAP:31.0%
1902.0,1720766030951,

1903.0,1720766030951,-----------------------------------------------------------
1904.0,1720766030951,

1905.0,1720766030951,Using 0m 0s
1906.0,1720766030951,

1907.0,1720766030952,Classifier results ---------------------------------------------------
1908.0,1720766030952,

1909.0,1720766030952,Query acc: 23.8% Gallery acc: 100.0% Total acc: 54.3%
1910.0,1720766030952,

1911.0,1720766030952,Jump TSNE in test
1912.0,1720766030952,

1913.0,1720766030953,==========Test with latent_z: new_z =========
1914.0,1720766030953,

1915.0,1720766030954,==========Test with NCE LOSS=========
1916.0,1720766030954,

1917.0,1720766034029,Extracted features for query set, obtained torch.Size([2709, 192]) matrix
1918.0,1720766034029,

1919.0,1720766034029,Extracted features for gallery set, obtained torch.Size([2000, 192]) matrix
1920.0,1720766034029,

1921.0,1720766034030,Extracting features complete in 0m 3s
1922.0,1720766034030,

1923.0,1720766034145,Distance computing in 0m 0s
1924.0,1720766034145,

1925.0,1720766034446,Results ---------------------------------------------------
1926.0,1720766034446,

1927.0,1720766034446,top1:21.7% top5:43.9% top10:55.8% top20:68.4% mAP:26.6%
1928.0,1720766034447,

1929.0,1720766034447,-----------------------------------------------------------
1930.0,1720766034447,

1931.0,1720766034876,CAT Results ---------------------------------------------------
1932.0,1720766034876,

1933.0,1720766034876,top1:24.4% top5:47.5% top10:59.4% top20:71.7% mAP:29.5%
1934.0,1720766034877,

1935.0,1720766034877,-----------------------------------------------------------
1936.0,1720766034877,

1937.0,1720766034877,Using 0m 0s
1938.0,1720766034877,

1939.0,1720766034877,Classifier results ---------------------------------------------------
1940.0,1720766034877,

1941.0,1720766034877,Query acc: 23.8% Gallery acc: 100.0% Total acc: 54.3%
1942.0,1720766034877,

1943.0,1720766035278,Keep checkpoint file: checkpoint_ep120.pth.tar
1944.0,1720766035278,

1945.0,1720766035361,=> Best Rank-1 26.7%, mAP 32.4% achieved at epoch 115
1946.0,1720766035362,

1947.0,1720766035362,Finished. Total elapsed time (h:m:s): 0:14:51. Training time (h:m:s): 0:11:33.
1948.0,1720766035362,

1949.0,1720766035363,Shutting down background jobs, please wait a moment...
